CPO Name,Govt/Private,State,District,City/Village,Location,Latitude,Longitude,Types of Chargers Installed/ Connector,Charger Rating,Connector Rating,No. of Connector
IOCL,Govt.,Andaman & Nicobar,South Andamans,South Andaman,Iocl Dealer Govind Nagar Swaraj Dweep (Havelock No.2),12.034186,92.992718,Type-II AC,7.4,7.4,1
IOCL,Govt.,Andaman & Nicobar,South Andamans,South Andaman,Iocl Dealer S.No.45/1 Bimblitan Port Blair,11.604053,92.694109,Type-II AC,7.4,7.4,1
IOCL,Govt.,Andaman & Nicobar,South Andamans,South Andaman,Marina Refueling Station Vill-Austinabad Po-Brijgunj Tehsil-Port Blair Dist. South Anda,11.63741,92.73516,LEV AC Charge point,3.3,3.3,1
Tata Power,Private,Andaman & Nicobar,South Andamans,Port Blair,"Gennext Motors , Pahargaon, Ground Floor New, Pahargaon, Port Blair, Andaman And Nicobar Islands 744103",11.630305,92.724835,CCS-II,25.0,25,1
Ather,Private,Andhra Pradesh,Tirupati,Tirupati,"27, 962, Chittoor-Bangalore Rd, Near Tvs Showroom, Ram Nagar Colony, Chittoor, Andhra Pradesh 517001",13.20824,79.091059,LEV DC Charge Point (IS-17017-2-7),3.3,3.3,1
Ather,Private,Andhra Pradesh,Tirupati,Tirupati,"P Kothakota, Chavatapalli, Chittoor, Nh-18A, Chittoor Tirupati Road, Chittoor, Chittoor, Andhra Pradesh 517124",13.395837,79.098628,LEV DC Charge Point (IS-17017-2-7),3.3,3.3,1
Ather,Private,Andhra Pradesh,Tirupati,Tirupati,"F5Hq+Pph, Sh 61, Panapakam, Andhra Pradesh 517112",13.479711,79.189436,LEV DC Charge Point (IS-17017-2-7),3.3,3.3,1
Ather,Private,Andhra Pradesh,Tirupati,Tirupati,"H7Hq+M8M, Chittoor, Andhra Pradesh 517101",13.579204,79.288332,LEV DC Charge Point (IS-17017-2-7),3.3,3.3,1
Ather,Private,Andhra Pradesh,Tirupati,Tirupati,"M, Balaji Nagar, Thondavada Village, Nh-140, Chandragiri, Tirupati, Andhra Pradesh 517505",13.585804,79.333717,LEV DC Charge Point (IS-17017-2-7),3.3,3.3,1
Ather,Private,Andhra Pradesh,Tirupati,Tirupati,"Opp Narayana Junior College, Near Chennai - Anatapur Highway - 517102",13.615353,79.313392,LEV DC Charge Point (IS-17017-2-7),3.3,3.3,1
Ather,Private,Andhra Pradesh,Tirupati,Tirupati,"Hitec Nissan, 714/ 2B Tukivakam, 200 Ft. Chennai, Bangalore Tirupathi Bypass Rd, Tirupati, Andhra Pradesh 517520",13.615964,79.480223,LEV DC Charge Point (IS-17017-2-7),3.3,3.3,1
Ather,Private,Andhra Pradesh,Tirupati,Tirupati,"Anantapur - Tirupati Hwy, Saibaba Colony, Thatithopu, Tirupati, Andhra Pradesh 517101",13.617293,79.371649,LEV DC Charge Point (IS-17017-2-7),3.3,3.3,1
Ather,Private,Andhra Pradesh,Tirupati,Tirupati,"Vedhavyasa Bhavan, Air Bypass Road, Royal Nagar, Tirupati, Andhra Pradesh",13.622645,79.414697,LEV DC Charge Point (IS-17017-2-7),3.3,3.3,1
Ather,Private,Andhra Pradesh,Tirupati,Tirupati,"D No 19/8, 181/E8, Air Bypass Rd, Opposite D Mart, Yadava Colony, Royal Nagar, Tirupati, Andhra Pradesh 517501",13.622753,79.420758,LEV DC Charge Point (IS-17017-2-7),3.3,3.3,1
Ather,Private,Andhra Pradesh,Tirupati,Tirupati,"Kanigiri - Tirupathi Rd, Sv Auto Nagar, Tirupati, Andhra Pradesh",13.629277,79.461988,LEV DC Charge Point (IS-17017-2-7),3.3,3.3,1
Ather,Private,Andhra Pradesh,Tirupati,Tirupati,"Plot No :28 Akkarampalle Main Road, Beside Nandini Bakery, Tirupati, Andhra Pradesh 517501",13.644741,79.437938,LEV DC Charge Point (IS-17017-2-7),3.3,3.3,1
Ather,Private,Andhra Pradesh,Tirupati,Tirupati,"2, Tmb Road, Srinivasa Nagar, Madura Nagar, Tirupati, Andhra Pradesh 517501",13.650289,79.423984,LEV DC Charge Point (IS-17017-2-7),3.3,3.3,1
Ather,Private,Andhra Pradesh,Tirupati,Tirupati,"Pn Rd, Srikalahasti, Andhra Pradesh 517644",13.758817,79.707775,LEV DC Charge Point (IS-17017-2-7),3.3,3.3,1
Ather,Private,Andhra Pradesh,Sri Potti Sriramulu Nellore,Nellore,"Near Honda Show Room, Ground, 8/87-2, Raja Street, Gudur, Spsr Nellore, Andhra Pradesh, 524101.",14.13839,79.86263,LEV DC Charge Point (IS-17017-2-7),3.3,3.3,1
Ather,Private,Andhra Pradesh,Sri Potti Sriramulu Nellore,Nellore,"Bus Stop, Dnt Colony, Grand Trunk Road, Venkata Reddy Nagar, Nellore, Andhra Pradesh 524004",14.405013,79.951682,LEV DC Charge Point (IS-17017-2-7),3.3,3.3,1
Ather,Private,Andhra Pradesh,Sri Potti Sriramulu Nellore,Nellore,"Sportello Presto Restaurant Private Limited Near Sakshi News Paper Survey No 200-1, Nh45, Kondayapalem, Nellore, Andhra Pradesh 524002",14.413488,79.982189,LEV DC Charge Point (IS-17017-2-7),3.3,3.3,1
Ather,Private,Andhra Pradesh,Sri Potti Sriramulu Nellore,Nellore,"Opp. Lic Main Branch, Kondayapalem Gate Main Rd, Near Mgb Felicity Mall, Sujathamma Colony, Dargamitta, Nellore, Andhra Pradesh 524003",14.428871,79.966426,LEV DC Charge Point (IS-17017-2-7),3.3,3.3,1
Ather,Private,Andhra Pradesh,Sri Potti Sriramulu Nellore,Nellore,"Lecturers Colony, Lecturer'S Colony, Magunta Layout, Nellore, Andhra Pradesh 524003",14.435977,79.975689,LEV DC Charge Point (IS-17017-2-7),3.3,3.3,1
Ather,Private,Andhra Pradesh,Sri Potti Sriramulu Nellore,Nellore,"Cxqc+942, Opposite To Reliance Mart, Near Kvr Petrol Bunk, Dargamitta, Nellore, Andhra Pradesh 524003",14.43839,79.970272,LEV DC Charge Point (IS-17017-2-7),3.3,3.3,1
Ather,Private,Andhra Pradesh,Sri Potti Sriramulu Nellore,Nellore,"Cxqx+Qw5, Guntur-Chennai Hwy, Chintareddy Palem, Nellore, Andhra Pradesh 524002",14.439406,79.999846,LEV DC Charge Point (IS-17017-2-7),3.3,3.3,1
Ather,Private,Andhra Pradesh,Sri Potti Sriramulu Nellore,Nellore,"Balaji Nagar Rd, Balaji Nagar, Nellore, Andhra Pradesh 524002",14.450535,79.992435,LEV DC Charge Point (IS-17017-2-7),3.3,3.3,1
Ather,Private,Andhra Pradesh,Guntur,Guntur,"N.R.T Centre, Chilakaluripet, Andhra Pradesh 522616",16.095078,80.165872,LEV DC Charge Point (IS-17017-2-7),3.3,3.3,1
Ather,Private,Andhra Pradesh,Krishna,Vijayawada,"Near, Nh216, Reserve Police Quarters, Machilipatnam, Andhra Pradesh 521001",16.189181,81.139076,LEV DC Charge Point (IS-17017-2-7),3.3,3.3,1
Ather,Private,Andhra Pradesh,Guntur,Guntur,"Sivaram Nagar Post, Chuttagunta, Guntur, Andhra Pradesh 522003",16.291247,80.427374,LEV DC Charge Point (IS-17017-2-7),3.3,3.3,1
Ather,Private,Andhra Pradesh,Guntur,Guntur,"Door No :12-22-8, Kothapet, Guntur, Andhra Pradesh 522001",16.296253,80.449571,LEV DC Charge Point (IS-17017-2-7),3.3,3.3,1
Ather,Private,Andhra Pradesh,Guntur,Guntur,"4Thline, 9Th Cross Rd, Brodipet, Guntur, Andhra Pradesh 522002",16.302581,80.434916,LEV DC Charge Point (IS-17017-2-7),3.3,3.3,1
Ather,Private,Andhra Pradesh,Guntur,Guntur,"Arundelpet, 4Th Ln, Main Road, Guntur, Andhra Pradesh 522002",16.304241,80.443994,LEV DC Charge Point (IS-17017-2-7),3.3,3.3,1
Ather,Private,Andhra Pradesh,Guntur,Guntur,"Door No :15-11-150, Beside Mediline Hospital, Near Padmaja Petrol Bunk
Mangalagiri Road, Guntur - Vijayawada Hwy, Sitaram Nagar, Guntur, Andhra Pradesh 522001",16.304814,80.461698,LEV DC Charge Point (IS-17017-2-7),3.3,3.3,1
Ather,Private,Andhra Pradesh,Guntur,Guntur,"1St Line, Navabharath Nagar, Guntur, Andhra Pradesh 522006",16.31882,80.421427,LEV DC Charge Point (IS-17017-2-7),3.3,3.3,1
Ather,Private,Andhra Pradesh,Guntur,Guntur,"D.No 133-21 & 133-21/A 11-237/3A  Gorantla, Guntur, Gorlavaripalem Guntur,  Andhra Pradesh 522034.",16.329035,80.438296,LEV DC Charge Point (IS-17017-2-7),3.3,3.3,1
Ather,Private,Andhra Pradesh,Guntur,Guntur,"Kaza Toll Plaza National Highway 16, Kaza, Village, Guntur, Andhra Pradesh 522508",16.388414,80.535797,LEV DC Charge Point (IS-17017-2-7),3.3,3.3,1
Ather,Private,Andhra Pradesh,Krishna,Vijayawada,"Koganti Rajabapaih Cho2K, Gudivada, Andhra Pradesh 521301",16.433838,80.993187,LEV DC Charge Point (IS-17017-2-7),3.3,3.3,1
Ather,Private,Andhra Pradesh,Krishna,Vijayawada,"New Bypas Road, Near Kkr Gowtham School, Gudivada, Andhra Pradesh 521301",16.4381,81.006835,LEV DC Charge Point (IS-17017-2-7),3.3,3.3,1
Ather,Private,Andhra Pradesh,Krishna,Vijayawada,"5/5, Beside Chaitanya Junior College, Bandar Road, Ganguru, Penamaluru, Andhra Pradesh 521139",16.467236,80.728576,LEV DC Charge Point (IS-17017-2-7),3.3,3.3,1
Ather,Private,Andhra Pradesh,Krishna,Vijayawada,"Nh 16 Service Rd, Kunchanapalli, Andhra Pradesh 522501",16.469519,80.615045,LEV DC Charge Point (IS-17017-2-7),3.3,3.3,1
Ather,Private,Andhra Pradesh,Krishna,Vijayawada,"Chowdary Pet Rd, Padmaja Nagar, Ayyappa Nagar, Vijayawada, Andhra Pradesh 520007",16.485202,80.682627,LEV DC Charge Point (IS-17017-2-7),3.3,3.3,1
Ather,Private,Andhra Pradesh,Krishna,Vijayawada,"Kp Nagar Main Rd, Gurunanak Nagar, K P Nagar, Benz Circle, Vijayawada, Andhra Pradesh",16.500726,80.657429,LEV DC Charge Point (IS-17017-2-7),3.3,3.3,1
Ather,Private,Andhra Pradesh,Krishna,Vijayawada,"40-5-8, Tikkle Rd, Venkateswara Puram, Sidhartha Nagar, Labbipet, Vijayawada, Andhra Pradesh 520010",16.500783,80.64846,LEV DC Charge Point (IS-17017-2-7),3.3,3.3,1
Ather,Private,Andhra Pradesh,Krishna,Vijayawada,"40- 07-22, Jammi Chettu St, Mogalrajapuram, Labbipet, Vijayawada, Andhra Pradesh 520010",16.504645,80.643785,LEV DC Charge Point (IS-17017-2-7),3.3,3.3,1
Ather,Private,Andhra Pradesh,Krishna,Vijayawada,"Padmavathi Ghat, Krishnalanka, Vijayawada, Andhra Pradesh 520013",16.506758,80.615828,LEV DC Charge Point (IS-17017-2-7),3.3,3.3,1
Ather,Private,Andhra Pradesh,Krishna,Vijayawada,"D.No. 27-16-104, Besant Road Entrance Opp: Raghavaiah Park, Bunder Rd, Vijayawada, Andhra Pradesh 520002",16.508521,80.625938,LEV DC Charge Point (IS-17017-2-7),3.3,3.3,1
Ather,Private,Andhra Pradesh,Krishna,Vijayawada,"Ward No.2 Brts Road, Beside Model Dairy Outlet, Divine Nagar, Machavaram, Vijayawada, Andhra Pradesh 520004",16.524532,80.656119,LEV DC Charge Point (IS-17017-2-7),3.3,3.3,1
Ather,Private,Andhra Pradesh,Krishna,Vijayawada,"Beside Vijayawada Airport, Nh5, Durgapuram Kesarapalli, Village, Gannavaram, Andhra Pradesh 521101",16.532584,80.792134,LEV DC Charge Point (IS-17017-2-7),3.3,3.3,1
Ather,Private,Andhra Pradesh,Krishna,Vijayawada,"Mailurai Center, Beside National Highway 65, Near Mile Stone,
Venkateswara Nagar, Mahendra Nagar, Gollapudi, Vijayawada, Andhra Pradesh 521225",16.539605,80.582926,LEV DC Charge Point (IS-17017-2-7),3.3,3.3,1
Ather,Private,Andhra Pradesh,West Godavari,Bhimavaram,"Ggv8+Qq3, Abhiruchi Building, Juvvalapalem Rd, Hamsameda, Bhimavaram, Andhra Pradesh 534202",16.544476,81.516966,LEV DC Charge Point (IS-17017-2-7),3.3,3.3,1
Ather,Private,Andhra Pradesh,West Godavari,Bhimavaram,"Rk Complex, Undi Rd, Narasimhapuram, Bhimavaram, Andhra Pradesh 534202",16.553485,81.509125,LEV DC Charge Point (IS-17017-2-7),3.3,3.3,1
Ather,Private,Andhra Pradesh,Krishna,Vijayawada,"Nh 65, Near Hp Petrol Bunk, Ibrahimpatnam Vijayawada, Vijayawada, Andhra Pradesh 521456",16.578756,80.5284,LEV DC Charge Point (IS-17017-2-7),3.3,3.3,1
Ather,Private,Andhra Pradesh,Krishna,Vijayawada,"Dr. Prabhavathi Hospital Road, Near Venkatrao Pet Postoffice, Eluru, Andhra Pradesh 534001",16.712249,81.102931,LEV DC Charge Point (IS-17017-2-7),3.3,3.3,1
Ather,Private,Andhra Pradesh,Visakhapatnam,Rajahmundry,"16-5-7, Nalla Krishna Veni Colony, Undrajavaram-Velagadurru Road, Opp. Sfs High School, Ngo'S Colony, Palangi, Tanuku, Andhra Pradesh 534211",16.760265,81.694515,LEV DC Charge Point (IS-17017-2-7),3.3,3.3,1
Ather,Private,Andhra Pradesh,Visakhapatnam,Rajahmundry,"Door No:- 2-16-17 Jubliee Road Bank Of Baroda Building, Near Railway Station, Tadepalligudem, Andhra Pradesh 534101",16.813227,81.527013,LEV DC Charge Point (IS-17017-2-7),3.3,3.3,1
Ather,Private,Andhra Pradesh,Kakinada,Kakinada,"Beside Lalitha Jewellery, Balaji Cheruvu Center, Kakinada, Andhra Pradesh 533001",16.95245,82.232389,LEV DC Charge Point (IS-17017-2-7),3.3,3.3,1
Ather,Private,Andhra Pradesh,Kakinada,Kakinada,"Beside Bashyam School, Shanti Nagar, Kakinada, Andhra Pradesh 533003",16.968347,82.245258,LEV DC Charge Point (IS-17017-2-7),3.3,3.3,1
Ather,Private,Andhra Pradesh,Kakinada,Kakinada,"Sarpavaram Junction, Dist, Ramnyyapeta, Bank Colony, Kakinada, Andhra Pradesh 533005",16.995111,82.239742,LEV DC Charge Point (IS-17017-2-7),3.3,3.3,1
Ather,Private,Andhra Pradesh,Visakhapatnam,Rajahmundry,"Opp. Manikanta Book Centre, Innespeta, Rajamahendravaram, Andhra Pradesh 533101",16.997215,81.773444,LEV DC Charge Point (IS-17017-2-7),3.3,3.3,1
Ather,Private,Andhra Pradesh,Visakhapatnam,Rajahmundry,"Xqwx+Vpc, Aditya Nagar, Rajamahendravaram, Andhra Pradesh 533106",16.997432,81.799289,LEV DC Charge Point (IS-17017-2-7),3.3,3.3,1
Ather,Private,Andhra Pradesh,Visakhapatnam,Rajahmundry,"86-07-16/1, Ground Floor, Tilak Rd, Beside Sai Baba Temple, Vadrevu Nagar, Rajamahendravaram, Andhra Pradesh 533103",17.00443,81.79517,LEV DC Charge Point (IS-17017-2-7),3.3,3.3,1
Ather,Private,Andhra Pradesh,Visakhapatnam,Rajahmundry,"Y Junction Park, Beside Hp Petrol Bunk Jampeta Road, Kambala Peta, Rajamahendravaram, Andhra Pradesh 533101",17.011674,81.781742,LEV DC Charge Point (IS-17017-2-7),3.3,3.3,1
Ather,Private,Andhra Pradesh,Kakinada,Kakinada,"Carnival Street, Below Viveka Junior College, Tuni, Andhra Pradesh 533401",17.358069,82.54655,LEV DC Charge Point (IS-17017-2-7),3.3,3.3,1
Ather,Private,Andhra Pradesh,Visakhapatnam,Visakhapatnam,"31-2-4/5, Nh16, Opp. All India Radio Station, Kurmannapalem, Visakhapatnam, Andhra Pradesh",17.685143,83.157866,LEV DC Charge Point (IS-17017-2-7),3.3,3.3,1
Ather,Private,Andhra Pradesh,Visakhapatnam,Visakhapatnam,"8-8-36, Gnt Rd, Medical Center, Gajuwaka, Visakhapatnam, Andhra Pradesh",17.686181,83.206529,LEV DC Charge Point (IS-17017-2-7),3.3,3.3,1
Ather,Private,Andhra Pradesh,Visakhapatnam,Visakhapatnam,"Lankelapalem, Andhra Pradesh 531021",17.687771,83.089789,LEV DC Charge Point (IS-17017-2-7),3.3,3.3,1
Ather,Private,Andhra Pradesh,Visakhapatnam,Visakhapatnam,"S.No.1627/3B1, Jalagalamadhum Junction, Anakapalle, Sh 155, Sankaram, Andhra Pradesh 531001",17.689074,83.028522,LEV DC Charge Point (IS-17017-2-7),3.3,3.3,1
Ather,Private,Andhra Pradesh,Visakhapatnam,Visakhapatnam,"Flat 101,102,103 Kbc Appartments, Block A, Duvvada Railway Station Rd, Near Icici Bank, Kurmannapalem, Andhra Pradesh 530046",17.696216,83.164278,LEV DC Charge Point (IS-17017-2-7),3.3,3.3,1
Ather,Private,Andhra Pradesh,Visakhapatnam,Visakhapatnam,"28-2-48, Suryabagh, Jagadamba Junction, Visakhapatnam, Andhra Pradesh 530020",17.710993,83.300527,LEV DC Charge Point (IS-17017-2-7),3.3,3.3,1
Ather,Private,Andhra Pradesh,Visakhapatnam,Visakhapatnam,"7-5-182, Dr Ntr Beach Rd, Beside Aqua Sports Complex, Pandurangapuram, Visakhapatnam, Andhra Pradesh 530003",17.716122,83.324945,LEV DC Charge Point (IS-17017-2-7),3.3,3.3,1
Ather,Private,Andhra Pradesh,Visakhapatnam,Visakhapatnam,"Shop No. 8, 6-16, Chinna Waltair Main Rd, Chinna Waltair, Pedda Waltair, Visakhapatnam, Andhra Pradesh 530017",17.724712,83.333038,LEV DC Charge Point (IS-17017-2-7),3.3,3.3,1
Ather,Private,Andhra Pradesh,Visakhapatnam,Visakhapatnam,"Railway New Colony Rd, Sri Siddi Enclave, Railway New Colony, Visakhapatnam, Andhra Pradesh",17.727627,83.295731,LEV DC Charge Point (IS-17017-2-7),3.3,3.3,1
Ather,Private,Andhra Pradesh,Visakhapatnam,Visakhapatnam,"Kakatiya Cultural Society, 52-9-3/1, Below Sony Service Center, Opposit,
Landmark:, Near Cmr Central, Resapuvanipalem, Maddilapalem, Visakhapatnam, Andhra Pradesh 530013",17.734162,83.316165,LEV DC Charge Point (IS-17017-2-7),3.3,3.3,1
Ather,Private,Andhra Pradesh,Visakhapatnam,Visakhapatnam,"49-34-11, Abid Nagar, Main Rd, Near Andhra Bank, Akkayyapalem, Visakhapatnam, Andhra Pradesh 530012",17.738476,83.300133,LEV DC Charge Point (IS-17017-2-7),3.3,3.3,1
Ather,Private,Andhra Pradesh,Visakhapatnam,Visakhapatnam,"50-49-43/A, Tpt Colony, Balayya Sastri Layout, Seethammadara, Visakhapatnam, Andhra Pradesh 530013",17.740704,83.311686,LEV DC Charge Point (IS-17017-2-7),3.3,3.3,1
Ather,Private,Andhra Pradesh,Visakhapatnam,Visakhapatnam,"P6Wh+7Xg, Near Siyalam,Back Side Of, Nad Junction, Buchirajupalem, Nstl, Visakhapatnam, Andhra Pradesh 530027",17.745741,83.229978,LEV DC Charge Point (IS-17017-2-7),3.3,3.3,1
Ather,Private,Andhra Pradesh,Visakhapatnam,Visakhapatnam,"39-27-15, Appayya Nagar, Punjab Hotel Junction, Vuda Colony, Kalinganagar, Madhavadhara, Visakhapatnam, Andhra Pradesh 530018",17.747145,83.250223,LEV DC Charge Point (IS-17017-2-7),3.3,3.3,1
Ather,Private,Andhra Pradesh,Visakhapatnam,Visakhapatnam,"Musalayyapalem, Sagar Nagar, Visakhapatnam, Andhra Pradesh 530045",17.766767,83.362976,LEV DC Charge Point (IS-17017-2-7),3.3,3.3,1
Ather,Private,Andhra Pradesh,Visakhapatnam,Visakhapatnam,"5-52 Beside Exhibition Ground, Pendurthi-Nad Brts Express Way, Krishnarayapuram, Vepagunta, Visakhapatnam, Andhra Pradesh 530047",17.781581,83.215468,LEV DC Charge Point (IS-17017-2-7),3.3,3.3,1
Ather,Private,Andhra Pradesh,Visakhapatnam,Visakhapatnam,"Vuda 100 Road, Survey No 1, Yendada-Madhurawada,
Yendada-Madhurawada, Rushikonda, Visakhapatnam, Andhra Pradesh 530045",17.788201,83.367486,LEV DC Charge Point (IS-17017-2-7),3.3,3.3,1
Ather,Private,Andhra Pradesh,Visakhapatnam,Visakhapatnam,"Brts Rd, A Zone, Sujatha Nagar, Pendurthi, Visakhapatnam, Andhra Pradesh",17.799256,83.210797,LEV DC Charge Point (IS-17017-2-7),3.3,3.3,1
Ather,Private,Andhra Pradesh,Visakhapatnam,Visakhapatnam,"Area 51− The Café Hideout, Hill View Conventions, It Sez,Hill No.2 Plot−F,On The Way To Mouri Tech, Andhra Pradesh",17.80835,83.388801,LEV DC Charge Point (IS-17017-2-7),3.3,3.3,1
Ather,Private,Andhra Pradesh,Visakhapatnam,Visakhapatnam,"Road No Sd - 8, Opt Cmr Gardens, Nh 16, Kommadi, Madhurawada, Visakhapatnam, Andhra Pradesh 530048",17.828426,83.358484,LEV DC Charge Point (IS-17017-2-7),3.3,3.3,1
Ather,Private,Andhra Pradesh,Visakhapatnam,Visakhapatnam,"Anandapuram Junction Bus Stop, Nh16, Visakhapatnam, Andhra Pradesh 531163",17.899058,83.38611,LEV DC Charge Point (IS-17017-2-7),3.3,3.3,1
Ather,Private,Andhra Pradesh,Visakhapatnam,Visakhapatnam,"39Jp+24W, Nh26, Vt Agraharam, Vizianagaram, Andhra Pradesh 535005",18.080144,83.385351,LEV DC Charge Point (IS-17017-2-7),3.3,3.3,1
Ather,Private,Andhra Pradesh,Visakhapatnam,Visakhapatnam,"Door No:8-6-82 Gorlevari Street, Srikakulam, Dhavala Colony, Ranasthali, New Colony, Srikakulam, Andhra Pradesh 532001",18.295429,83.897328,LEV DC Charge Point (IS-17017-2-7),3.3,3.3,1
Ather,Private,Andhra Pradesh,Visakhapatnam,Visakhapatnam,"Patrunivalasa Rural, Andhra Pradesh 532001, India",18.308178,83.91681,LEV DC Charge Point (IS-17017-2-7),3.3,3.3,1
Ather,Private,Andhra Pradesh,Visakhapatnam,Visakhapatnam,"Near R.T.C Complex Araku Valley, Visakhapatnam, Andhra Pradesh 531149",18.322594,82.877652,LEV DC Charge Point (IS-17017-2-7),3.3,3.3,1
Ather,Private,Andhra Pradesh,Visakhapatnam,Visakhapatnam,"Araku Valley, Andhra Pradesh 531151",18.337204,82.877926,LEV DC Charge Point (IS-17017-2-7),3.3,3.3,1
HPCL,Govt.,Andhra Pradesh,Prakasam,Prakasam,Throvagunta,15.535921,80.049446,CCS-II,30.0,30,1
HPCL,Govt.,Andhra Pradesh,Guntur,Parastyalluru,"113 Talluru, Guntur District",16.314509,80.234502,Bharat AC-001,3.3,3.3,1
HPCL,Govt.,Andhra Pradesh,Prakasam,Prakasam,Addanki,15.820702,79.97308,Type-II AC,7.0,7,1
HPCL,Govt.,Andhra Pradesh,Guntur,Vipparla,Adhoc Sri Padmavathi Fs Vipparla,16.328891,79.946005,Type-II AC,7.4,7.4,1
HPCL,Govt.,Andhra Pradesh,East Godavari,East Godavari,Amalapuram,16.54,81.985655,Type-II AC,7.0,7,1
HPCL,Govt.,Andhra Pradesh,Tirupati,Tirupati,Andhra Pradesh,13.67531,79.353716,CCS-II,60.0,60,1
HPCL,Govt.,Andhra Pradesh,Guntur,Makkapeta,Anna Filling Station Makkapeta,16.928545,80.200722,Type-II AC,7.4,7.4,1
HPCL,Govt.,Andhra Pradesh,Chittoor,Chittoor,Aragonda,13.210049,78.91759,Bharat AC-001,3.0,3,1
HPCL,Govt.,Andhra Pradesh,Sri Potti Sriramulu Nellore,Nandyal,Atmakur,15.881666,78.66085,Type-II AC,7.0,7,1
HPCL,Govt.,Andhra Pradesh,Y.S.R Kadapa,Proddutur,B M M Filling Station Proddutur,14.738012,78.547984,Type-II AC,7.4,7.4,1
HPCL,Govt.,Andhra Pradesh,Y.S.R Kadapa,Sri Potti Sriramulu Nellore,B.V.Nagar,14.437647,79.99124,Type-II AC,7.0,7,1
HPCL,Govt.,Andhra Pradesh,Y.S.R Kadapa,Ananthapuramu,Bandamedapally,14.283,77.0091,Type-II AC,7.0,7,1
HPCL,Govt.,Andhra Pradesh,Y.S.R Kadapa,Nandyal,Bandi Atmakur,15.579996,78.528245,Type-II AC,7.0,7,1
HPCL,Govt.,Andhra Pradesh,Ananthapuramu,Ananthapuramu,Battuvanipalli,14.506871,77.201487,Type-II AC,7.0,7,1
HPCL,Govt.,Andhra Pradesh,Anakapalli,Anakapalli,Bayyavaram,17.656719,82.93227,CCS-II,30.0,30,1
HPCL,Govt.,Andhra Pradesh,Ananthapuramu,Ananthapuramu,Beluguppa,14.715614,77.132404,Type-II AC,7.0,7,1
HPCL,Govt.,Andhra Pradesh,West Godavari,West Godavari,Bhimavaram,16.531248,81.538995,Type-II AC,7.0,7,1
HPCL,Govt.,Andhra Pradesh,Eluru,Eluru,Borrampalem T Narsapuram (Md),17.088361,81.191042,Type-II AC,7.0,7,1
HPCL,Govt.,Andhra Pradesh,Sri Sathya Sai,Sri Sathya Sai,C.K.Pally,14.27237,77.61578,CCS-II,60.0,60,1
HPCL,Govt.,Andhra Pradesh,Chittoor,Chittoor,Chandragiri,13.578842,79.311173,CCS-II,30.0,30,1
HPCL,Govt.,Andhra Pradesh,East Godavari,East Godavari,Chebrolu,17.1,82.304024,Type-II AC,7.0,7,1
HPCL,Govt.,Andhra Pradesh,Kurnool,Kurnool,Chippagiri,15.220178,77.321892,Type-II AC,7.0,7,1
HPCL,Govt.,Andhra Pradesh,West Godavari,Nidadavolu,Coastal Filling Station Nidadavolu,16.925773,81.673478,Type-II AC,7.4,7.4,1
HPCL,Govt.,Andhra Pradesh,Palnadu,Palnadu,Dharnikotha,16.54569,80.36057,Type-II AC,7.0,7,1
HPCL,Govt.,Andhra Pradesh,Anakapalli,Anakapalli,"Future Petroleum, Peda Boddepalli Peda Boddepalli",17.649236,82.631617,Bharat AC-001,3.3,3.3,1
HPCL,Govt.,Andhra Pradesh,Kurnool,Nandyal,G P Venkata Swamy Nandyal,15.486503,78.476252,Type-II AC,7.4,7.4,1
HPCL,Govt.,Andhra Pradesh,Prakasam,Prakasam,Garladinne,15.663359,79.404398,Type-II AC,7.0,7,1
HPCL,Govt.,Andhra Pradesh,Krishna,Krishna,Gosala,16.4444,80.7529,CCS-II,30.0,30,1
HPCL,Govt.,Andhra Pradesh,Sri Potti Sriramulu Nellore,Sri Potti Sriramulu Nellore,Gowravaram,14.807852,79.995006,CCS-II,30.0,30,1
HPCL,Govt.,Andhra Pradesh,Kurnool,Kurnool,Gulyam,15.348932,77.087162,Type-II AC,7.0,7,1
HPCL,Govt.,Andhra Pradesh,Srikakulam,Srikakulam,Gunalapadu,18.651916,84.36682,Type-II AC,7.0,7,1
HPCL,Govt.,Andhra Pradesh,Ananthapuramu,Ananthapuramu,Guntakal,15.184945,77.381876,Type-II AC,7.0,7,1
HPCL,Govt.,Andhra Pradesh,Ananthapuramu,Palasamudram,Gvr Quality Fuels Palasamudram,13.975367,77.673407,Type-II AC,7.4,7.4,1
HPCL,Govt.,Andhra Pradesh,Guntur,Manchala,Hari Hara Petro Products Manchala,16.162342,80.537871,Type-II AC,7.4,7.4,1
HPCL,Govt.,Andhra Pradesh,Vizianagaram,Vizianagaram,Hiramandalam,18.69,83.948735,Type-II AC,7.0,7,1
HPCL,Govt.,Andhra Pradesh,Kurnool,Banaganapalli,Hp Ap Prisons Fuel Station Bgp Banaganapalli,15.319383,78.223144,Type-II AC,7.4,7.4,1
HPCL,Govt.,Andhra Pradesh,Ananthapuramu,Dharmavaram,"Hp Ap Prisons Fuel Station, Dharmavaram Dharmavaram",14.411522,77.717774,Type-II AC,7.4,7.4,1
HPCL,Govt.,Andhra Pradesh,Visakhapatnam,Visakhapatnam,"Hsd Millennium, Siripuram Junction Visakhapatnam",17.72054,83.32041,Bharat AC-001,3.3,3.3,1
HPCL,Govt.,Andhra Pradesh,Ananthapuramu,Penukonda,Jagadeesh Shai Filling Station Penukonda,14.162506,77.611993,Type-II AC,7.4,7.4,1
HPCL,Govt.,Andhra Pradesh,Sri Sathya Sai,Vengalampally,K.V. Seshaiah Setty Fuels Vengalampally,15.255078,77.754887,Type-II AC,7.4,7.4,1
HPCL,Govt.,Andhra Pradesh,Ananthapuramu,Ananthapuramu,Kalluru,14.823732,77.576448,CCS-II,60.0,60,1
HPCL,Govt.,Andhra Pradesh,Y.S.R Kadapa,Y.S.R.,Kamalapuram,14.589115,78.664898,Type-II AC,7.0,7,1
HPCL,Govt.,Andhra Pradesh,Y.S.R Kadapa,Chittoor,Kammarayanimitta,13.185471,79.0623,Type-II AC,7.0,7,1
HPCL,Govt.,Andhra Pradesh,Y.S.R Kadapa,Ananthapuramu,Karidikonda,15.164991,77.63349,CCS-II,30.0,30,1
HPCL,Govt.,Andhra Pradesh,Y.S.R Kadapa,Hindupur,Kc Mani & Sons Hindupur,13.833915,77.494212,Type-II AC,7.4,7.4,1
HPCL,Govt.,Andhra Pradesh,Kurnool,Kurnool,Kodumur,15.688791,77.77681,Type-II AC,7.0,7,1
HPCL,Govt.,Andhra Pradesh,Sri Potti Sriramulu Nellore,Sri Potti Sriramulu Nellore,Kovvur,14.803349,79.56646,CCS-II,30.0,30,1
HPCL,Govt.,Andhra Pradesh,Kurnool,Kurnool,Kurnool,15.833836,78.047529,Type-II AC,7.0,7,1
HPCL,Govt.,Andhra Pradesh,Ananthapuramu,Kadapa,"M G Brothers, Anantapur Anantapur",14.686952,77.583802,Type-II AC,7.4,7.4,1
HPCL,Govt.,Andhra Pradesh,Visakhapatnam,Rajahmundry,"M/Svisakha Filling Station, Mamidivada Mamidivada",17.528307,82.898012,Bharat AC-001,3.3,3.3,1
HPCL,Govt.,Andhra Pradesh,Kurnool,Kurnool,Mg Brothers-I Kurnool,15.828536,78.034747,Type-II AC,7.4,7.4,1
HPCL,Govt.,Andhra Pradesh,West Godavari,Dormamidi,Ms Hsd Komaram Arjunudu Filling Station Dormamidi / West Godavari District,17.273317,81.327861,Bharat AC-001,3.3,3.3,1
HPCL,Govt.,Andhra Pradesh,Prakasam,Podili,Ms/Hsd Chaitanya Petroleum Podili,15.597366,79.650261,Type-II AC,7.4,7.4,1
HPCL,Govt.,Andhra Pradesh,Prakasam,Konki,Ms/Hsd Chittem Jagannath Petroleums Konki Konanki Village,15.92911,80.077856,Type-II AC,7.4,7.4,1
HPCL,Govt.,Andhra Pradesh,Prakasam,Alluru,Ms/Hsd Kankanala Filling Station Alluru Bus Stop,15.443424,80.126495,Type-II AC,7.4,7.4,1
HPCL,Govt.,Andhra Pradesh,Prakasam,Gonugunta,Ms/Hsd Lalitha Filling Station Gonugunta,15.544933,79.862044,Bharat AC-001,3.3,3.3,1
HPCL,Govt.,Andhra Pradesh,Prakasam,Komarolu,Ms/Hsd Lalitha Petroleum Komarolu,15.271943,79.000146,Type-II AC,7.4,7.4,1
HPCL,Govt.,Andhra Pradesh,Chittoor,Bangarupalem,"Ms/Hsd Lucas & Co.,Nalagampalli Nalagampalli",13.201659,78.954668,Type-II AC,7.4,7.4,1
HPCL,Govt.,Andhra Pradesh,Prakasam,Kandulapuram,"Ms/Hsd Matha Petroleums, Kandulapuram",15.603385,79.133764,Bharat AC-001,3.3,3.3,1
HPCL,Govt.,Andhra Pradesh,Prakasam,Ongole,Ms/Hsd Muthyala Filing Station Ongole Ongole,15.523122,80.046007,Bharat AC-001,3.3,3.3,1
HPCL,Govt.,Andhra Pradesh,Prakasam,Mynampadu,Ms/Hsd Shourya Teja Oil Filling Station Mynampadu,15.567977,79.954581,Bharat AC-001,3.3,3.3,1
HPCL,Govt.,Andhra Pradesh,Chittoor,Thavanampalle,Ms/Hsd Sri Naga Narasimha Bharathi Fuels Aragonda,13.210049,78.91759,Bharat AC-001,3.3,3.3,1
HPCL,Govt.,Andhra Pradesh,Prakasam,Korisapadu,Ms/Hsd Sri Savitri Service Station Korisa Korisapadu,15.719488,80.01274,Type-II AC,7.4,7.4,1
HPCL,Govt.,Andhra Pradesh,Prakasam,Renangivaram,Ms/Hsd Victory Petroleums Renangivaram Village,15.804819,80.039757,Bharat AC-001,3.3,3.3,1
HPCL,Govt.,Andhra Pradesh,Chittoor,Varadaiahpalem,Ms/Hsd Vinayaka Petrol Pump Varadayyapalem,13.604918,79.950862,Type-II AC,7.4,7.4,1
HPCL,Govt.,Andhra Pradesh,Guntur,Ananthavaram,Ms/Hsd Vyshnavi &Co Ananthavaram Village,15.339539,80.073355,Bharat AC-001,3.3,3.3,1
HPCL,Govt.,Andhra Pradesh,Prakasam,Addanki,"Mshsd Adhoc-A.N. Rani Petroleums Ckpalli Ckpalli, Addanki",15.914829,79.952871,Type-II AC,7.4,7.4,1
HPCL,Govt.,Andhra Pradesh,Sri Potti Sriramulu Nellore,Duvvuru,Mshsd Chaitanya Rakesh Filling Station    Duvvuru,14.547955,79.850714,Type-II AC,7.4,7.4,1
HPCL,Govt.,Andhra Pradesh,Guntur,Kondayapalem,Mshsd Coco Kondayapalem Kondayapalem / Guntur District,16.192523,79.817251,Bharat AC-001,3.3,3.3,1
HPCL,Govt.,Andhra Pradesh,Guntur,Adavuladeevi,Mshsd Dhiya Filling Station              Adavuladeevi   / Guntur District,15.900869,80.771014,Bharat AC-001,3.3,3.3,1
HPCL,Govt.,Andhra Pradesh,Guntur,Chinakakani,Mshsd Kalyani Filling Station           Chinakakani  / Guntur District,16.414319,80.560096,Type-II AC,7.4,7.4,1
HPCL,Govt.,Andhra Pradesh,Guntur,Savalyapuram,Mshsd Mpr Oil Filling                   Savalyapuram  / Guntur District,16.110043,79.822564,Type-II AC,7.4,7.4,1
HPCL,Govt.,Andhra Pradesh,East Godavari,Rajahmundry (Urban),"Mshsd Prakash Filling Station, Palivela Palivela",16.689823,81.896501,Bharat AC-001,3.3,3.3,1
HPCL,Govt.,Andhra Pradesh,Prakasam,Edara,Mshsd R R Petroleums-Edara Edara,15.911951,79.818024,Bharat AC-001,3.3,3.3,1
HPCL,Govt.,Andhra Pradesh,East Godavari,Rajahmundry (Urban),"Mshsd Sree Kovvuri Sesha Ratnam Fuels, St Rajapuram St Rajapuram",16.415072,81.603277,Bharat AC-001,3.3,3.3,1
HPCL,Govt.,Andhra Pradesh,East Godavari,Rajahmundry (Urban),Mshsd Sri Radha Petro Fill Vedireswaram,16.747273,81.851585,Type-II AC,7.4,7.4,1
HPCL,Govt.,Andhra Pradesh,Krishna,Allapadu,Mshsd Sri Raja Rajeswari Srinivasa Petro Allapadu / Krishna District,16.583031,81.320432,Bharat AC-001,3.3,3.3,1
HPCL,Govt.,Andhra Pradesh,Guntur,Arumbaka,Mshsd Sri Sai Hariharan Filling Station Arumbaka / Guntur District,16.036901,80.664229,Type-II AC,7.4,7.4,1
HPCL,Govt.,Andhra Pradesh,East Godavari,Rajahmundry (Urban),Mshsd Svln Enterprises                   Peddapuram Town,17.081478,82.135937,Bharat AC-001,3.3,3.3,1
HPCL,Govt.,Andhra Pradesh,Sri Sathya Sai,Sri Sathya Sai,Mudigubba,14.350252,77.991383,CCS-II,30.0,30,1
HPCL,Govt.,Andhra Pradesh,Prakasam,Prakasam,Mukthinutalapadu Village,15.526912,80.047375,Type-II AC,7.0,7,1
HPCL,Govt.,Andhra Pradesh,West Godavari,Mogalturu,Mutyalamma Thali Fs Mogalturu,16.415072,81.603277,Type-II AC,7.4,7.4,1
HPCL,Govt.,Andhra Pradesh,Chittoor,Chittoor,Nagari,13.322188,79.98313,Type-II AC,7.0,7,1
HPCL,Govt.,Andhra Pradesh,Chittoor,Chittoor,Nalagampalli,13.201659,78.954668,CCS-II,30.0,30,1
HPCL,Govt.,Andhra Pradesh,Ananthapuramu,Tadpatri,Ogeti Nagarangaiah Tadipatri,14.909407,77.9856,Type-II AC,7.4,7.4,1
HPCL,Govt.,Andhra Pradesh,Visakhapatnam,Visakhapatnam,Old Gosala,17.771166,83.23533,CCS-II,30.0,30,1
HPCL,Govt.,Andhra Pradesh,Kurnool,Kurnool,Pattikonda,15.386283,77.510897,Type-II AC,7.0,7,1
HPCL,Govt.,Andhra Pradesh,Guntur,Guntur,Pedaravuru,16.227605,80.661326,Type-II AC,7.0,7,1
HPCL,Govt.,Andhra Pradesh,Kurnool,Kurnool,Peddatekur,15.730421,77.99605,CCS-II,30.0,30,1
HPCL,Govt.,Andhra Pradesh,Sri Sathya Sai,Sri Sathya Sai,Penukonda,14.112437,77.597923,Type-II AC,7.0,7,1
HPCL,Govt.,Andhra Pradesh,Krishna,Police Welfare,Police Welfare Machilipatnam,16.192881,81.143082,Type-II AC,7.4,7.4,1
HPCL,Govt.,Andhra Pradesh,Sri Potti Sriramulu Nellore,Nandyal,R Krishnapuram,15.09159,78.589121,Type-II AC,7.0,7,1
HPCL,Govt.,Andhra Pradesh,Eluru,Eluru,Rajunagulapalli,16.925209,81.107696,Bharat AC-001,3.0,3,1
HPCL,Govt.,Andhra Pradesh,Kurnool,Kallur,Ram Filling Station Kallur,14.921522,77.590417,Type-II AC,7.4,7.4,1
HPCL,Govt.,Andhra Pradesh,Ananthapuramu,Ananthapuramu,Raptadu,14.615992,77.600427,CCS-II,30.0,30,1
HPCL,Govt.,Andhra Pradesh,Dr. B.R. Ambedkar Konaseema,Dr. B.R. Ambedkar Konaseema,Ravulapalem,16.738069,81.834844,CCS-II,30.0,30,1
HPCL,Govt.,Andhra Pradesh,Y.S.R Kadapa,Kamalapuram,Renati Filling Station Kamalapuram,14.595855,78.66988,Type-II AC,7.4,7.4,1
HPCL,Govt.,Andhra Pradesh,Y.S.R Kadapa,Chittoor,Renigunta,13.633074,79.484668,CCS-II,30.0,30,1
HPCL,Govt.,Andhra Pradesh,Y.S.R Kadapa,Anantapur,Royal Filling Station Lolur,14.79446,77.59842,Type-II AC,7.4,7.4,1
HPCL,Govt.,Andhra Pradesh,Krishna,Velagaleru,Shankari Filling Station Velagaleru,16.65086,80.613897,Type-II AC,7.4,7.4,1
HPCL,Govt.,Andhra Pradesh,Annamayya,Rayachoti,Siva Sai Petro Hub Rayachoty,14.093738,78.756169,Type-II AC,7.4,7.4,1
HPCL,Govt.,Andhra Pradesh,Kurnool,Adoni,Sri Lakshmi Channa Kesava Oils Adoni,15.613633,77.293958,Type-II AC,7.4,7.4,1
HPCL,Govt.,Andhra Pradesh,Ananthapuramu,Kadapa,Sri Lakshmi Venkata Sai Automobiles Anantapur,14.664933,77.612819,Type-II AC,7.4,7.4,1
HPCL,Govt.,Andhra Pradesh,West Godavari,Allapadu,Sri Rajarajeshwari Petro Hub Allapadu,16.583031,81.320432,Type-II AC,7.4,7.4,1
HPCL,Govt.,Andhra Pradesh,Y.S.R Kadapa,Rajampeta,Sri Sai Tirumala Fuels Rajampeta,14.200613,79.161258,Type-II AC,7.4,7.4,1
HPCL,Govt.,Andhra Pradesh,Kurnool,Nandyal,Sri Satya Parameswara Service Station Moolasagaram,17.144235,82.277319,Type-II AC,7.4,7.4,1
HPCL,Govt.,Andhra Pradesh,East Godavari,Rajahmundry (Urban),"Sri Srinivasa Ramamurthy Agencies, Tirupathirajupeta Tirupathirajupeta",17.198569,82.026153,Bharat AC-001,3.3,3.3,1
HPCL,Govt.,Andhra Pradesh,East Godavari,Rajahmundry (Urban),"Sri Tejaswini Agencies, Alamuru Alamuru",16.78717,81.879201,Bharat AC-001,3.3,3.3,1
HPCL,Govt.,Andhra Pradesh,Kurnool,Kurnool,Sri Tgg Filling Station Kurnool,15.824392,78.0167,Type-II AC,7.4,7.4,1
HPCL,Govt.,Andhra Pradesh,Visakhapatnam,Visakhapatnam,Sriharipuram,17.689008,83.240809,CCS-II,30.0,30,1
HPCL,Govt.,Andhra Pradesh,Anakapalli,Anakapalli,Srinivasa S/S Kasimkota,17.666392,82.952084,CCS-II,25.0,25,1
HPCL,Govt.,Andhra Pradesh,Y.S.R Kadapa,Nandyal,Sub Jail Jammalamadugu Hpcl Fs Jammalamadugu,16.78717,81.879201,Type-II AC,7.4,7.4,1
HPCL,Govt.,Andhra Pradesh,Prakasam,Prakasam,Surareddypalem,15.105309,80.008497,CCS-II,30.0,30,1
HPCL,Govt.,Andhra Pradesh,Visakhapatnam,Narasipatnam,"Surya Fuels, Chettupalli Chettupalli",17.697295,82.654649,Bharat AC-001,3.3,3.3,1
HPCL,Govt.,Andhra Pradesh,Chittoor,Chittoor,Tada,13.557319,80.056431,CCS-II,30.0,30,1
HPCL,Govt.,Andhra Pradesh,Guntur,Guntur,Tadikonda,16.416287,80.422541,Type-II AC,7.0,7,1
HPCL,Govt.,Andhra Pradesh,Vizianagaram,Vizianagaram,Tennuboddavara,18.1638,83.128879,Type-II AC,7.0,7,1
HPCL,Govt.,Andhra Pradesh,Y.S.R Kadapa,Kadapa,Theja Filling Centre Kadapa,14.465121,78.833302,Type-II AC,7.4,7.4,1
HPCL,Govt.,Andhra Pradesh,Chittoor,Chittoor,Tirupathi,13.631832,79.412084,CCS-II,30.0,30,1
HPCL,Govt.,Andhra Pradesh,Kakinada,Kakinada,Tuni,17.2059,82.527517,Type-II AC,7.0,7,1
HPCL,Govt.,Andhra Pradesh,Sri Potti Sriramulu Nellore,Nandyal,Udumalapuram,15.487094,78.423138,Type-II AC,7.0,7,1
HPCL,Govt.,Andhra Pradesh,Prakasam,Prakasam,Ulavapadu,15.153802,80.007515,CCS-II,30.0,30,1
HPCL,Govt.,Andhra Pradesh,East Godavari,Rajahmundry (Urban),"Usha Agencies, Gollaprolu Gollaprolu",17.144235,82.277319,Bharat AC-001,3.3,3.3,1
HPCL,Govt.,Andhra Pradesh,West Godavari,Kovvur,Usha Fuels Kovvur,16.986879,81.743613,Type-II AC,7.4,7.4,1
HPCL,Govt.,Andhra Pradesh,Visakhapatnam,Visakhapatnam,Vadlapudi,17.685598,83.171151,CCS-II,30.0,30,1
HPCL,Govt.,Andhra Pradesh,Y.S.R Kadapa,Y.S.R.,Velidandla,14.559216,78.055415,Type-II AC,7.0,7,1
HPCL,Govt.,Andhra Pradesh,Y.S.R Kadapa,Y.S.R.,Y.S.R.,14.472101,78.828242,Type-II AC,7.0,7,1
HPCL,Govt.,Andhra Pradesh,Kurnool,Peddatekur,Yogaswera Filling Station Peddatekur,15.722933,78.000539,Type-II AC,7.4,7.4,1
IOCL,Govt.,Andhra Pradesh,Guntur,Guntur,Perecherla Lock T1-208/9/10  Dn:74 Andhra Pradesh,16.314886,80.358644,CCS-II,30.0,30,1
IOCL,Govt.,Andhra Pradesh,Krishna,Krishna,11/140/2  Deenadayalapuram Nagayalanka Village & Mandal Krishna District,15.945054,80.917558,CCS-II,30.0,30,1
IOCL,Govt.,Andhra Pradesh,Krishna,Krishna,1-3  Movva Road Kuchipudi Village & Mandal Krishna District,16.248212,80.912137,LEV AC Charge point,3.3,3.3,1
IOCL,Govt.,Andhra Pradesh,Tirupati,Tirupati,13-6-600/44/99 Pk Lay Out Chitto Tirupathi  Andhra Pradesh,13.642631,79.42745,LEV AC Charge point,3.3,3.3,1
IOCL,Govt.,Andhra Pradesh,Ntr,Ntr,1-5 Makkapet Road Penuganchiprolu Village &  Mandal Krishna District,16.909437,80.235626,LEV AC Charge point,3.3,3.3,1
IOCL,Govt.,Andhra Pradesh,Sri Potti Sriramulu Nellore,Nellore,1-6-45  Jalayya Nagaram  Venkatraopalli Village  Atmakur -2 Spsr Nellore District,14.639725,79.631252,Type-II AC,7.4,7.4,1
IOCL,Govt.,Andhra Pradesh,Sri Potti Sriramulu Nellore,Nellore,23-2-205  Old Central Prison Premi Besides Cam High School Mulapeta Spsr Nellore District,14.44642,79.97756,LEV AC Charge point,3.3,3.3,1
IOCL,Govt.,Andhra Pradesh,Chittoor,Chittoor,330/4 Chowdepalli Taluka Chowdepalli Mandal,13.43525,78.69854,LEV AC Charge point,3.3,3.3,1
IOCL,Govt.,Andhra Pradesh,Bapatla,Bapatla,423-1   Harbour Road Nizampatnam Village & Mandal Guntur District,15.906781,80.654859,LEV AC Charge point,3.3,3.3,1
IOCL,Govt.,Andhra Pradesh,Alluri Sitharama Raju,Alluri Seetharama Ra,Addateegala Sy No77/2A (Old Sy No. 77/2) Bhimudupakala Vil Addatheegala Mdl,17.462272,82.027852,CCS-II,30.0,30,1
IOCL,Govt.,Andhra Pradesh,Bapatla,Bapatla,Amudalapalli Village Nizampatnam M Nizampatnam - Repalli Road Guntur District,15.938815,80.690081,LEV AC Charge point,3.3,3.3,1
IOCL,Govt.,Andhra Pradesh,Ananthapuramu,Anantapur,Anantapur Nh- 7  Anantapur Andhra Pradesh,14.7244,77.6037,LEV AC Charge point,3.3,3.3,1
IOCL,Govt.,Andhra Pradesh,Ananthapuramu,Anantapur,Anantapur Town Anantapur Dist Andhra Pradesh,14.68773,77.607392,LEV AC Charge point,3.3,3.3,1
IOCL,Govt.,Andhra Pradesh,Sri Potti Sriramulu Nellore,Nellore,Assessment No.1092 Main Road Kommi Village   Kondapuram Mandal Spsr Nellore District,14.96601,79.75928,LEV AC Charge point,3.3,3.3,1
IOCL,Govt.,Andhra Pradesh,Krishna,Krishna,Ballemvari Street Autonagar Road Prasadampadu Village,16.5196,80.6848,LEV AC Charge point,3.3,3.3,1
IOCL,Govt.,Andhra Pradesh,Bapatla,Bapatla,Bapatla -Vellatur Road Lock T1-432/3/4 Dno:160 Andhra Pradesh,16.052965,80.684243,CCS-II,60.0,60,1
IOCL,Govt.,Andhra Pradesh,Prakasam,Prakasam,Basinepalli Village Bestawaripeta Mandal Prakasam District,15.434782,79.134827,Type-II AC,7.4,7.4,1
IOCL,Govt.,Andhra Pradesh,West Godavari,West Godavari,Bhimavaram Lock No 13004/252 West Godavari District Andhra Pradesh,16.556392,81.503954,CCS-II,30.0,30,1
IOCL,Govt.,Andhra Pradesh,Sri Potti Sriramulu Nellore,Nellore,Chakalakonda Village Vinjamur Mandal Chakalakonda Village,14.959522,79.518994,LEV AC Charge point,3.3,3.3,1
IOCL,Govt.,Andhra Pradesh,Eluru,Eluru,Co-Operative Society Sh44 K Kota Andhra Pradesh,17.016301,81.21067,CCS-II,30.0,30,1
IOCL,Govt.,Andhra Pradesh,Sri Potti Sriramulu Nellore,Nellore,D.No.1-20-97  Konadinne Girijana Co Sy.No.1379Bit Ii Kaval Village & M Spsr Nellore District,14.905447,80.011789,LEV AC Charge point,3.3,3.3,1
IOCL,Govt.,Andhra Pradesh,Ananthapuramu,Anantapur,D.No.14/320 R.F.Road Anantapur Anantapur Dist. Andhra Pradesh,14.6832,77.5993,LEV AC Charge point,3.3,3.3,1
IOCL,Govt.,Andhra Pradesh,Dr. B.R. Ambedkar Konaseema,Konaseema,Edarapalli Village Amalapuram Mandal Lock 12034/544 Andhra Pradesh,16.5846,81.991,CCS-II,30.0,30,1
IOCL,Govt.,Andhra Pradesh,Sri Potti Sriramulu Nellore,Nellore,Gandipalem Roadudayagiri (V & Nellore Dist.Lock No - D1-30 Andhra Pradesh,14.881242,79.303581,Type-II AC,7.4,7.4,1
IOCL,Govt.,Andhra Pradesh,Ntr,Ntr,Gollapudi Y Cross -Sitara Theatre R Gollapudi Village Vijayawada,16.537492,80.600494,LEV AC Charge point,3.3,3.3,1
IOCL,Govt.,Andhra Pradesh,Prakasam,Prakasam,Gundlapalli Village Maddipadu Mandal Prakasam District,15.683059,80.026265,Type-II AC,7.4,7.4,1
IOCL,Govt.,Andhra Pradesh,Guntur,Guntur,Guntur Town On Nh 16 Lhs Near Ankireddypalem Y Junction Guntur Urban Mandal,16.269778,80.466302,LEV AC Charge point,3.3,3.3,1
IOCL,Govt.,Andhra Pradesh,Guntur,Guntur,Hanuman Way Bridge Opp S.No 502 & Amaravathi Road Gorantla Village G Guntur District,16.355014,80.436581,LEV AC Charge point,3.3,3.3,1
IOCL,Govt.,Andhra Pradesh,Ananthapuramu,Anantapur,Indian Oil Dealer (L-111 222) Anantapur Andhra Pradesh,14.671843,77.60953,LEV AC Charge point,3.3,3.3,1
IOCL,Govt.,Andhra Pradesh,Y.S.R Kadapa,Cuddapah,Indian Oil Dealer (L-179) Sreenivasapuram (Gopavaram Vl) Andhra Pradesh,14.740192,79.102988,LEV AC Charge point,3.3,3.3,1
IOCL,Govt.,Andhra Pradesh,Sri Sathya Sai,Sri Sathya Sai,Indian Oil Dealer Bathalapalli Village Anantapur District,14.51023,77.779781,LEV AC Charge point,3.3,3.3,1
IOCL,Govt.,Andhra Pradesh,Y.S.R Kadapa,Cuddapah,Indian Oil Dealer G.V.Satram Cross - Mydukur Kadapa District,14.717693,78.808637,LEV AC Charge point,3.3,3.3,1
IOCL,Govt.,Andhra Pradesh,Dr. B.R. Ambedkar Konaseema,Konaseema,Indian Oil Dealer R A Z O L E Lock No. 21008 / 544 Andhra Pradesh,16.483774,81.847519,CCS-II,30.0,30,1
IOCL,Govt.,Andhra Pradesh,Dr. B.R. Ambedkar Konaseema,Konaseema,Indian Oil Dealer Sy No 224/1 And 225/3 Pasarlapudi Mamidikuduru Mandaeast Godavari Dis,16.518144,81.938053,CCS-II,30.0,30,1
IOCL,Govt.,Andhra Pradesh,Vizianagaram,Vizianagaram,Indian Oil Dealer Sy No 375/29 375/30 Jami Village Mandal Vizianagaram District,18.052569,83.237267,CCS-II,30.0,30,1
IOCL,Govt.,Andhra Pradesh,Srikakulam,Srikakulam,Indian Oil Dealer Sy No 378-28 1-280 Sc Colonl Lingalavalasa Village & Post,18.60818,84.16111,Type-II AC,7.4,7.4,1
IOCL,Govt.,Andhra Pradesh,Kakinada,Kakinada,Indian Oil Dealer Sy No. 109/2 Buruguppudi Village Kirlampudi Mandal East Godavari Dis,17.1948,82.090432,CCS-II,30.0,30,1
IOCL,Govt.,Andhra Pradesh,East Godavari,East Godavari,Indian Oil Dealer Sy No. 141/8 Gogganamatam Village Mamidikuduru Village East Godavari,16.445244,81.946937,LEV AC Charge point,3.3,3.3,1
IOCL,Govt.,Andhra Pradesh,Kakinada,Kakinada,Indian Oil Dealer Sy No. 231/2C Yerravaram Village,17.251223,82.116909,Type-II AC,7.4,7.4,1
IOCL,Govt.,Andhra Pradesh,Tirupati,Tirupati,Indian Oil Dealer Sy.No.197/2 Andhra Pradesh,13.748343,79.707477,LEV AC Charge point,3.3,3.3,1
IOCL,Govt.,Andhra Pradesh,Srikakulam,Srikakulam,Indian Oil Dealer Syno.244-2A1244-3A1244-4A1Palava Nandigam(M)Srikakulam(D),18.666029,84.310937,CCS-II,30.0,30,1
IOCL,Govt.,Andhra Pradesh,Sri Potti Sriramulu Nellore,Nandyala,Indian Oil Dealer Yerraguntla Andhra Pradesh,15.292214,78.510456,LEV AC Charge point,3.3,3.3,1
IOCL,Govt.,Andhra Pradesh,Palnadu,Palnadu,Indian Oil Dealers 299/3 Karampudi Road Andhra Pradesh,16.070881,79.742531,LEV AC Charge point,3.3,3.3,1
IOCL,Govt.,Andhra Pradesh,Dr. B.R. Ambedkar Konaseema,Konaseema,Indian Oil Dealers Amalapuram Lock No. 294/37 Andhra Pradesh,16.583342,82.016284,CCS-II,30.0,30,1
IOCL,Govt.,Andhra Pradesh,Eluru,Eluru,Indian Oil Dealers Bhimadole Lock No. 11009 / 926 Andhra Pradesh,16.825758,81.265941,CCS-II,30.0,30,1
IOCL,Govt.,Andhra Pradesh,East Godavari,East Godavari,Indian Oil Dealers Biccavole East Godavari Dt Lock 11026/ 926 Andhra Pradesh,16.966938,82.049005,CCS-II,30.0,30,1
IOCL,Govt.,Andhra Pradesh,Visakhapatnam,Vishakhapatnam,Indian Oil Dealers D.No.43-9.216 Andhra Pradesh,17.727654,83.293053,CCS-II,30.0,30,1
IOCL,Govt.,Andhra Pradesh,East Godavari,East Godavari,Indian Oil Dealers Gopalapuram Lock No. 11029 / 926 Andhra Pradesh,16.708679,81.825818,CCS-II,30.0,30,1
IOCL,Govt.,Andhra Pradesh,Vizianagaram,Vizianagaram,Indian Oil Dealers Lock No.T1 178 Gajapathinagaram Andhra Pradesh,18.266077,83.336584,CCS-II,30.0,30,1
IOCL,Govt.,Andhra Pradesh,Visakhapatnam,Vishakhapatnam,Indian Oil Dealers Madhurawada Andhra Pradesh   Lock No.T1 68,17.826748,83.357674,CCS-II,30.0,30,1
IOCL,Govt.,Andhra Pradesh,Dr. B.R. Ambedkar Konaseema,Konaseema,Indian Oil Dealers Mandapeta  Lock No. 7618 / 37 Andhra Pradesh,16.863209,81.922534,CCS-II,30.0,30,1
IOCL,Govt.,Andhra Pradesh,West Godavari,West Godavari,Indian Oil Dealers Maruteru Lock No. 8387 / 37 Andhra Pradesh,16.633877,81.740375,CCS-II,30.0,30,1
IOCL,Govt.,Andhra Pradesh,Dr. B.R. Ambedkar Konaseema,Konaseema,Indian Oil Dealers Nagaram Lock No. 22015/544 Andhra Pradesh,16.497249,81.884413,CCS-II,30.0,30,1
IOCL,Govt.,Andhra Pradesh,West Godavari,West Godavari,Indian Oil Dealers Nh-214A Narasapur Lock No. 12016 / 252 Andhra Pradesh,16.44197,81.701867,CCS-II,30.0,30,1
IOCL,Govt.,Andhra Pradesh,Eluru,Eluru,Indian Oil Dealers Rs No.480 Koyalagudem Mandal,17.125909,81.367484,CCS-II,30.0,30,1
IOCL,Govt.,Andhra Pradesh,Kakinada,Kakinada,Indian Oil Dealers Rs.No.96/2&3 Bheemavaram Vill Samarlakota East Godavari Dis,17.03888,82.1828,CCS-II,30.0,30,1
IOCL,Govt.,Andhra Pradesh,Vizianagaram,Vizianagaram,Indian Oil Dealers S.No.504/23 Andhra Pradesh,18.101755,83.137273,CCS-II,30.0,30,1
IOCL,Govt.,Andhra Pradesh,Eluru,Eluru,Indian Oil Dealers S.No.564/1 Vatluru Village Pedapa West Godavari District.,16.692588,81.043704,CCS-II,30.0,30,1
IOCL,Govt.,Andhra Pradesh,Dr. B.R. Ambedkar Konaseema,Konaseema,Indian Oil Dealers Sy No 12/2Makanapalem Village Mamidikuduru Mandal,16.49337,81.92471,Type-II AC,7.4,7.4,1
IOCL,Govt.,Andhra Pradesh,West Godavari,West Godavari,Indian Oil Dealers Sy No 211/2B  Losarigutlapadu Village,16.40908,81.48748,LEV AC Charge point,3.3,3.3,1
IOCL,Govt.,Andhra Pradesh,West Godavari,West Godavari,Indian Oil Dealers Sy No 74/2Bbobbanapalli (V) Bobbanapalli(V)Veeravasaram,16.50243,81.63134,Type-II AC,7.4,7.4,1
IOCL,Govt.,Andhra Pradesh,Vizianagaram,Vizianagaram,Indian Oil Dealers Sy No.28 Vallapuram Village,18.197222,83.50322,Type-II AC,7.4,7.4,1
IOCL,Govt.,Andhra Pradesh,Parvathipuram Manyam,Parvathipuram Manyam,Indian Oil Dealers Sy.54-20(54-20A54-20B54-20C) Kasapeta(V)Seetangaram Mdl,18.645441,83.36646,Type-II AC,7.4,7.4,1
IOCL,Govt.,Andhra Pradesh,East Godavari,East Godavari,Indian Oil Dealers Sy.No. 31/5 Katavaram Village Seethanagaram Mandal,17.11881,81.73033,Type-II AC,7.4,7.4,1
IOCL,Govt.,Andhra Pradesh,Vizianagaram,Vizianagaram,Indian Oil Dealers Sy.No. 61-13 Purreyyavalasa Purreyyavalasa(V)Cheepurupall,18.303013,83.59221,Type-II AC,7.4,7.4,1
IOCL,Govt.,Andhra Pradesh,Anakapalli,Anakapalli,Indian Oil Dealers Sy.No.142/2(Revised 142/2A Vemulapudi Village,17.6113,82.61101,Type-II AC,7.4,7.4,1
IOCL,Govt.,Andhra Pradesh,West Godavari,West Godavari,Indian Oil Dealers Sy.No.15-1B-1 Valamarru Gram Panchayat,16.56907,81.69537,LEV AC Charge point,3.3,3.3,1
IOCL,Govt.,Andhra Pradesh,Anakapalli,Anakapalli,Indian Oil Dealers Sy.No.195/2 Kundram Village,17.715611,82.925448,LEV AC Charge point,3.3,3.3,1
IOCL,Govt.,Andhra Pradesh,Anakapalli,Anakapalli,Indian Oil Dealers Sy.No.214-4Butchayyapeta(V) Butchayyapeta(V)& Mandal,17.78465,82.88086,LEV AC Charge point,3.3,3.3,1
IOCL,Govt.,Andhra Pradesh,East Godavari,East Godavari,Indian Oil Dealers Sy.No.236/3 Kumaradevam (V) Kovvuru Mandal,17.074297,81.702402,Type-II AC,7.4,7.4,1
IOCL,Govt.,Andhra Pradesh,Kakinada,Kakinada,Indian Oil Dealers Sy.No.254-2A Tuni Villlage & Mandal,17.344559,82.5572,Type-II AC,7.4,7.4,1
IOCL,Govt.,Andhra Pradesh,West Godavari,West Godavari,Indian Oil Dealers Sy.No.57-2B57-3C Unikili Village,16.615459,81.603534,Type-II AC,7.4,7.4,1
IOCL,Govt.,Andhra Pradesh,Srikakulam,Srikakulam,Indian Oil Dealers Sy.No.592/10 Srikurmam Village,18.281402,84.000814,LEV AC Charge point,3.3,3.3,1
IOCL,Govt.,Andhra Pradesh,Parvathipuram Manyam,Parvathipuram Manyam,Indian Oil Dealers Sy.No.65-1B(Part) Jagannadhapuram Village,18.795594,83.429633,Type-II AC,7.4,7.4,1
IOCL,Govt.,Andhra Pradesh,Vizianagaram,Vizianagaram,Indian Oil Dealers Sy.No.67-467-867-9 Gorle Seetharamapuram Village,18.536477,83.31553,Type-II AC,7.4,7.4,1
IOCL,Govt.,Andhra Pradesh,West Godavari,West Godavari,Indian Oil Dealers Sy.No.777-2B-1 Arugolanu Village,16.828022,81.587725,LEV AC Charge point,3.3,3.3,1
IOCL,Govt.,Andhra Pradesh,Eluru,Eluru,Indian Oil Dealers Sy.No.80/1C1 Utasamudram(V)Chintalapudi(M),17.18835,80.99464,Type-II AC,7.4,7.4,1
IOCL,Govt.,Andhra Pradesh,East Godavari,East Godavari,Indian Oil Dealers Sy.No.81/2A Pothavaram Villag Pothavaram (V) Nallajerla Mdl,17.021,81.4144,LEV AC Charge point,3.3,3.3,1
IOCL,Govt.,Andhra Pradesh,Tirupati,Tirupati,Indian Oil Dealerslock No 108 Ramunjam Circle  Chittoor Dist Andhra Pradesh,13.6255,79.4314,LEV AC Charge point,3.3,3.3,1
IOCL,Govt.,Andhra Pradesh,Alluri Sitharama Raju,Alluri Seetharama Ra,Indian Oil Dealers-Lock No.T1 190 Aruku Andhra Pradesh,18.320044,82.883804,CCS-II,30.0,30,1
IOCL,Govt.,Andhra Pradesh,Tirupati,Tirupati,Indian Oil Dealertirupati Chittoor Alipiri By Pass Andhra Pradesh,13.615481,79.363226,LEV AC Charge point,3.3,3.3,1
IOCL,Govt.,Andhra Pradesh,Tirupati,Tirupati,Indian Oil Delears Dmanalacheruvu Andhra Pradesh,13.482873,79.042387,LEV AC Charge point,3.3,3.3,1
IOCL,Govt.,Andhra Pradesh,Tirupati,Tirupati,Indian Oil Delears-Lock No-12022/56 Tirumala Hills - Chittoor Dist Andhra Pradesh,13.676006,79.350504,LEV AC Charge point,3.3,3.3,1
IOCL,Govt.,Andhra Pradesh,Annamayya,Annamaya,Indian Oil Delearsrayachoty Kadapa Dist. Andhra Pradesh,14.017995,78.745118,LEV AC Charge point,3.3,3.3,1
IOCL,Govt.,Andhra Pradesh,West Godavari,West Godavari,Indian Oil Petrol Pump  Kanuru Villagewest Godavari D Peravali Mandal,16.847917,81.718306,LEV AC Charge point,3.3,3.3,1
IOCL,Govt.,Andhra Pradesh,Anakapalli,Anakapalli,Indian Oil Swagat Coco Nh - 16 Road (Old Nh5) Anakapalli Bye Pass Road,17.676338,83.015174,CCS-II,30.0,30,1
IOCL,Govt.,Andhra Pradesh,Y.S.R Kadapa,Cuddapah,Indianoil Dealer Pulivendula Kadapa Dist. Andhra Pradesh,14.4347,78.23099,LEV AC Charge point,3.3,3.3,1
IOCL,Govt.,Andhra Pradesh,Annamayya,Annamaya,Indianoil Dealer Survey No. 133/1A Nh-205Chintaparti Village Valmikipuram Mandal,13.642432,78.696801,LEV AC Charge point,3.3,3.3,1
IOCL,Govt.,Andhra Pradesh,Y.S.R Kadapa,Cuddapah,Indianoil Dealers  Kamalapuram Kadapa Dist. Andhra Pradesh,14.582017,78.658897,LEV AC Charge point,3.3,3.3,1
IOCL,Govt.,Andhra Pradesh,Y.S.R Kadapa,Cuddapah,Indianoil Dealers Proddatur Kadapa Dist.( L: 5273 ) Andhra Pradesh,14.7359,78.6021,LEV AC Charge point,3.3,3.3,1
IOCL,Govt.,Andhra Pradesh,Tirupati,Tirupati,Ioc Dealers (L-194) Mangalam Road Chittoor Tirupati Andhra Pradesh,13.646653,79.441602,LEV AC Charge point,3.3,3.3,1
IOCL,Govt.,Andhra Pradesh,Tirupati,Tirupati,Ioc Delears Sri Kalahasthi - Rtd 98 Kms Andhra Pradesh,13.7538,79.705,LEV AC Charge point,3.3,3.3,1
IOCL,Govt.,Andhra Pradesh,Sri Potti Sriramulu Nellore,Nellore,Juvvaladine Village Bogole Mandal Spsr Nellore District,14.810798,80.067955,LEV AC Charge point,3.3,3.3,1
IOCL,Govt.,Andhra Pradesh,Bapatla,Bapatla,Kukatlapalli Village Ballikurava Mandal Prakasam District,15.96352,79.9206,LEV AC Charge point,3.3,3.3,1
IOCL,Govt.,Andhra Pradesh,Krishna,Krishna,Mantada Village Pamidimukkala Mandal Krishna District,16.345507,80.874338,LEV AC Charge point,3.3,3.3,1
IOCL,Govt.,Andhra Pradesh,Krishna,Krishna,Nagayalanka Lock T1-123/4/5  D.No:41 Andhra Pradesh,15.964747,80.923552,CCS-II,60.0,60,1
IOCL,Govt.,Andhra Pradesh,West Godavari,West Godavari,Narasapur-Mogaltur Road Nh-214A Sitarampuram Lock No 7634/ 37 Andhra Pradesh,16.424079,81.652103,CCS-II,30.0,30,1
IOCL,Govt.,Andhra Pradesh,Alluri Sitharama Raju,Alluri Seetharama Ra,Near Bus Complex Araku Valley Road Andhra Pradesh,18.090284,82.668777,CCS-II,30.0,30,1
IOCL,Govt.,Andhra Pradesh,Guntur,Guntur,Near Gupta College D.No.582/1 Burripalem Road Tenali Mandal Guntur District,16.237023,80.689884,LEV AC Charge point,3.3,3.3,1
IOCL,Govt.,Andhra Pradesh,Srikakulam,Srikakulam,Near Navbharat Junction Opp. Industrial Area Andhra Pradesh,18.29427,83.86242,CCS-II,30.0,30,1
IOCL,Govt.,Andhra Pradesh,Krishna,Krishna,Nh-214 Ramannapudi  Gudiwada Lock T1-61/2/3   D.No:21 Andhra Pradesh,16.390488,80.999663,Type-II AC,7.4,7.4,1
IOCL,Govt.,Andhra Pradesh,Guntur,Guntur,Nuthakki Village Mangalagiri Mandal Guntur District,16.412391,80.639774,CCS-II,30.0,30,1
IOCL,Govt.,Andhra Pradesh,Bapatla,Bapatla,On Nh 216 Bapatla To Cherukupalli R Karlapalem Village & Mandal Guntur District,15.9416,80.5358,CCS-II,60.0,60,1
IOCL,Govt.,Andhra Pradesh,Krishna,Krishna,Pedakallepalli Village Mopidevi Mandal Pedakallepalli Village Krishna Dist,16.085001,80.983003,LEV AC Charge point,3.3,3.3,1
IOCL,Govt.,Andhra Pradesh,Krishna,Krishna,Pedana Lock T1-160/1  Dno:55 Andhra Pradesh,16.246557,81.144233,LEV AC Charge point,3.3,3.3,1
IOCL,Govt.,Andhra Pradesh,Ntr,Ntr,Pipula Road - Yv Rao Estate Road Vijayawada Ambapuram Village,16.55265,80.625326,LEV AC Charge point,3.3,3.3,1
IOCL,Govt.,Andhra Pradesh,Krishna,Krishna,Plot No.3  Sy.No.143/2  143/2. Padmanabha Puram Colony Poranki Vil Penamaluru Mandal  Krishna Distric,16.492365,80.714545,LEV AC Charge point,3.3,3.3,1
IOCL,Govt.,Andhra Pradesh,Krishna,Krishna,Polukonda Village Nandivada Mandal Krishna Dist,16.516107,81.075505,LEV AC Charge point,3.3,3.3,1
IOCL,Govt.,Andhra Pradesh,Annamayya,Annamaya,Pothuvaripalle Village Kalakada Mandal Chittoor District,13.80912,78.79693,CCS-II,30.0,30,1
IOCL,Govt.,Andhra Pradesh,Bapatla,Bapatla,Prakasam Districtrs.No.31/11A 32/ Pangaluru Mandal Lock No.21020/65 Andhra Pradesh,15.8135,80.043,LEV AC Charge point,3.3,3.3,1
IOCL,Govt.,Andhra Pradesh,West Godavari,West Godavari,R.S.No.1107/6 Attili Lock No. 11021 /926 Andhra Pradesh,16.679833,81.602825,CCS-II,30.0,30,1
IOCL,Govt.,Andhra Pradesh,West Godavari,West Godavari,R.S.No.228/2 T.P.Gudem Road Lock No. 21035 / 544 Andhra Pradesh,16.555267,81.523106,CCS-II,30.0,30,1
IOCL,Govt.,Andhra Pradesh,West Godavari,West Godavari,R.S.No.36 Undi Road Bheemavaram Town Lock 21019 / 252 Andhra Pradesh,16.55366,81.507722,CCS-II,30.0,30,1
IOCL,Govt.,Andhra Pradesh,Alluri Sitharama Raju,Alluri Seetharama Ra,Rampachodavaram Rs No.74/2A Pandirimamidi Village Rampachodavaram Mandal Eg Dist Ap,17.423212,81.791942,CCS-II,30.0,30,1
IOCL,Govt.,Andhra Pradesh,Ntr,Ntr,Rs No.:113/A Keesara Village Kanchikacharla Mandal Krishna District,16.71329,80.338018,LEV AC Charge point,3.3,3.3,1
IOCL,Govt.,Andhra Pradesh,Guntur,Guntur,Rs No:212A Nandivelugu Village Nandivelugu To Kollipara Road Tenani Mandal  Guntur District,16.290745,80.664803,LEV AC Charge point,3.3,3.3,1
IOCL,Govt.,Andhra Pradesh,Krishna,Krishna,Rs.No.92/6 1089 Sq.Yards Kanuru Village  Machilipatnam Mand Krishna District,16.29242,81.25989,LEV AC Charge point,3.3,3.3,1
IOCL,Govt.,Andhra Pradesh,Sri Potti Sriramulu Nellore,Nellore,S.G.M.Ksk Adhoc Bucchireddipalem Nellore Dist,14.519448,79.907588,LEV AC Charge point,3.3,3.3,1
IOCL,Govt.,Andhra Pradesh,Sri Potti Sriramulu Nellore,Nandyala,S.No.204A Kurnool Rd Betamcherla   Kurnool Andhra Pradesh,15.462385,78.156929,LEV AC Charge point,3.3,3.3,1
IOCL,Govt.,Andhra Pradesh,Kakinada,Kakinada,S.No.276/1276/2M277/8Anh.5 Kathipudi Villagesankavaram Mandal Andhra Pradesh,17.243279,82.351447,CCS-II,30.0,30,1
IOCL,Govt.,Andhra Pradesh,Vizianagaram,Vizianagaram,S.No.45/19 Kopperla Villagelock T Poosapatirega Mandal Andhra Pradesh,18.07419,83.539337,CCS-II,30.0,30,1
IOCL,Govt.,Andhra Pradesh,Kakinada,Kakinada,S/O Satyanarayana 1-15  Sankavaram Mandalam Annavaram      East Godavari Dist,17.270131,82.402559,CCS-II,30.0,30,1
IOCL,Govt.,Andhra Pradesh,Sri Potti Sriramulu Nellore,Nellore,Saipeta Village Kondapuram Mandal Nellore District,15.03574,79.74735,LEV AC Charge point,3.3,3.3,1
IOCL,Govt.,Andhra Pradesh,Srikakulam,Srikakulam,Singupuram To Palakonda Rd.Jn On Nh-5 Lhs Sy.No.119/5B6(P)7(P)811B,18.327166,83.903207,CCS-II,30.0,30,1
IOCL,Govt.,Andhra Pradesh,Ntr,Ntr,Sitara Convention  - Kabela Road Gollapudi Village Vijayawada Rural Mandal,16.543343,80.606606,LEV AC Charge point,3.3,3.3,1
IOCL,Govt.,Andhra Pradesh,Palnadu,Palnadu,Sno 1-4A Main Road Garapadu Village &Pedakurapadu Mand Guntur Disitrict,16.511843,80.220681,LEV AC Charge point,3.3,3.3,1
IOCL,Govt.,Andhra Pradesh,Srikakulam,Srikakulam,Sri Rajyalakshmi Ksk Filling Statio Sy No 109/7 Pudivalasa Village Srikakulam Disrtict,18.31222,83.87077,CCS-II,30.0,30,1
IOCL,Govt.,Andhra Pradesh,Dr. B.R. Ambedkar Konaseema,Konaseema,Survey No 198/9 Draksharamam Lock 23003/252 Andhra Pradesh,16.794763,82.055128,CCS-II,30.0,30,1
IOCL,Govt.,Andhra Pradesh,Guntur,Guntur,Survey No. 307 & 308 Coco Tadepalli Tadepalli Village & Mandal Guntur District,16.471152,80.595791,LEV AC Charge point,3.3,3.3,1
IOCL,Govt.,Andhra Pradesh,Sri Potti Sriramulu Nellore,Nellore,Survey No. 59/6  Plot No123 And Vaviletipadu Village Nellore Muncipal Limits Nellore Dis,14.40143,80.022893,LEV AC Charge point,3.3,3.3,1
IOCL,Govt.,Andhra Pradesh,Sri Potti Sriramulu Nellore,Nellore,Survey No.156/1  Revilla Yeruguntapalem Vilalge & Podalkur M Spsr Nellore District,14.410958,79.67493,LEV AC Charge point,3.3,3.3,1
IOCL,Govt.,Andhra Pradesh,Annamayya,Annamaya,Survey No.538/2 Kalikirireddivaripalli Village Kalikiri Kandur Road,13.63882,78.7982,LEV AC Charge point,3.3,3.3,1
IOCL,Govt.,Andhra Pradesh,Prakasam,Prakasam,Survey No36/5 Cheruvukommupalem Boganampadu Village Ponnaluru Manda Prakasam District,15.31747,79.678412,LEV AC Charge point,3.3,3.3,1
IOCL,Govt.,Andhra Pradesh,Chittoor,Chittoor,Sy No 185/3D1 Mangalampeta Village Pulicherla Mandal,13.57889,79.09492,LEV AC Charge point,3.3,3.3,1
IOCL,Govt.,Andhra Pradesh,Tirupati,Tirupati,Sy No 239/2Aeswarapuram K M Agraharam Village Chittoor District,13.46783,79.54214,LEV AC Charge point,3.3,3.3,1
IOCL,Govt.,Andhra Pradesh,Sri Potti Sriramulu Nellore,Nellore,Sy No 286-1-4 Epuru Village Bit 1 Muthukur Mandal Spsr Nellore District,14.2576,80.0491,LEV AC Charge point,3.3,3.3,1
IOCL,Govt.,Andhra Pradesh,Eluru,Eluru,Sy No 603/2613/1A Perikegudem Village  Mandavalli Ma Krishna District,16.48978,81.15439,LEV AC Charge point,3.3,3.3,1
IOCL,Govt.,Andhra Pradesh,Guntur,Guntur,Sy No. 195 196/C2 196/C2A1 Agathavarappadu Village Pedakakakni Mandal,16.317488,80.484055,CCS-II,60.0,60,1
IOCL,Govt.,Andhra Pradesh,West Godavari,West Godavari,Sy No. 261/5 Duvva Village Tanuku Mandal West Godavari Street,16.78374,81.62503,LEV AC Charge point,3.3,3.3,1
IOCL,Govt.,Andhra Pradesh,Palnadu,Palnadu,Sy No. 345-1A2 & 345-1B1 Purushottapatnam Chilakaluripet Mandal,16.09266,80.13668,CCS-II,30.0,30,1
IOCL,Govt.,Andhra Pradesh,Guntur,Guntur,Sy No. 80-1 Budampadu Guntur Urban Limits,16.254256,80.482771,CCS-II,30.0,30,1
IOCL,Govt.,Andhra Pradesh,Sri Potti Sriramulu Nellore,Nandyala,Sy No.499 Dhone Village Dhone Mandal,15.392463,77.861921,LEV AC Charge point,3.3,3.3,1
IOCL,Govt.,Andhra Pradesh,Bapatla,Bapatla,Sy.No. 87-2B  Main Road Potumeraka Village   Repalle Manda Guntur District,15.93688,80.850292,LEV AC Charge point,3.3,3.3,1
IOCL,Govt.,Andhra Pradesh,Kurnool,Kurnool,Sy.No.1069/3A1 Nannur Village Orvakal Mandal,15.71413,78.08003,LEV AC Charge point,3.3,3.3,1
IOCL,Govt.,Andhra Pradesh,Y.S.R Kadapa,Cuddapah,Sy.No.130131161162163164 Palampalli Village Andhra Pradesh,14.5077,78.8223,LEV AC Charge point,3.3,3.3,1
IOCL,Govt.,Andhra Pradesh,Ananthapuramu,Anantapur,Sy.No.131/2A1C Narpala Village And Mandal Anantapur District,14.71138,77.813531,LEV AC Charge point,3.3,3.3,1
IOCL,Govt.,Andhra Pradesh,Sri Sathya Sai,Sri Sathya Sai,Sy.No.1374 Kadiri Village Kadiri Mandal,14.108595,78.195055,LEV AC Charge point,3.3,3.3,1
IOCL,Govt.,Andhra Pradesh,Ananthapuramu,Anantapur,Sy.No.177-2 Alamuru Village Anantapur Rural Mandal,14.642518,77.550736,LEV AC Charge point,3.3,3.3,1
IOCL,Govt.,Andhra Pradesh,Prakasam,Prakasam,Sy.No.229/2A  Main Road Marripudi Village & Mandal Prakasam District,15.50429,79.65556,LEV AC Charge point,3.3,3.3,1
IOCL,Govt.,Andhra Pradesh,Ananthapuramu,Anantapur,Sy.No.244/4B Mulakaledu Village Settur Mandal,14.367004,76.925374,LEV AC Charge point,3.3,3.3,1
IOCL,Govt.,Andhra Pradesh,Ananthapuramu,Anantapur,Sy.No.263/2A2 Kambadur Village And Mandal Kalyandurg,14.341,77.229604,LEV AC Charge point,3.3,3.3,1
IOCL,Govt.,Andhra Pradesh,Tirupati,Tirupati,Sy.No.27/C2 Thondavada Gramapanchyati Chandragiri Village,13.5926,79.3333,CCS-II,30.0,30,1
IOCL,Govt.,Andhra Pradesh,Ntr,Ntr,Sy.No.28 Polisettipadu Village A.Konduru Mandal Ntr Dist,17.03746,80.64575,LEV AC Charge point,3.3,3.3,1
IOCL,Govt.,Andhra Pradesh,Kurnool,Kurnool,Sy.No.290 Kappatralla Village Devanakonda Taluk And Mandal,15.63346,77.67582,LEV AC Charge point,3.3,3.3,1
IOCL,Govt.,Andhra Pradesh,Krishna,Krishna,Sy.No.290/6 Main Raod Kodali Village   Ghantasala Mandal Krishna District,19.594907,75.792074,Type-II AC,7.4,7.4,1
IOCL,Govt.,Andhra Pradesh,Y.S.R Kadapa,Cuddapah,Sy.No.315316317318319 Pulluru Village Khajipet Mandal,14.65702,78.77785,LEV AC Charge point,3.3,3.3,1
IOCL,Govt.,Andhra Pradesh,Kurnool,Kurnool,Sy.No.336 Ulindakonda Village Kallur Mandal,15.65014,77.972878,LEV AC Charge point,3.3,3.3,1
IOCL,Govt.,Andhra Pradesh,Sri Sathya Sai,Sri Sathya Sai,Sy.No.37-4 Mothukapalli Village Andhra Pradesh,13.8417,77.4846,LEV AC Charge point,3.3,3.3,1
IOCL,Govt.,Andhra Pradesh,Prakasam,Prakasam,Sy.No.402/6  Near Sub Jail Tharlupadu Road Markapur Village&Ma Prakasam District,15.7324,79.26688,LEV AC Charge point,3.3,3.3,1
IOCL,Govt.,Andhra Pradesh,Prakasam,Prakasam,Sy.No.41/B3 Kakarla Village Ardhaveedu Mandal Prakasam District,15.63626,79.1398,LEV AC Charge point,3.3,3.3,1
IOCL,Govt.,Andhra Pradesh,Sri Potti Sriramulu Nellore,Nandyala,Sy.No.48-A1A2 Koilkuntla Village And Mandal Nandyal,15.225181,78.332848,LEV AC Charge point,3.3,3.3,1
IOCL,Govt.,Andhra Pradesh,Sri Sathya Sai,Sri Sathya Sai,Sy.No.515/3 Ratanagiri Village Rolla Mandal,13.81028,77.12615,LEV AC Charge point,3.3,3.3,1
IOCL,Govt.,Andhra Pradesh,Ananthapuramu,Anantapur,Sy.No.54/1A55/1A A.Narayanapuram Panchyat Papampet Village,14.68892,77.57821,LEV AC Charge point,3.3,3.3,1
IOCL,Govt.,Andhra Pradesh,Prakasam,Prakasam,Sy.No.56/3A  Narasingapuram Villag Tirpurantakam Mandal Prakasam District,15.948664,79.422509,LEV AC Charge point,3.3,3.3,1
IOCL,Govt.,Andhra Pradesh,Kurnool,Kurnool,Sy.No.81/2 H.Khaira Wadi Village Gonegandla Village,15.70803,77.636745,LEV AC Charge point,3.3,3.3,1
IOCL,Govt.,Andhra Pradesh,Y.S.R Kadapa,Cuddapah,Sy.No.93/2 Chinna Chowk Village Kadapa,14.475015,78.839439,LEV AC Charge point,3.3,3.3,1
IOCL,Govt.,Andhra Pradesh,Chittoor,Chittoor,Sy.No.94/1B Melupatla Village Punganur Mandal,13.370789,78.571987,LEV AC Charge point,3.3,3.3,1
IOCL,Govt.,Andhra Pradesh,Dr. B.R. Ambedkar Konaseema,Konaseema,Sy.No.98/1 Razole Village & Mandal East Godavari District,16.467527,81.836236,Type-II AC,7.4,7.4,1
IOCL,Govt.,Andhra Pradesh,Sri Potti Sriramulu Nellore,Nandyala,Sy.No-122-2A Yenakandla Village Banaganapalle Taluka,15.35622,78.212154,LEV AC Charge point,3.3,3.3,1
IOCL,Govt.,Andhra Pradesh,Sri Sathya Sai,Sri Sathya Sai,Sy.No-208-4B1 Peruru Village Ramagiri Mandal,14.353526,77.348894,LEV AC Charge point,3.3,3.3,1
IOCL,Govt.,Andhra Pradesh,Annamayya,Annamaya,Sy.No-21/2B Kalakada Village Kalakada Mandal,13.83,78.78,LEV AC Charge point,3.3,3.3,1
IOCL,Govt.,Andhra Pradesh,Chittoor,Chittoor,Sy.No-229/1C Veddurukuppam Village Veddurukuppam Mandal,13.437234,79.318359,LEV AC Charge point,3.3,3.3,1
IOCL,Govt.,Andhra Pradesh,Sri Sathya Sai,Sri Sathya Sai,Sy.No-232 Malkavemula Village Mudigubba Mandal,14.26913,78.05565,LEV AC Charge point,3.3,3.3,1
IOCL,Govt.,Andhra Pradesh,Tirupati,Tirupati,Sy.No-92/1A Kayam Village Vadamalapeta Mandal,13.563287,79.495143,LEV AC Charge point,3.3,3.3,1
IOCL,Govt.,Andhra Pradesh,West Godavari,West Godavari,Tadepalligudem Lock No. 13032/544 West Godavari Dist Andhra Pradesh,16.833224,81.507189,CCS-II,30.0,30,1
IOCL,Govt.,Andhra Pradesh,Palnadu,Palnadu,Turumella Village Rompicherla Mandal Guntur District,16.17363,79.928897,LEV AC Charge point,3.3,3.3,1
IOCL,Govt.,Andhra Pradesh,Parvathipuram Manyam,Parvathipuram Manyam,Veeragottam Road Near Fire Station Srikakulam Dist Andhra Pradesh,18.6051,83.7475,CCS-II,30.0,30,1
KAZAM,Private,Andhra Pradesh,Guntur,Guntur,"Amaravathi Road,Arundelpet,Guntur,Andhra Pradesh,522002",16.307341,80.436651,Bharat AC-001,3.3,3.3,1
KAZAM,Private,Andhra Pradesh,Guntur,Guntur,"Andhra Pradesh,522503",16.442027,80.58755,Bharat AC-001,3.3,3.3,1
KAZAM,Private,Andhra Pradesh,Guntur,Guntur,"Arundelpet,Guntur,Andhra Pradesh,522002",16.307115,80.437447,Bharat AC-001,3.3,3.3,1
KAZAM,Private,Andhra Pradesh,Guntur,Guntur,"Palm Spg Apartment Driveway, Srinivasarao Pet, Guntur, Andhra Pradesh 522003",16.290153,80.436212,Bharat AC-001,3.3,3.3,1
KAZAM,Private,Andhra Pradesh,Guntur,Guntur,"Srinivasarao Pet, Guntur, Andhra Pradesh 522003",16.291645,80.435608,Bharat AC-001,3.3,3.3,1
NTPC,Govt.,Andhra Pradesh,East Godavari,Rajahmundry,Sp Central Prisons Rajhamundry,17.015576,81.787391,CCS-II,25.0,25,1
OLA,Private,Andhra Pradesh,Chittoor,Chittoor,"Bengaluru - Tirupati Hwy, Thotapalyam, Chittoor, Andhra Pradesh 517001",13.22133,79.102091,LEV DC Charge Point (IS-17017-2-6),7.0,7,1
OLA,Private,Andhra Pradesh,Krishna,Vijayawada,"Kanuru Villagepenamaluru Mandal,Krishna",16.4978,80.6591,LEV DC Charge Point (IS-17017-2-6),7.0,7,1
OLA,Private,Andhra Pradesh,East Godavari,Rajahmundry,"Opposite To Padmavathi Ghat,D.No.8-14-9/10,8-12-5,East Godavari",17.00055,81.7685,LEV DC Charge Point (IS-17017-2-6),7.0,7,1
Reliance BP,Private,Andhra Pradesh,East Godavari,Annavaram,Sy No 114 Arempudi Thondangi Annavaram East Godavariandra Pradesh 533408,17.29546,82.417609,CCS-II,60.0,60,1
Sharify,Private,Andhra Pradesh,Guntur,Guntur,"Hpc Dealers, Nh16 Gundlapalli Guntur Andhra Pradesh  523211",15.6791,80.016602,LEV AC Charge point,3.3,3.3,1
Sharify,Private,Andhra Pradesh,Prakasam,Singarayakonda,"Hpcl Dealers, Nh-5 Singarayakonda Singarayakonda Andhra Pradesh  523103",15.2925,80.027802,LEV AC Charge point,3.3,3.3,1
Tata Power,Private,Andhra Pradesh,Prakasam,Vellampalli,"Aavas Hotels & Resorts, Nh 16 Velampalli, Nh 16, Vijayawada − Nellore Hwy, Vellampalli (Maddipadu) Ongole,  Andhra Pradesh − 523211",15.638298,80.016753,Combo (CCS-II+CHAdeMO),25.0,25,2
Tata Power,Private,Andhra Pradesh,Ananthapuramu,Peddavadugur,"Blue Moon Highway Restaurant, Bangalore-Hyderabad Highway, Nh 44;
Bangalore - Hyderabad  Highway, 116/1B, Midthuru, Peddavaduguru, Anantapuram, Andhra Pradesh 515405",15.02395,77.620628,Combo (CCS-II+CHAdeMO),25.0,25,2
Tata Power,Private,Andhra Pradesh,Visakhapatnam,Visakhapatam,"Croma − Mvr Complex, Waltair Uplands, Ground & First Floor, Mvr #
10−1−39/B&C, Siripuram Cir, Opp. Rock Park, Waltair Uplands, Visakhapatnam, Andhra Pradesh 530003",17.725417,83.315175,Combo (CCS-II+CHAdeMO),25.0,25,2
Tata Power,Private,Andhra Pradesh,Krishna,Vijayawada,"Croma− Dvr Complex, Vijayawada, Dvr Complex, Beside Doctor’S Paradise
Old Tollgate, Nh 16 Service Road, Tadepalli, Vijayawada, Andhra Pradesh 522501",16.480098,80.618083,CCS-II,60.0,60,1
Tata Power,Private,Andhra Pradesh,Visakhapatnam,Suryabagh,"Daspalla Hotels, Suryabagh, Hotel Daspalla Visakhapatnam, 28-2-48, Suryabagh, Jagadamba Junction,A P 530020",17.710554,83.300828,Type-II AC,7.4,7.4,1
Tata Power,Private,Andhra Pradesh,Visakhapatnam,Suryabagh,"Daspalla Hotels, Suryabagh, Hotel Daspalla Visakhapatnam, 28-2-48, Suryabagh, Jagadamba Junction,A P 530020",17.710554,83.300828,Combo (CCS-II+CHAdeMO),25.0,25,2
Tata Power,Private,Andhra Pradesh,Visakhapatnam,Mudasarlova Park,"East Point Golf Club, Mudasarlova Park, Mudasarlova Park, Visakhapatnam, Andhra Pradesh",17.763531,83.301871,Type-II AC,7.4,7.4,1
Tata Power,Private,Andhra Pradesh,West Godavari,Gundugollanu,"Garuda Food Court, Komirepalle, Nh 16 Gundugolanu, Komirepalle, Andhra Pradesh 534427",16.778579,81.221054,Combo (CCS-II+CHAdeMO),25.0,25,2
Tata Power,Private,Andhra Pradesh,West Godavari,Komirepalle,"Garuda Food Court, Nh 16 Gundugolanu, Komirepalle, West Godavari-534427",16.778837,81.22132,Combo (CCS-II+CHAdeMO),25.0,25,2
Tata Power,Private,Andhra Pradesh,East Godavari,Rajanagaram,"Habitat Highway Restaurant, Ah 45, Jagannadhhapuram, Rajanagaram X Road, Agraharam, East Godavari-533294",17.069228,81.885506,Bharat DC-001,15.0,15,1
Tata Power,Private,Andhra Pradesh,East Godavari,Rajanagaram,"Habitat Highway Restaurant, Ah 45, Jagannadhhapuram, Rajanagaram X Road, Agraharam, East Godavari-533294",17.069228,81.885506,Combo (CCS-II+CHAdeMO),25.0,25,2
Tata Power,Private,Andhra Pradesh,Chittoor,Nagari,"Highway Grand World, Chennai-Tirupati Highway Nh 716, Chennai -
Thiruttani - Renigunta Hwy, Nh716 - Veerakaverirajupuram, Andhra Pradesh, Nagari, Andhra Pradesh 517590",13.293609,79.581709,Type-II AC,7.4,7.4,1
Tata Power,Private,Andhra Pradesh,Chittoor,Nagari,"Highway Grand World, Chennai-Tirupati Highway Nh 716, Chennai -
Thiruttani - Renigunta Hwy, Nh716 - Veerakaverirajupuram, Andhra Pradesh, Nagari, Andhra Pradesh 517590",13.293609,79.581709,CCS-II,25.0,25,1
Tata Power,Private,Andhra Pradesh,West Godavari,Bhimavaram,"Hotel Grand Leela Krishna, Bhimavaram, Undi Rd, Balusumoodi, Bhimavaram, Andhra Pradesh 534202",16.545175,81.51994,Combo (CCS-II+CHAdeMO),25.0,25,2
Tata Power,Private,Andhra Pradesh,Chittoor,Pakala,"Hotel Sapthagiri Holiday Resorts,Tirupati − Bangalore  Highway, Nh140, Gadanki, Andhra Pradesh − 517112",13.479944,79.18979,CCS-II,30.0,30,1
Tata Power,Private,Andhra Pradesh,Chittoor,Chittoor,"Hotel Sapthagiri Holiday Resorts,Tirupati − Bangalore  Highway, Nh140, Tirupati − Bangalore  Highway, Sy No: 1201&1189, B G Mittor Village, Tanepalli, Puthalapattu Mandal, Chittoor, Andhra Pradesh − 517127",13.374121,79.092103,Type-II AC,7.4,7.4,1
Tata Power,Private,Andhra Pradesh,Chittoor,Chittoor,"Hotel Sapthagiri Holiday Resorts,Tirupati − Bangalore  Highway, Nh140, Tirupati − Bangalore  Highway, Sy No: 1201&1189, B G Mittor Village, Tanepalli, Puthalapattu Mandal, Chittoor, Andhra Pradesh − 517127",13.374121,79.092103,CCS-II,25.0,25,1
Tata Power,Private,Andhra Pradesh,Kurnool,Kurnool,"Hotel Sasya Pride, Budhawara Peta, Survey No 209/4 & 209/8, Woodland Complex, Budhawara Peta, Kurnool - 518002",15.824628,78.040712,Type-II AC,7.4,7.4,1
Tata Power,Private,Andhra Pradesh,Kurnool,Kurnool,"Hotel Sasya Pride, Budhawara Peta, Survey No 209/4 & 209/8, Woodland Complex, Budhawara Peta, Kurnool - 518002",15.824628,78.040712,CCS-II,30.0,30,1
Tata Power,Private,Andhra Pradesh,Srikakulam,Rajayyapeta,"Iocl - Eswari Narayana Fs, Rajayyapeta, Survey No - 17-1, Rajayyapeta, Rajam Mandal,Srikakulam District Andhra Pradesh",18.452618,83.61318,CCS-II,25.0,25,1
Tata Power,Private,Andhra Pradesh,Tirupati,Tirupati,"Iocl - Koorapati Service Station, Tirupati, Tirupati Urban And Mandal Air Bye-Pass Road. Tirupati, Chittoor-517502",13.62071,79.382815,CCS-II,30.0,30,1
Tata Power,Private,Andhra Pradesh,Krishna,Ibrahimpatnam,"Iocl - Navabharagava Filling Station, Vijayawada - Hyderabad Hwy, Vijayawada - Hyderabad Hwy, Ibrahimpatnam, Andhra Pradesh 521456",16.581264,80.526349,CCS-II,25.0,25,1
Tata Power,Private,Andhra Pradesh,Ananthapuramu,Guntakal,"Iocl − Sai Krupa Filling Station, Sh 26, Sh 26, Vajrakarur To Guntakal Road Survey No.401−Ai, Anantapur Dist. Andhra Pradesh,515722",15.146297,77.377456,CCS-II,30.0,30,1
Tata Power,Private,Andhra Pradesh,Chittoor,Chittoor,"Iocl - Sri Chakra Service Station, Tikal Road, Sy-No-4042 Old Mahaveer Road, Tikal Road, Chittoor Dist Andhra Pradesh 517001",13.633599,79.421046,CCS-II,30.0,30,1
Tata Power,Private,Andhra Pradesh,East Godavari,Peddapuram,"Iocl - Tirumala Agencies, Peddapuram, Sy No 164, Peddapuram Bye-Pass Village/Mandal, East Godavari-533437",17.075886,82.121731,CCS-II,30.0,30,1
Tata Power,Private,Andhra Pradesh,Visakhapatnam,Allipuram,"Iocl Excel Enterprises, Allipuram, Leelamahal, Daba Garden Rd, Dolphin Area, Daba Gardens, Allipuram, Visakhapatnam, Andhra Pradesh 530020",17.713223,83.298767,CCS-II,25.0,25,1
Tata Power,Private,Andhra Pradesh,Visakhapatnam,Allipuram,"Iocl Excel Enterprises, Allipuram, Leelamahal, Daba Garden Rd, Dolphin Area, Daba Gardens, Allipuram, Visakhapatnam, Andhra Pradesh 530020",17.713223,83.298767,Bharat DC-001,15.0,15,1
Tata Power,Private,Andhra Pradesh,Visakhapatnam,Visakhapatnam,"Iocl Sivajyothi Enterprises, Maddilapalem, Chennai - Kolkata Hwy, Maddilapalem, Visakhapatnam, Andhra Pradesh 530013",17.732349,83.317736,Combo (CCS-II+CHAdeMO),25.0,25,2
Tata Power,Private,Andhra Pradesh,East Godavari,Rajanagaram,"Iocl Sree Devi Prasad Services, Naamavaram, Naamavaram, Andhra Pradesh 531126",17.373681,82.586259,CCS-II,30.0,30,1
Tata Power,Private,Andhra Pradesh,Krishna,Vijayawada Rural,"Jayalakshmi Auto, Gudavalli, Jayalakshmi Auto Enterprises Pvt Ltd, Survey No 3/142 , Gudavalli Junction, Vijayawada Rural, Krishna District ,521104",16.512923,80.749757,Combo (CCS-II+CHAdeMO),30.0,30,2
Tata Power,Private,Andhra Pradesh,Kurnool,Kurnool,"Matsya Amazon Kitchens, Kurnool Rd, Nh 44; Bangalore - Hyderabad Highway, Kurnool Rd, Andhra Pradesh 518216",15.576915,77.93704,Combo (CCS-II+CHAdeMO),25.0,25,2
Tata Power,Private,Andhra Pradesh,Chittoor,Bangarupalem,"Nandi Food Plaza, Nalagam Palli, Nh 69 - 174 Nalagampalli
Chittoor-Bangalore Highway Close To Bangarupalem, Village, Nalagam Palli, Andhra Pradesh 517416",13.203592,78.941566,CCS-II,25.0,25,1
Tata Power,Private,Andhra Pradesh,Y.S.R Kadapa,Andhrakesari Nagar,"Pnr Function Hall, Chennai-Ballary Highway, D No 7/3109 Sy No 622, Beside
Iocl Petrol Pump, Korrapadu Road, Andhrakesari Nagar, Proddatur Municipality, Andhra Pradesh 516360",14.752992,78.555077,Type-II AC,7.4,7.4,1
Tata Power,Private,Andhra Pradesh,Y.S.R Kadapa,Andhrakesari Nagar,"Pnr Function Hall, Chennai-Ballary Highway, D No 7/3109 Sy No 622, Beside
Iocl Petrol Pump, Korrapadu Road, Andhrakesari Nagar, Proddatur Municipality, Andhra Pradesh 516360",14.752992,78.555077,CCS-II,25.0,25,1
Tata Power,Private,Andhra Pradesh,East Godavari,Rajahmundry (Urban),"River Bay Resorts, Gautami Ghat, Hotel River Bay Resort, 5-1-36 To 43 Gautami Ghat, Rajahmundry-533101",16.99212,81.773577,Type-II AC,7.4,7.4,1
Tata Power,Private,Andhra Pradesh,East Godavari,Rajahmundry (Urban),"River Bay Resorts, Gautami Ghat, Hotel River Bay Resort, 5-1-36 To 43 Gautami Ghat, Rajahmundry-533101",16.99212,81.773577,CCS-II,25.0,25,1
Tata Power,Private,Andhra Pradesh,Kurnool,Kurnool,"Sasya Auto Cars, Bellari X Roads - Nh 44, Renault Showroom, 45/142-70-5-B,
Nh44 Near Apsp 2Nd Battallion, Bellari X Roads, Kurnool, Andhra Pradesh 518003",15.830566,78.017989,CCS-II,30.0,30,1
Tata Power,Private,Andhra Pradesh,Kurnool,Kurnool,"Sasya Automotives, Near Eenadu Office - Nh 44, Isuzu Showroom, Survey
No-131-1 & 133-1A Nh44 Near Eenadu Office, Kurnool, Andhra Pradesh 518003",15.849864,78.0045,CCS-II,30.0,30,1
Tata Power,Private,Andhra Pradesh,Visakhapatnam,Vishakhapatnam,"Shiv Shanker Motors, Gajuwaka, Sobha Square, Vishwaswaraya Nagar, Gajuwaka, Vishakhapatanam-530012",17.68429,83.185923,Combo (CCS-II+CHAdeMO),25.0,25,2
Tata Power,Private,Andhra Pradesh,East Godavari,Rajahmundry Rural,"Shiv Shanker Motors, Hukumpet, 110-4-7, Nh 16 Hukumpet, Aditya Nagar, Bommuru, Rajahmundry-533103",16.98333,81.798043,Combo (CCS-II+CHAdeMO),25.0,25,2
Tata Power,Private,Andhra Pradesh,Visakhapatnam,Kancharapalem,"Shiv Shanker Motors, Kancharpalem, C 24, Industrail Estate, Kancharapalem, Vishakhapatnam − 530010",17.738719,83.26258,Combo (CCS-II+CHAdeMO),25.0,25,2
Tata Power,Private,Andhra Pradesh,Visakhapatnam,Kanchirapalem,"Shiv Shanker Motors, Vizag,C 24, Industrail Estate, Kanchirapalem, Visakhapatnam- 530010.",17.741083,83.261612,Combo (CCS-II+CHAdeMO),25.0,25,2
Tata Power,Private,Andhra Pradesh,Tirupati,Tirupati,"Taj Tirupati, Taj Tirupati Tanapalli Cross Road, Tirupati Andhra Pradesh − 517503",13.607551,79.43786,Type-II AC,7.4,7.4,1
Tata Power,Private,Andhra Pradesh,Tirupati,Tirupati,"Taj Tirupati, Taj Tirupati Tanapalli Cross Road, Tirupati Andhra Pradesh − 517503",13.607551,79.43786,CCS-II,30.0,30,1
Tata Power,Private,Andhra Pradesh,Visakhapatnam,Vishakhapatnam,"The Park, Beach Road, Beach Road, Visakhapatnam 530023",17.721372,83.336155,CCS-II,30.0,30,1
Tata Power,Private,Andhra Pradesh,Visakhapatnam,Vishakhapatnam,"The Park, Beach Road, Beach Road, Visakhapatnam 530023",17.721372,83.336155,Type-II AC,7.4,7.4,1
Tata Power,Private,Andhra Pradesh,Visakhapatnam,Visakhapatam,"Tristar Auto Agencies, Rk Beach Junction, Beside Kali Matha Mandhir, Rk Beach Junction, Visakhapatnam-530002",17.712413,83.318481,Combo (CCS-II+CHAdeMO),25.0,25,2
BPCL,Govt.,Andhra Pradesh,TIRUPATI,TADUKU,"#, #, , City=TADUKU, District=TIRUPATI, State=Andhra Pradesh",13.476794,79.538656,CCS,60.0,60,2
BPCL,Govt.,Andhra Pradesh,SRIKAKULAM,AKKIVALASA,"#, NH-5, , City=AKKIVALASA, District=SRIKAKULAM, State=Andhra Pradesh",18.260527,83.788058,Bharat AC,3.0,3,1
BPCL,Govt.,Andhra Pradesh,SRIKAKULAM,AKKIVALASA,"#, NH-5, , City=AKKIVALASA, District=SRIKAKULAM, State=Andhra Pradesh",18.260527,83.788058,CCS,120.0,120,2
BPCL,Govt.,Andhra Pradesh,GUNTUR,CHEBROLU,"1-12A, PONNURU ROAD, , City=CHEBROLU, District=GUNTUR, State=Andhra Pradesh",16.214074,80.518189,CCS,60.0,60,2
BPCL,Govt.,Andhra Pradesh,SRI SATHYA SAI,KURUMAMIDI,"113/3B, REKKAMANU, GANDLAPENTA MANDAL, , City=KURUMAMIDI,
District=SRI SATHYA SAI, State=Andhra Pradesh",14.024692,78.315941,CCS,60.0,60,2
BPCL,Govt.,Andhra Pradesh,KURNOOL,ADONI,"12-628,, ADONI, , City=ADONI, District=KURNOOL, State=Andhra Pradesh",15.628774,77.257109,CCS,60.0,60,2
BPCL,Govt.,Andhra Pradesh,KRISHNA,PEDAPARUPUDI,"128/1,SH-111, PEDAPARAPUDI VILLAGE, , City=PEDAPARUPUDI,
District=KRISHNA, State=Andhra Pradesh",16.425338,80.956394,Bharat AC,3.0,3,1
BPCL,Govt.,Andhra Pradesh,Y.S.R Kadapa,PRODDATUR TOWN,"189/A1, GOPAVARAM, KORRAPADU ROAD JN,, , City=PRODDATUR TOWN,
District=Y.S.R KADAPA, State=Andhra Pradesh",14.767592,78.564238,CCS,60.0,60,2
BPCL,Govt.,Andhra Pradesh,Y.S.R Kadapa,CKDINNE,"204/1 AND 204/2,KOLUMULLAPALLI,, C K DINNE MANDAL, , City=CKDINNE,
District=Y.S.R KADAPA, State=Andhra Pradesh",14.403373,78.799994,CCS,60.0,60,2
BPCL,Govt.,Andhra Pradesh,Sri Potti Sriramulu Nellore,RAPUR,"225-1-A3, GONUPALLE, , City=RAPUR, District=SRI POTTI SRIRAMULU,
State=Andhra Pradesh",14.34378,79.447561,Bharat AC,3.0,3,1
BPCL,Govt.,Andhra Pradesh,Ananthapuramu,ANANTHAPUR,"28-4-398, BANGALORE ROAD, VIJAYNAGAR COLONY, , City=ANANTHAPUR,
District=ANANTAPUR, State=Andhra Pradesh",14.663633,77.613617,Bharat AC,3.0,3,1
BPCL,Govt.,Andhra Pradesh,ELURU,BHIMADOLE,"42/2 42/3,, BHIMADOLE, , City=BHIMADOLE, District=ELURU, State=Andhra Pradesh",16.810696,81.249489,Bharat AC,3.0,3,1
BPCL,Govt.,Andhra Pradesh,ANNAMAYYA,MULAKALACHERUVU,"444/2 AND 444/3, ON NH-205, , City=MULAKALACHERUVU,
District=ANNAMAYYA, State=Andhra Pradesh",13.811466,78.257306,CCS,60.0,60,2
BPCL,Govt.,Andhra Pradesh,Ananthapuramu,SANAPA VILLAGE,"47-3D2, SANAPA VILLAGE,, ATMAKUR MANDAL, , City=SANAPA VILLAGE,
District=ANANTAPUR, State=Andhra Pradesh",14.602662,77.474753,Bharat AC,3.0,3,1
BPCL,Govt.,Andhra Pradesh,EAST GODAVARI,BALABHADRAPURAM VILLAGE,"526/3,, CANEL ROAD,, , City=BALABHADRAPURAM VILLAGE, District=EAST
GODAVARI, State=Andhra Pradesh",16.951712,82.004001,Bharat AC,3.0,3,1
BPCL,Govt.,Andhra Pradesh,NTR,VIJAYAWADA,"54-13/2-2C,ROAD NO 7, BANK COLONY, , City=VIJAYAWADA, District=NTR,
State=Andhra Pradesh",16.51262,80.67204,Bharat AC,3.0,3,1
BPCL,Govt.,Andhra Pradesh,NTR,VIJAYAWADA,"76-15-7, BESIDE DARGA, NH-9, BHAVANIPURAM, , City=VIJAYAWADA,
District=NTR, State=Andhra Pradesh",16.528872,80.591465,CCS,60.0,60,2
BPCL,Govt.,Andhra Pradesh,SRI SATHYA SAI,TANAKAL VILLAGE,"791-3, 792-2, TANAKAL, TANAKAL TO MADANAPALLI ROAD, , City=TANAKAL
VILLAGE, District=SRI SATHYA SAI, State=Andhra Pradesh",13.883307,78.224829,CCS,60.0,60,2
BPCL,Govt.,Andhra Pradesh,KRISHNA,VIJAYAWADA,"8-1 ,, KAMAYYATOPU, , City=VIJAYAWADA, District=KRISHNA, State=Andhra Pradesh",16.48264,80.688597,Bharat AC,3.0,3,1
BPCL,Govt.,Andhra Pradesh,ANAKAPALLI,PAYAKARAOPET,"8-8-47/1,, MAIN ROAD, , City=PAYAKARAOPET, District=ANAKAPALLI,
State=Andhra Pradesh",17.367395,82.566744,Bharat AC,3.0,3,1
BPCL,Govt.,Andhra Pradesh,ANAKAPALLI,PAYAKARAOPET,"8-8-47/1,, MAIN ROAD, , City=PAYAKARAOPET, District=ANAKAPALLI,
State=Andhra Pradesh",17.367395,82.566744,CCS,120.0,120,2
BPCL,Govt.,Andhra Pradesh,ANNAMAYYA,MANGAMPET,"9/164,SAI RAM STREET, MANHAMPET, , City=MANGAMPET,
District=ANNAMAYYA, State=Andhra Pradesh",14.034622,79.321727,CCS,60.0,60,2
BPCL,Govt.,Andhra Pradesh,KAKINADA,KAKINADA,"ADB ROAD, SAMALKOT ROAD, , City=KAKINADA, District=KAKINADA,
State=Andhra Pradesh",17.024559,82.232842,CCS,60.0,60,2
BPCL,Govt.,Andhra Pradesh,PALNADU,ROMPICHERLA,"ADDANKI TO PIDUGURALLA ROAD, ROMPICHERLA VILLAGE, ,
City=ROMPICHERLA, District=PALNADU, State=Andhra Pradesh",16.201215,79.919234,CCS,60.0,60,2
BPCL,Govt.,Andhra Pradesh,NTR,VIJAYAWADA,"ADJACENT TO VIJAYAWADA WHOLESALE, COMMERCIAL COMPLEX,
GOLLAPUDI, , City=VIJAYAWADA, District=NTR, State=Andhra Pradesh",16.538783,80.589259,CCS,60.0,60,2
BPCL,Govt.,Andhra Pradesh,VISAKHAPATNAM,AGNAMPUDI,"AGANAMPUDI, NEAR TOLL GATE, NH-5, , City=AGNAMPUDI,
District=VISAKHAPATNAM, State=Andhra Pradesh",17.688045,83.141662,Type II,7.0,7,1
BPCL,Govt.,Andhra Pradesh,VISAKHAPATNAM,AGNAMPUDI,"AGANAMPUDI, NEAR TOLL GATE, NH-5, , City=AGNAMPUDI,
District=VISAKHAPATNAM, State=Andhra Pradesh",17.688045,83.141662,CCS,60.0,60,2
BPCL,Govt.,Andhra Pradesh,PRAKASAM,TANGUTUR MANDAL,"ALAKURAPADU VILLAGE, TANGUTUR, , City=TANGUTUR MANDAL,
District=PRAKASAM, State=Andhra Pradesh",15.360657,80.065358,Bharat AC,3.0,3,1
BPCL,Govt.,Andhra Pradesh,KAKINADA,,"ANNAVARAM ROAD, BENDAPUDI VILLAGE, THONDANGI MANDAL EAST
GODAVARI, , City=NA, District=KAKINADA, State=Andhra Pradesh",17.272205,82.392906,Bharat AC,3.0,3,1
BPCL,Govt.,Andhra Pradesh,WEST GODAVARI,ATTILI,"ATTILI MARTERU ROAD, SH 24, , City=ATTILI, District=WEST GODAVARI,
State=Andhra Pradesh",16.662899,81.620035,Bharat AC,3.0,3,1
BPCL,Govt.,Andhra Pradesh,ELURU,BANDIVARIGUDEM,"BANDIVARIGUDEM VILLAGE, T NARSAPURAM MANDAL, ,
City=BANDIVARIGUDEM, District=ELURU, State=Andhra Pradesh",17.168548,81.10039,Bharat AC,3.0,3,1
BPCL,Govt.,Andhra Pradesh,Nandyal,"KOILAKUNTLA MANDAL,KOILAKUNTLA","BANGANIPALLI -KOILAKUNTLA ROAD, #, , City=KOILAKUNTLA
MANDAL,KOILAKUNTLA, District=NANDYAL, State=Andhra Pradesh",15.23365,78.310342,CCS,60.0,60,2
BPCL,Govt.,Andhra Pradesh,CHITTOOR,JAMBUVARI PALLI VILLAGE,"BANGARUPALEM VILLAGE, NATINAL HIGHWAY - 4, , City=JAMBUVARI PALLI
VILLAGE, District=CHITTOOR, State=Andhra Pradesh",13.198961,78.921082,Bharat AC,3.0,3,1
BPCL,Govt.,Andhra Pradesh,ELURU,RAMACHERLAGUDEM,"BHARAT PETROLEUM  DEALERS, SURVEY NO 24/2,, ,
City=RAMACHERLAGUDEM, District=ELURU, State=Andhra Pradesh",17.126076,81.253849,CCS,60.0,60,2
BPCL,Govt.,Andhra Pradesh,ELURU,CHINTALAPUDI,"BHARAT PETROLEUM DEALERS, #, , City=CHINTALAPUDI, District=ELURU,
State=Andhra Pradesh",17.062949,80.983369,CCS,60.0,60,2
BPCL,Govt.,Andhra Pradesh,VIZIANAGARAM,BHUSAIVALASA,"BHUSAIVALASA, RAMABHADRAPURAM MANDAL, , City=BHUSAIVALASA,
District=VIZIANAGARAM, State=Andhra Pradesh",18.483093,83.285096,CCS,60.0,60,2
BPCL,Govt.,Andhra Pradesh,TIRUPATI,NEERPAKOTA,"BN KANDRIGA, BN KANDRIGA, , City=NEERPAKOTA, District=TIRUPATI,
State=Andhra Pradesh",13.690926,79.854637,CCS,60.0,60,2
BPCL,Govt.,Andhra Pradesh,PRAKASAM,K. BITRAGUNTA (PRAK),"BPCL RO NH-5 S.NO-157, VILL-BITRAGUNTA, , City=K. BITRAGUNTA (PRAK),
District=PRAKASAM, State=Andhra Pradesh",15.29371,80.02674,CCS,60.0,60,2
BPCL,Govt.,Andhra Pradesh,TIRUPATI,CHILLAKUR,"BYEPASS ROAD, CHILLAKUR VILLAGE, , City=CHILLAKUR, District=TIRUPATI,
State=Andhra Pradesh",14.12129,79.871463,CCS,60.0,60,2
BPCL,Govt.,Andhra Pradesh,Sri Potti Sriramulu Nellore,VINJAMUR MANDAL,"CHANDRAPADIYA VILLAGE, BUKKAPURAM, , City=VINJAMUR MANDAL,
District=SRI POTTI SRIRAMULU, State=Andhra Pradesh",14.782,79.59,Bharat AC,3.0,3,1
BPCL,Govt.,Andhra Pradesh,ELURU,NARAYANAPURAM,"CHEBROLU-GANAPAVARAM ROAD, NARAYANAPURAM VILLAGE, ,
City=NARAYANAPURAM, District=ELURU, State=Andhra Pradesh",16.81104,81.407939,Bharat AC,3.0,3,1
BPCL,Govt.,Andhra Pradesh,ANAKAPALLI,MADUTURU,"CHEEMALAPALLE (V), ACHUTAPURAM MANDAL, , City=MADUTURU,
District=ANAKAPALLI, State=Andhra Pradesh",17.574566,83.001452,Bharat AC,3.0,3,1
BPCL,Govt.,Andhra Pradesh,PRAKASAM,SOMAVARAPPADU,"CHIMAKURTHY TO EAST GANGAVARAM ROAD, TALLURU MANDAL, ,
City=SOMAVARAPPADU, District=PRAKASAM, State=Andhra Pradesh",15.703024,79.847063,Bharat AC,3.0,3,1
BPCL,Govt.,Andhra Pradesh,TIRUPATI,CHINNAGOTTIGALLU,"CHINNAGOTTIGALLU, CHINNAGOTTIGALLU, , City=CHINNAGOTTIGALLU,
District=TIRUPATI, State=Andhra Pradesh",13.65065,79.079597,CCS,60.0,60,2
BPCL,Govt.,Andhra Pradesh,PALNADU,CHILAKALURIPETA,"CHIRALA ROAD, PASUMARRU, , City=CHILAKALURIPETA, District=PALNADU,
State=Andhra Pradesh",16.08232,80.172425,Bharat AC,3.0,3,1
BPCL,Govt.,Andhra Pradesh,KRISHNA,PORANKI,"D.NO.7/91,S.NO.448/2C, PORANKI VILLAGE-PENAMALURU MANDAL, ,
City=PORANKI, District=KRISHNA, State=Andhra Pradesh",16.474153,80.713156,CCS,60.0,60,2
BPCL,Govt.,Andhra Pradesh,ELURU,DENDULUR MANDAL,"DENDULUR MANDAL, OPP TIRUMALA DAIRY, , City=DENDULUR MANDAL,
District=ELURU, State=Andhra Pradesh",16.792305,81.222976,CCS,60.0,60,2
BPCL,Govt.,Andhra Pradesh,ELURU,MADEPALLI VILLAGE,"ELURU TO KAIKALURU ROAD, SH 258, , City=MADEPALLI VILLAGE,
District=ELURU, State=Andhra Pradesh",16.66827,81.129,Bharat AC,3.0,3,1
BPCL,Govt.,Andhra Pradesh,ELURU,LINGAPALEM,"ELURU-CHINTALAPUDI ROAD, BESIDES MRO OFFICE, , City=LINGAPALEM,
District=ELURU, State=Andhra Pradesh",16.951453,80.989705,Bharat AC,3.0,3,1
BPCL,Govt.,Andhra Pradesh,ELURU,ADAMALLI,"ELURU-JANGAREDDYGUDEM ROAD, JANGAREDDYGUDEM ROAD, ,
City=ADAMALLI, District=ELURU, State=Andhra Pradesh",16.95828,81.19685,CCS,60.0,60,2
BPCL,Govt.,Andhra Pradesh,EAST GODAVARI,KOVVUR,"G.N.T.ROAD, KOVVUR, , City=KOVVUR, District=EAST GODAVARI,
State=Andhra Pradesh",17.02,81.731522,CCS,60.0,60,2
BPCL,Govt.,Andhra Pradesh,WEST GODAVARI,ELURU,"G.T. ROAD,, #, , City=ELURU, District=WEST GODAVARI, State=Andhra Pradesh",16.71022,81.095125,CCS,60.0,60,2
BPCL,Govt.,Andhra Pradesh,PALNADU,GAMALAPADU,"GAMALAPADU, DACHEPALLE, , City=GAMALAPADU, District=PALNADU,
State=Andhra Pradesh",16.632421,79.70246,Type II,7.0,7,1
BPCL,Govt.,Andhra Pradesh,PRAKASAM,GIDDALUR,"GIDDALORE - NANDYAL ROAD, PRAKASAM DISTRICT, , City=GIDDALUR,
District=PRAKASAM, State=Andhra Pradesh",15.37923,78.93329,Bharat AC,3.0,3,1
BPCL,Govt.,Andhra Pradesh,Sri Potti Sriramulu Nellore,MANUBOLU,"GNT ROAD, NELLORE DISTRICT, , City=MANUBOLU, District=SRI POTTI
SRIRAMULU, State=Andhra Pradesh",14.22704,79.88172,CCS,30.0,30,1
BPCL,Govt.,Andhra Pradesh,TIRUPATI,TADA,"GNT ROAD, TADA, , City=TADA, District=TIRUPATI, State=Andhra Pradesh",13.594193,80.030352,CCS,60.0,60,2
BPCL,Govt.,Andhra Pradesh,Ananthapuramu,PEDDAVDUGUR MANDAL,"GOOTY BYEPASS, GOOTY BYEPASS, , City=PEDDAVDUGUR MANDAL,
District=ANANTAPUR, State=Andhra Pradesh",15.088318,77.650641,CCS,60.0,60,2
BPCL,Govt.,Andhra Pradesh,PALNADU,DHARANIKOTA,"GUNTUR ROAD, SY NO 113/3, DHARANIKOTA, , City=DHARANIKOTA,
District=PALNADU, State=Andhra Pradesh",16.566361,80.358197,Bharat AC,3.0,3,1
BPCL,Govt.,Andhra Pradesh,PALNADU,PIDIGURALA,"GUNTUR-HYDERABAD STATE HIGHWAY, NEAR KONDAMODU JUNCTION, ,
City=PIDIGURALA, District=PALNADU, State=Andhra Pradesh",16.467393,79.908661,CCS,60.0,60,2
BPCL,Govt.,Andhra Pradesh,PALNADU,GURAZALA,"GURAZALA TOWN, GUNTUR DISTRICT, , City=GURAZALA, District=PALNADU,
State=Andhra Pradesh",16.553027,79.638009,Bharat AC,3.0,3,1
BPCL,Govt.,Andhra Pradesh,VISAKHAPATNAM,VISAKHAPATNAM,"H.NO.13-1-3, NEW GAJUWAKA, , City=VISAKHAPATNAM,
District=VISAKHAPATNAM, State=Andhra Pradesh",17.685495,83.216825,Bharat AC,3.0,3,1
BPCL,Govt.,Andhra Pradesh,CHITTOOR,CHITTOOR TOWN,"HIGH ROAD, CHITTOOR DISTRICT, , City=CHITTOOR TOWN,
District=CHITTOOR, State=Andhra Pradesh",13.22133,79.102091,LEV DC,15.0,7,1
BPCL,Govt.,Andhra Pradesh,ELURU,KOYYALAGUDEM,"HYDERABAD ROAD, #, , City=KOYYALAGUDEM, District=ELURU,
State=Andhra Pradesh",17.12833,81.42433,Bharat AC,3.0,3,1
BPCL,Govt.,Andhra Pradesh,ELURU,KOYYALAGUDEM,"HYDERABAD ROAD, #, , City=KOYYALAGUDEM, District=ELURU,
State=Andhra Pradesh",17.12833,81.42433,CCS,60.0,60,2
BPCL,Govt.,Andhra Pradesh,NTR,KONDAPALLI,"IDA KONDAPALLI, NH 30, OPP. VINAYAKA TEMPLE,, , City=KONDAPALLI,
District=NTR, State=Andhra Pradesh",16.641948,80.558426,CCS,60.0,60,2
BPCL,Govt.,Andhra Pradesh,Nandyal,DHONE,"JAGDURTHY, NH7, UDMULPADU, , City=DHONE, District=NANDYAL,
State=Andhra Pradesh",15.464466,77.894188,CCS,60.0,60,2
BPCL,Govt.,Andhra Pradesh,KURNOOL,KURNOOL,"JOHARAPURAM, KURNOOL MANDAL, , City=KURNOOL, District=KURNOOL,
State=Andhra Pradesh",15.79679,78.06689,Type II,7.0,7,1
BPCL,Govt.,Andhra Pradesh,Sri Potti Sriramulu Nellore,PODALKUR,"KALUVAI ROAD, PODALKUR TOWN, , City=PODALKUR, District=SRI POTTI
SRIRAMULU, State=Andhra Pradesh",14.381727,79.724425,CCS,60.0,60,2
BPCL,Govt.,Andhra Pradesh,Sri Potti Sriramulu Nellore,KANDUKURU,"KANDUKUR - SINGARAYAKONDA ROAD, PRAKASAM DISTRICT, ,
City=KANDUKURU, District=SRI POTTI SRIRAMULU, State=Andhra Pradesh",15.220608,79.915022,Bharat AC,3.0,3,1
BPCL,Govt.,Andhra Pradesh,KRISHNA,VIJAYAWADA,"KANURU VILLAGE,, PENAMALURU MANDAL, , City=VIJAYAWADA,
District=KRISHNA, State=Andhra Pradesh",16.4978,80.6591,LEV DC,15.0,7,1
BPCL,Govt.,Andhra Pradesh,TIRUPATI,PUTTUR,"KARVETINAGAR ROAD, PUTTUR TOWN, , City=PUTTUR, District=TIRUPATI,
State=Andhra Pradesh",13.437173,79.539258,Bharat AC,3.0,3,1
BPCL,Govt.,Andhra Pradesh,TIRUPATI,PUTTUR,"KARVETINAGAR ROAD, PUTTUR TOWN, , City=PUTTUR, District=TIRUPATI,
State=Andhra Pradesh",13.437173,79.539258,CCS,60.0,60,2
BPCL,Govt.,Andhra Pradesh,ANAKAPALLI,ANAKAPALLE,"KASIMKOTA, ANAKAPALLE, , City=ANAKAPALLE, District=ANAKAPALLI,
State=Andhra Pradesh",17.666673,82.95906,CCS,120.0,120,2
BPCL,Govt.,Andhra Pradesh,ELURU,PULLA,"KOLKATTA-CHENNAI ROAD, PULLA, , City=PULLA, District=ELURU,
State=Andhra Pradesh",16.805974,81.306658,CCS,60.0,60,2
BPCL,Govt.,Andhra Pradesh,PALNADU,NEMALIPURI VILLAGE,"KONDAMODU, PIDUGURALA, , City=NEMALIPURI VILLAGE,
District=PALNADU, State=Andhra Pradesh",16.427877,79.924179,CCS,60.0,60,2
BPCL,Govt.,Andhra Pradesh,GUNTUR,GUNTUR,"KOTHAPET, KOTHAPET, , City=GUNTUR, District=GUNTUR, A.P.,
State=Andhra Pradesh",16.299049,80.457004,Type II,7.0,7,1
BPCL,Govt.,Andhra Pradesh,GUNTUR,GUNTUR,"KOTHAPET, KOTHAPET, , City=GUNTUR, District=GUNTUR, A.P.,
State=Andhra Pradesh",16.299049,80.457004,CCS,60.0,60,2
BPCL,Govt.,Andhra Pradesh,EAST GODAVARI,KOVVURU,"KOVVURU, KOVVURU SH 1801, , City=KOVVURU, District=EAST GODAVARI,
State=Andhra Pradesh",17.029232,81.702125,Type II,7.0,7,1
BPCL,Govt.,Andhra Pradesh,EAST GODAVARI,KOVVURU,"KOVVURU, KOVVURU SH 1801, , City=KOVVURU, District=EAST GODAVARI,
State=Andhra Pradesh",17.029232,81.702125,CCS,120.0,120,2
BPCL,Govt.,Andhra Pradesh,EAST GODAVARI,RAJAHMUNDRY,"LALACHERUVU, NH 16, , City=RAJAHMUNDRY, District=EAST GODAVARI,
State=Andhra Pradesh",17.027302,81.808044,CCS,60.0,60,2
BPCL,Govt.,Andhra Pradesh,PALNADU,VELDURHTY,"MACHERLA SRISAILAM ROAD, SY.NO 49/4, , City=VELDURHTY,
District=PALNADU, State=Andhra Pradesh",16.352507,79.378766,Bharat AC,3.0,3,1
BPCL,Govt.,Andhra Pradesh,CHITTOOR,PUNGANUR,"MADANAPALLI-PUNGANUR ROAD, NH-219,KALAVATHI VILLAGE, ,
City=PUNGANUR, District=CHITTOOR, State=Andhra Pradesh",13.369579,78.574219,CCS,60.0,60,2
BPCL,Govt.,Andhra Pradesh,CHITTOOR,PALAMANER,"MADRAS BLORE NH4, NATIONAL HIGHAWAY -  4, , City=PALAMANER,
District=CHITTOOR, State=Andhra Pradesh",13.201343,78.752317,Bharat AC,3.0,3,1
BPCL,Govt.,Andhra Pradesh,Dr. B.R. Ambedkar Konaseema,MALKIPURAM,"MAIN ROAD, MALKIPURAM, , City=MALKIPURAM, District=KONASEEMA,
State=Andhra Pradesh",16.408749,81.796702,Bharat AC,3.0,3,1
BPCL,Govt.,Andhra Pradesh,Dr. B.R. Ambedkar Konaseema,AMALAPURAM,"MAIN ROAD, NEAR BUS STAND, , City=AMALAPURAM, District=KONASEEMA,
State=Andhra Pradesh",16.581128,81.99682,Bharat AC,3.0,3,1
BPCL,Govt.,Andhra Pradesh,Sri Potti Sriramulu Nellore,MUTYALAPADU,"MUTYALAPADU, MUTYALAPADU, , City=MUTYALAPADU, District=SRI POTTI
SRIRAMULU, State=Andhra Pradesh",15.022101,79.82039,Bharat AC,3.0,3,1
BPCL,Govt.,Andhra Pradesh,Sri Potti Sriramulu Nellore,MYPADU,"MYPADU ROAD, NELLORE DISTRICT, , City=MYPADU, District=SRI POTTI
SRIRAMULU, State=Andhra Pradesh",14.506339,80.159163,CCS,60.0,60,2
BPCL,Govt.,Andhra Pradesh,SRIKAKULAM,PEDDAPADU,"N.H. - 5, PEDDAPADU, , City=PEDDAPADU, District=SRIKAKULAM,
State=Andhra Pradesh",18.323172,83.937413,Bharat AC,3.0,3,1
BPCL,Govt.,Andhra Pradesh,SRIKAKULAM,PEDDAPADU,"N.H. - 5, PEDDAPADU, , City=PEDDAPADU, District=SRIKAKULAM,
State=Andhra Pradesh",18.323172,83.937413,CCS,60.0,60,2
BPCL,Govt.,Andhra Pradesh,Dr. B.R. Ambedkar Konaseema,RAVULAPALEM,"N.H. 5, RAVULAPADU VILLAGE, , City=RAVULAPALEM, District=KONASEEMA,
State=Andhra Pradesh",16.743719,81.833843,Bharat AC,3.0,3,1
BPCL,Govt.,Andhra Pradesh,Dr. B.R. Ambedkar Konaseema,RAVULAPALEM,"N.H. 5, RAVULAPADU VILLAGE, , City=RAVULAPALEM, District=KONASEEMA,
State=Andhra Pradesh",16.743719,81.833843,CCS,120.0,120,2
BPCL,Govt.,Andhra Pradesh,PALNADU,CHILAKALURIPETA,"NARASARAOPETA ROAD, CHILAKALURIPETA, , City=CHILAKALURIPETA,
District=PALNADU, State=Andhra Pradesh",16.101258,80.161072,Bharat AC,3.0,3,1
BPCL,Govt.,Andhra Pradesh,Sri Potti Sriramulu Nellore,THETTU,"NATIONAL HIGHWAY - 5, PRAKASAM DISTRICT, , City=THETTU, District=SRI
POTTI SRIRAMULU, State=Andhra Pradesh",15.04573,79.99995,CCS,60.0,60,2
BPCL,Govt.,Andhra Pradesh,PALNADU,SATTENNAPALLI,"NEAR HOLY FAMILY HOSPITAL, SATTENNAPALLI, , City=SATTENNAPALLI,
District=PALNADU, State=Andhra Pradesh",16.39213,80.161468,Bharat AC,3.0,3,1
BPCL,Govt.,Andhra Pradesh,BAPATLA,CHIRALA,"NEAR ITC, CHIRAL- BAPETLA ROAD, , City=CHIRALA, District=BAPATLA,
State=Andhra Pradesh",15.839642,80.369512,Bharat AC,3.0,3,1
BPCL,Govt.,Andhra Pradesh,Sri Potti Sriramulu Nellore,THALAMANCHI,"NEAR KREBBS BIOCHEMICALS FACTORY, NATINAL HIGHWAY - 5, ,
City=THALAMANCHI, District=SRI POTTI SRIRAMULU, State=Andhra Pradesh",14.615643,79.981363,CCS,60.0,60,2
BPCL,Govt.,Andhra Pradesh,VISAKHAPATNAM,VISAKHAPATNAM,"NEAR MANORAMA THEATRE, BOWDARA ROAD, , City=VISAKHAPATNAM,
District=VISAKHAPATNAM, State=Andhra Pradesh",17.713353,83.294187,Bharat AC,3.0,3,1
BPCL,Govt.,Andhra Pradesh,WEST GODAVARI,BHIMAVARAM,"NEAR PADMALAYA THEATRE, BHIMAVARAM - JP ROAD, ,
City=BHIMAVARAM, District=WEST GODAVARI, State=Andhra Pradesh",16.542846,81.511434,Bharat AC,3.0,3,1
BPCL,Govt.,Andhra Pradesh,Sri Potti Sriramulu Nellore,BUCHIREDDYPALEM,"NELLORE BOMBAY HIGHWAY, NELLORE - BOMBAY ROAD, ,
City=BUCHIREDDYPALEM, District=SRI POTTI SRIRAMULU, State=Andhra Pradesh",14.534003,79.879993,CCS,60.0,60,2
BPCL,Govt.,Andhra Pradesh,EAST GODAVARI,RAJANAGARAM,"NH 16, RAJANAGARAM MANDAL, , City=RAJANAGARAM, District=EAST
GODAVARI, State=Andhra Pradesh",17.081564,81.901531,Type II,7.0,7,1
BPCL,Govt.,Andhra Pradesh,EAST GODAVARI,RAJANAGARAM,"NH 16, RAJANAGARAM MANDAL, , City=RAJANAGARAM, District=EAST
GODAVARI, State=Andhra Pradesh",17.081564,81.901531,CCS,120.0,120,2
BPCL,Govt.,Andhra Pradesh,NTR,VIJAYAWADA,"NH 16,, NIDAMANURU, , City=VIJAYAWADA, District=NTR, State=Andhra Pradesh",16.510787,80.728105,CCS,60.0,60,2
BPCL,Govt.,Andhra Pradesh,Nandyal,CHAGALAMARI,"NH 18, CHAGLAMARI, TOWARDS NANDYAL, , City=CHAGALAMARI,
District=NANDYAL, State=Andhra Pradesh",14.96295,78.58166,CCS,60.0,60,2
BPCL,Govt.,Andhra Pradesh,PARVATHIPURAM MANYAM,SALURU,"NH 43, KOTAKKI VILLAGE, RAMABHADRAPURAM MANDAL, , City=SALURU,
District=PARVATHIPURAM MANYAM, State=Andhra Pradesh",18.510277,83.221027,CCS,60.0,60,2
BPCL,Govt.,Andhra Pradesh,GUNTUR,GUNTUR,"NH 5, ETUKURU BYE PASS JUNCTION, , City=GUNTUR, District=GUNTUR,
State=Andhra Pradesh",16.267002,80.458288,CCS,60.0,60,2
BPCL,Govt.,Andhra Pradesh,KRISHNA,GANNAVARAM,"NH 5,, GANNAVARAM, , City=GANNAVARAM, District=KRISHNA,
State=Andhra Pradesh",16.547015,80.81484,CCS,30.0,30,1
BPCL,Govt.,Andhra Pradesh,PALNADU,CHILAKALURIPETA,"NH-16, MURIKIPUDI VILLAGE, , City=CHILAKALURIPETA, District=PALNADU,
State=Andhra Pradesh",16.046964,80.14071,CCS,60.0,60,2
BPCL,Govt.,Andhra Pradesh,PRAKASAM,MADDIPADU MANDAL,"NH-16, SITARAMAPURAM VILLAGE, , City=MADDIPADU MANDAL,
District=PRAKASAM, State=Andhra Pradesh",15.59711,80.032978,Type II,7.0,7,1
BPCL,Govt.,Andhra Pradesh,KURNOOL,NANNURU,"NH-18, NANNURU, ORVAKAL MANDAL, , City=NANNURU, District=KURNOOL,
State=Andhra Pradesh",15.820607,78.167844,CCS,60.0,60,2
BPCL,Govt.,Andhra Pradesh,PRAKASAM,THROVAGUNTA,"NH-216 ONGOLE TO CHIRALA ROAD, THROVAGUNTA VILLAGE, ,
City=THROVAGUNTA, District=PRAKASAM, State=Andhra Pradesh",15.56852,80.074133,CCS,60.0,60,2
BPCL,Govt.,Andhra Pradesh,VIZIANAGARAM,BODDAVALASA,"NH-23, VIZIANAGARM-VIZAG ROAD, DENKADA MANDAL, ,
City=BODDAVALASA, District=VIZIANAGARAM, State=Andhra Pradesh",18.03896,83.406465,CCS,120.0,120,2
BPCL,Govt.,Andhra Pradesh,GUNTUR,MANGALAGIRI,"NH-5, ATMAKURU VILLAGE, , City=MANGALAGIRI, District=GUNTUR,
State=Andhra Pradesh",16.424469,80.576192,CCS,60.0,60,2
BPCL,Govt.,Andhra Pradesh,VISAKHAPATNAM,ANANDAPURAM,"NH-5, BHEEMUNIPATNAM MANDAL, TAGARAPUVALASA, ,
City=ANANDAPURAM, District=VISAKHAPATNAM, State=Andhra Pradesh",17.904772,83.406803,CCS,120.0,120,2
BPCL,Govt.,Andhra Pradesh,VISAKHAPATNAM,VISAKHAPATNAM,"NH-5, BHPV POST, SHEILA NAGAR, , City=VISAKHAPATNAM,
District=VISAKHAPATNAM, State=Andhra Pradesh",17.716564,83.204724,CCS,30.0,30,1
BPCL,Govt.,Andhra Pradesh,SRIKAKULAM,KANNEVALASA,"NH-5, KANNEVALASA, KOTABOMMALI MANDAL, , City=KANNEVALASA,
District=SRIKAKULAM, State=Andhra Pradesh",18.534513,84.166377,CCS,120.0,120,2
BPCL,Govt.,Andhra Pradesh,SRIKAKULAM,ICHAPURAM,"NH-5,JADUPUDI VILLAGE, ICHAPURAM MANDAL, , City=ICHAPURAM,
District=SRIKAKULAM, State=Andhra Pradesh",19.029866,84.619084,Bharat AC,3.0,3,1
BPCL,Govt.,Andhra Pradesh,SRIKAKULAM,ICHAPURAM,"NH-5,JADUPUDI VILLAGE, ICHAPURAM MANDAL, , City=ICHAPURAM,
District=SRIKAKULAM, State=Andhra Pradesh",19.029866,84.619084,CCS,60.0,60,2
BPCL,Govt.,Andhra Pradesh,ANAKAPALLI,YERRAVARAM,"NH-5,SURVEY NO 36&37/5, YERRAVARAM VILLAGE, , City=YERRAVARAM,
District=ANAKAPALLI, State=Andhra Pradesh",17.543381,82.834225,CCS,120.0,120,2
BPCL,Govt.,Andhra Pradesh,Nandyal,DHONE,"NH-7, P.O.35, , City=DHONE, District=NANDYAL, State=Andhra Pradesh",15.368712,77.831408,CCS,30.0,30,1
BPCL,Govt.,Andhra Pradesh,EAST GODAVARI,NIDADAVOLU,"NIDADAVOLU YERNAGUDEM ROAD, OPP.RELIANCE TOWER, ,
City=NIDADAVOLU, District=EAST GODAVARI, State=Andhra Pradesh",16.906696,81.664422,Bharat AC,3.0,3,1
BPCL,Govt.,Andhra Pradesh,EAST GODAVARI,NIDADAVOLU,"NIDADAVOLU YERNAGUDEM ROAD, OPP.RELIANCE TOWER, ,
City=NIDADAVOLU, District=EAST GODAVARI, State=Andhra Pradesh",16.906696,81.664422,CCS,60.0,60,2
BPCL,Govt.,Andhra Pradesh,SRI SATHYA SAI,OBULADEVACHERUVU,"ODC, ODC, , City=OBULADEVACHERUVU, District=SRI SATHYA SAI,
State=Andhra Pradesh",14.02549,78.000424,CCS,60.0,60,2
BPCL,Govt.,Andhra Pradesh,VISAKHAPATNAM,OLD GAJUWAKA,"OLD GAJUWAKA JUNCTION, OLD GAJUWAKA JUNCTION, , City=OLD
GAJUWAKA, District=VISAKHAPATNAM, State=Andhra Pradesh",17.68395,83.202367,Bharat AC,3.0,3,1
BPCL,Govt.,Andhra Pradesh,SRIKAKULAM,TEKKALI,"OLD NH-5 ROAD, OPP.SUDARSHAN THEATRE, , City=TEKKALI,
District=SRIKAKULAM, State=Andhra Pradesh",18.60882,84.23153,Bharat AC,3.0,3,1
BPCL,Govt.,Andhra Pradesh,PALNADU,KANAMARLAPUDI,"ON LHS ON NATIONAL HW, VINUKONDA-NARASARAOPET ROAD, ,
City=KANAMARLAPUDI, District=PALNADU, State=Andhra Pradesh",16.105773,79.817481,CCS,60.0,60,2
BPCL,Govt.,Andhra Pradesh,BAPATLA,KOMMALAPADU,"ON LHS ON STATE HIGHWAY, SANTHAMAGALUR-ADDANKI ROAD, ,
City=KOMMALAPADU, District=BAPATLA, State=Andhra Pradesh",16.021312,79.945579,CCS,60.0,60,2
BPCL,Govt.,Andhra Pradesh,Sri Potti Sriramulu Nellore,DUTTALUR,"ON NH 565, DUTTALUR, , City=DUTTALUR, District=SRI POTTI SRIRAMULU,
State=Andhra Pradesh",14.8668,79.4098,CCS,60.0,60,2
BPCL,Govt.,Andhra Pradesh,PRAKASAM,ONGOLE,"ON NH-16, VALLUR VILL & POST, , City=ONGOLE, District=PRAKASAM,
State=Andhra Pradesh",15.437143,80.044589,Type II,7.0,7,1
BPCL,Govt.,Andhra Pradesh,PRAKASAM,THRIPURANTHAKAM,"ON SH-50,  K.G. ROAD,, TRIPURANTHAKAM MANDAL, ,
City=THRIPURANTHAKAM, District=PRAKASAM, State=Andhra Pradesh",15.989714,79.443063,CCS,60.0,60,2
BPCL,Govt.,Andhra Pradesh,PRAKASAM,CHIMAKURTHY,"ONGOLE - CHIMAKURTHI ROAD, PRAKASAM DISTRICT, , City=CHIMAKURTHY,
District=PRAKASAM, State=Andhra Pradesh",15.587299,79.851519,CCS,60.0,60,2
BPCL,Govt.,Andhra Pradesh,BAPATLA,MEDARAMETLA,"OPP BUS STAND, MEDARAMETLA, PRAKASAM DISTRICT, ,
City=MEDARAMETLA, District=BAPATLA, State=Andhra Pradesh",15.723395,80.016012,Bharat AC,3.0,3,1
BPCL,Govt.,Andhra Pradesh,VIZIANAGARAM,VIZIANAGARAM,"OPP VARUN MOTORS, RING ROAD, , City=VIZIANAGARAM,
District=VIZIANAGARAM, State=Andhra Pradesh",18.102165,83.418281,Bharat AC,3.0,3,1
BPCL,Govt.,Andhra Pradesh,VIZIANAGARAM,VIZIANAGARAM,"OPP VARUN MOTORS, RING ROAD, , City=VIZIANAGARAM,
District=VIZIANAGARAM, State=Andhra Pradesh",18.102165,83.418281,CCS,60.0,60,2
BPCL,Govt.,Andhra Pradesh,EAST GODAVARI,RAJAHMUNDRY,"OPPOSITE TO PADMAVATHI GHAT, D.NO.8-14-9/10,8-12-5, ,
City=RAJAHMUNDRY, District=EAST GODAVARI, State=Andhra Pradesh",17.000551,81.768503,LEV DC,15.0,7,1
BPCL,Govt.,Andhra Pradesh,TIRUPATI,OZILI RAJUPALEM,"OZILI MANDAL, NATIONAL HIGHWAY -5, , City=OZILI RAJUPALEM,
District=TIRUPATI, State=Andhra Pradesh",14.034021,79.895164,CCS,60.0,60,2
BPCL,Govt.,Andhra Pradesh,CHITTOOR,CHITTOOR TOWN,"PALAMANER ROAD, CHITTOOR TOWN, , City=CHITTOOR TOWN,
District=CHITTOOR, State=Andhra Pradesh",13.2136,79.096708,Bharat AC,3.0,3,1
BPCL,Govt.,Andhra Pradesh,Nandyal,518442,"PAMULAPADU, #, , City=518442, District=NANDYAL, State=Andhra Pradesh",15.813552,78.463827,CCS,60.0,60,2
BPCL,Govt.,Andhra Pradesh,VISAKHAPATNAM,VISAKHAPATNAM,"PARADESIPALEM VILLAGE, CHINAGADILI MANDAL, , City=VISAKHAPATNAM,
District=VISAKHAPATNAM, State=Andhra Pradesh",17.832658,83.358173,Bharat AC,3.0,3,1
BPCL,Govt.,Andhra Pradesh,VISAKHAPATNAM,VISAKHAPATNAM,"PARADESIPALEM VILLAGE, CHINAGADILI MANDAL, , City=VISAKHAPATNAM,
District=VISAKHAPATNAM, State=Andhra Pradesh",17.832658,83.358173,CCS,60.0,60,2
BPCL,Govt.,Andhra Pradesh,Ananthapuramu,GUNTAKAL,"PATHAKOTHACHERUVU, PATHAKOTHACHERUVU, , City=GUNTAKAL,
District=ANANTAPUR, State=Andhra Pradesh",15.156521,77.510345,CCS,60.0,60,2
BPCL,Govt.,Andhra Pradesh,SRIKAKULAM,SRIKAKULAM,"PATRUNIVALSSA VILLAGE, SRIKAKULAM MANDAL, , City=SRIKAKULAM,
District=SRIKAKULAM, State=Andhra Pradesh",18.308102,83.916734,Bharat AC,3.0,3,1
BPCL,Govt.,Andhra Pradesh,NTR,VIJAYAWADA,"PAYAKAPURAM INNER RING ROAD, PAYAKAPURAM, , City=VIJAYAWADA,
District=NTR, State=Andhra Pradesh",16.545824,80.669492,CCS,60.0,60,2
BPCL,Govt.,Andhra Pradesh,KAKINADA,peddapuram,"PEDDAPURAM, PEDDAPURAM, , City=PEDDAPURAM, District=KAKINADA,
State=Andhra Pradesh",17.069449,82.153745,CCS,60.0,60,2
BPCL,Govt.,Andhra Pradesh,VIZIANAGARAM,VIZIANAGARAM,"PHOOLBAGH, PALAKONDA ROAD, , City=VIZIANAGARAM,
District=VIZIANAGARAM, State=Andhra Pradesh",18.136735,83.431193,Bharat AC,3.0,3,1
BPCL,Govt.,Andhra Pradesh,VISAKHAPATNAM,ANANDAPURAM,"PLOT NO 186/4,5,6,7,8, PEDDIPALEM VILLAGE, , City=ANANDAPURAM,
District=VISAKHAPATNAM, State=Andhra Pradesh",17.901081,83.397291,Bharat AC,3.0,3,1
BPCL,Govt.,Andhra Pradesh,VISAKHAPATNAM,ANANDAPURAM,"PLOT NO 186/4,5,6,7,8, PEDDIPALEM VILLAGE, , City=ANANDAPURAM,
District=VISAKHAPATNAM, State=Andhra Pradesh",17.901081,83.397291,CCS,120.0,120,2
BPCL,Govt.,Andhra Pradesh,NTR,VIJAYAWADA,"PLOT NO.7,100 FEET ROAD, AUTONAGAR MACHILIPATNAM ROAD, ,
City=VIJAYAWADA, District=NTR, State=Andhra Pradesh",16.508413,80.67751,CCS,60.0,60,2
BPCL,Govt.,Andhra Pradesh,Sri Potti Sriramulu Nellore,NELLORE,"PLOT NO.B-12, INDUSTRIAL AREA, G.N.T ROAD, , City=NELLORE,
District=NELLORE, A.P., State=Andhra Pradesh",14.41805,79.95987,Bharat AC,3.0,3,1
BPCL,Govt.,Andhra Pradesh,ANNAMAYYA,GALIVEEDU,"POLICE STATION, GALIVEEDU, GALIVEEDU, , City=GALIVEEDU,
District=ANNAMAYYA, State=Andhra Pradesh",14.023384,78.504004,Bharat AC,3.0,3,1
BPCL,Govt.,Andhra Pradesh,Y.S.R Kadapa,GOPAVARAM,"PP KUNTA, BADVEL MANDAL, KADAPA DISTRICT, , City=GOPAVARAM,
District=Y.S.R KADAPA, State=Andhra Pradesh",14.694664,79.143565,CCS,60.0,60,2
BPCL,Govt.,Andhra Pradesh,ELURU,ELURU,"R.S NO.65/PGOODS SHED ROAD, NEAR OLD BUS STAND, , City=ELURU,
District=ELURU, State=Andhra Pradesh",16.713279,81.114954,Bharat AC,3.0,3,1
BPCL,Govt.,Andhra Pradesh,NTR,KONDAPALLI,"R.S.NO. 220/3,, SHANTINAGAR, , City=KONDAPALLI, District=NTR,
State=Andhra Pradesh",16.631635,80.555368,CCS,60.0,60,2
BPCL,Govt.,Andhra Pradesh,KAKINADA,KAKINADA,"RAJA RAMMOHAN ROY ROAD, OPP. MRO OFFICE, , City=KAKINADA,
District=KAKINADA, State=Andhra Pradesh",16.954213,82.231531,Bharat AC,3.0,3,1
BPCL,Govt.,Andhra Pradesh,KAKINADA,KAKINADA,"RAJA RAMMOHAN ROY ROAD, OPP. MRO OFFICE, , City=KAKINADA,
District=KAKINADA, State=Andhra Pradesh",16.954213,82.231531,CCS,60.0,60,2
BPCL,Govt.,Andhra Pradesh,EAST GODAVARI,"KOLAMURU VILLAGE, RAJAHMUNDRY RU","RAJAHMUNDRY-KORUKONDA ROAD, KONTHAMURU VILLAGE, KOLAMURU PANCHA, , City=KOLAMURU VILLAGE, RAJAHMUNDRY RURAL, District=EAST
GODAVARI, State=Andhra Pradesh",17.03945,81.793476,Bharat AC,3.0,3,1
BPCL,Govt.,Andhra Pradesh,VIZIANAGARAM,RAJAM,"RAJAM, RAJAMP, , City=RAJAM, District=VIZIANAGARAM, State=Andhra Pradesh",18.449425,83.661097,Bharat AC,3.0,3,1
BPCL,Govt.,Andhra Pradesh,PALNADU,RAVIPADU,"RAVIPADU, NARASARAOPET ROAD, , City=RAVIPADU, District=PALNADU,
State=Andhra Pradesh",16.253097,80.019049,CCS,60.0,60,2
BPCL,Govt.,Andhra Pradesh,KAKINADA,TUNI,"REKHAVANIPALEM, TUNI MANDAL, EAST GODAVARI DIST, A.P, , City=TUNI,
District=KAKINADA, State=Andhra Pradesh",17.379969,82.538314,Bharat AC,3.0,3,1
BPCL,Govt.,Andhra Pradesh,WEST GODAVARI,MUDUNURU,"RS NO - 222/3,222/4, MUDUNURU, PENTAPADU MANDAL, ,
City=MUDUNURU, District=WEST GODAVARI, State=Andhra Pradesh",16.753508,81.532749,Bharat AC,3.0,3,1
BPCL,Govt.,Andhra Pradesh,KRISHNA,PEDANA,"RS NO 340/1, 15, NEAR ST VINCENT POLLOTI SCHOOL, , City=PEDANA,
District=KRISHNA, State=Andhra Pradesh",16.266544,81.140688,CCS,60.0,60,2
BPCL,Govt.,Andhra Pradesh,KRISHNA,GANNAVARAM,"RS NO- 5/2 & 5/4, ATKUR, , City=GANNAVARAM, District=KRISHNA,
State=Andhra Pradesh",16.568594,80.857308,CCS,30.0,30,1
BPCL,Govt.,Andhra Pradesh,VISAKHAPATNAM,VISAKHAPATNAM,"RS NO 671(P), KANITHI VILLAGE, GAJUWAKA MANDAL, ,
City=VISAKHAPATNAM, District=VISAKHAPATNAM, State=Andhra Pradesh",17.653862,83.195858,CCS,60.0,60,2
BPCL,Govt.,Andhra Pradesh,SRIKAKULAM,KANNEVALASA,"RS NO 74/1A, KOTABOMMALI PANCHAYAT, , City=KANNEVALASA,
District=SRIKAKULAM, State=Andhra Pradesh",18.588982,84.16626,Bharat AC,3.0,3,1
BPCL,Govt.,Andhra Pradesh,SRIKAKULAM,KANNEVALASA,"RS NO 74/1A, KOTABOMMALI PANCHAYAT, , City=KANNEVALASA,
District=SRIKAKULAM, State=Andhra Pradesh",18.588982,84.16626,CCS,60.0,60,2
BPCL,Govt.,Andhra Pradesh,EAST GODAVARI,RAJAHMUNDRY,"RS NO. 465, GADALA, RJY TO BHDRCHLM, SH 41, , City=RAJAHMUNDRY,
District=EAST GODAVARI, State=Andhra Pradesh",17.074847,81.817404,CCS,60.0,60,2
BPCL,Govt.,Andhra Pradesh,KRISHNA,VADLAMANNADU,"RS NO. 581/3B, VADLAMANNADU, , City=VADLAMANNADU,
District=KRISHNA, State=Andhra Pradesh",16.30274,81.10731,Bharat AC,3.0,3,1
BPCL,Govt.,Andhra Pradesh,PRAKASAM,PRAKASAM,"RS NO. 707, 705A,712B, TRUNK ROAD, TANGUTUR, , City=PRAKASAM,
District=PRAKASAM, State=Andhra Pradesh",15.34961,80.03839,Bharat AC,3.0,3,1
BPCL,Govt.,Andhra Pradesh,ELURU,KALAPARRU,"RS NO.73/8, 73/7B, 73/6A, PEDAPADU MANDAL,NH 5, , City=KALAPARRU,
District=ELURU, State=Andhra Pradesh",16.672149,81.016653,CCS,60.0,60,2
BPCL,Govt.,Andhra Pradesh,Ananthapuramu,RUDRAMPET,"RUDRAMPET BYPASSS,ALAMURU ROAD, ANANTAPUR, , City=RUDRAMPET,
District=ANANTAPUR, State=Andhra Pradesh",14.667454,77.57951,Bharat AC,3.0,3,1
BPCL,Govt.,Andhra Pradesh,KAKINADA,JAGGAMPETA,"S. NO. 318/1, RAMAVARAM VILLAGE, NH-16, JAGGAMPETA MANDAL, ,
City=JAGGAMPETA, District=KAKINADA, State=Andhra Pradesh",17.185303,82.075692,Bharat AC,3.0,3,1
BPCL,Govt.,Andhra Pradesh,KAKINADA,JAGGAMPETA,"S. NO. 318/1, RAMAVARAM VILLAGE, NH-16, JAGGAMPETA MANDAL, ,
City=JAGGAMPETA, District=KAKINADA, State=Andhra Pradesh",17.185303,82.075692,CCS,60.0,60,2
BPCL,Govt.,Andhra Pradesh,KAKINADA,GANDEPALLI,"S. NO. 7/2B1, BORRAMPALEM VILLAGE ON NH16, , City=GANDEPALLI,
District=KAKINADA, State=Andhra Pradesh",17.138394,81.972833,Type II,7.0,7,1
BPCL,Govt.,Andhra Pradesh,KAKINADA,GANDEPALLI,"S. NO. 7/2B1, BORRAMPALEM VILLAGE ON NH16, , City=GANDEPALLI,
District=KAKINADA, State=Andhra Pradesh",17.138394,81.972833,CCS,60.0,60,2
BPCL,Govt.,Andhra Pradesh,Dr. B.R. Ambedkar Konaseema,AMALAPURAM,"S.NO 536/7, PERAMMA AGRAHARAM, , City=AMALAPURAM,
District=KONASEEMA, State=Andhra Pradesh",16.554579,81.990737,Bharat AC,3.0,3,1
BPCL,Govt.,Andhra Pradesh,Dr. B.R. Ambedkar Konaseema,RAVULAPALEM,"S.NO. 270/6B, NH-16, LAKSHMI POLAVARAM VILLAGE, , City=RAVULAPALEM,
District=KONASEEMA, State=Andhra Pradesh",16.743338,81.834874,Type II,7.0,7,1
BPCL,Govt.,Andhra Pradesh,Dr. B.R. Ambedkar Konaseema,RAVULAPALEM,"S.NO. 270/6B, NH-16, LAKSHMI POLAVARAM VILLAGE, , City=RAVULAPALEM,
District=KONASEEMA, State=Andhra Pradesh",16.743338,81.834874,CCS,120.0,120,2
BPCL,Govt.,Andhra Pradesh,NTR,KANCHIKACHERLA MANDAL,"S.NO. 778/2A, PARITALA VILLAGE, KANCHIKASHERLA MANDAL, ,
City=KANCHIKACHERLA MANDAL, District=NTR, State=Andhra Pradesh",16.623136,80.452575,CCS,30.0,30,1
BPCL,Govt.,Andhra Pradesh,SRIKAKULAM,RAGOLU,"S.NO.234/8, PALAKONDA ROAD, , City=RAGOLU, District=SRIKAKULAM,
State=Andhra Pradesh",18.340405,83.892844,Bharat AC,3.0,3,1
BPCL,Govt.,Andhra Pradesh,NTR,VIJAYAWADA,"S.NO.60,70 & 90, NH-9, , City=VIJAYAWADA, District=NTR, State=Andhra Pradesh",16.589516,80.518799,CCS,30.0,30,1
BPCL,Govt.,Andhra Pradesh,Y.S.R Kadapa,KADAPA,"S.NO.941-2A,2B, 3/3, DEVUNI KADAPA ROAD, , City=KADAPA, District=Y.S.R
KADAPA, State=Andhra Pradesh",14.487608,78.831641,Bharat AC,3.0,3,1
BPCL,Govt.,Andhra Pradesh,NTR,MYLAVARAM,"S.NO-60/1C, MYLAVARAM VILL & MANDAL, VIJAYAWADA - TIRUVURU ROAD,
, City=MYLAVARAM, District=NTR, State=Andhra Pradesh",16.768437,80.642112,Type II,7.0,7,1
BPCL,Govt.,Andhra Pradesh,PALNADU,VINUKONDA,"S.Y.NO.942/1, D.NO.4/562, NEAR AYYAPPA TEMPLE, , City=VINUKONDA,
District=PALNADU, State=Andhra Pradesh",16.037607,79.726593,CCS,60.0,60,2
BPCL,Govt.,Andhra Pradesh,SRIKAKULAM,SAKIPALLI,"SAKIPALLI VILLAGE, TEKKALI MANDAL, , City=SAKIPALLI,
District=SRIKAKULAM, State=Andhra Pradesh",18.574907,84.202491,CCS,120.0,120,2
BPCL,Govt.,Andhra Pradesh,PALNADU,PEESAPADU,"SATTENAPALLI  KROSURU ROAD, SY NO 188 B  188C, , City=PEESAPADU,
District=PALNADU, State=Andhra Pradesh",16.492439,80.14244,Bharat AC,3.0,3,1
BPCL,Govt.,Andhra Pradesh,VISAKHAPATNAM,VISAKHAPATNAM,"SCINDIA-CHAVULAMADHUM ROAD, NEAR NAVAL DOCKYARD, ,
City=VISAKHAPATNAM, District=VISAKHAPATNAM, State=Andhra Pradesh",17.71385,83.265139,Bharat AC,3.0,3,1
BPCL,Govt.,Andhra Pradesh,VISAKHAPATNAM,VISAKHAPATNAM,"SCINDIA-CHAVULAMADHUM ROAD, NEAR NAVAL DOCKYARD, ,
City=VISAKHAPATNAM, District=VISAKHAPATNAM, State=Andhra Pradesh",17.71385,83.265139,CCS,60.0,60,2
BPCL,Govt.,Andhra Pradesh,TIRUPATI,TIRUPATI,"SETTYPALLI RENIGUNTA, #, , City=TIRUPATI, District=TIRUPATI, State=Andhra
Pradesh",13.631421,79.471326,Bharat AC,3.0,3,1
BPCL,Govt.,Andhra Pradesh,TIRUPATI,TIRUPATI,"SETTYPALLI RENIGUNTA, #, , City=TIRUPATI, District=TIRUPATI, State=Andhra
Pradesh",13.631421,79.471326,CCS,60.0,60,2
BPCL,Govt.,Andhra Pradesh,PALNADU,PIDUGURALLA,"SH-02, PIDIGURALA, , City=PIDUGURALLA, District=PALNADU, State=Andhra
Pradesh",16.501091,79.850307,CCS,60.0,60,2
BPCL,Govt.,Andhra Pradesh,EAST GODAVARI,DUBACHERLA,"SH-1801, NALLAJARLA-BHIMADOLE ROAD, , City=DUBACHERLA,
District=EAST GODAVARI, State=Andhra Pradesh",16.905365,81.349632,Bharat AC,3.0,3,1
BPCL,Govt.,Andhra Pradesh,PALNADU,REDDYGUDEM,"SH-2,REDDYGUDEM VILLAGE, RAJUPALEM MANDAL, , City=REDDYGUDEM,
District=PALNADU, State=Andhra Pradesh",16.431343,80.058077,Bharat AC,3.0,3,1
BPCL,Govt.,Andhra Pradesh,Y.S.R Kadapa,BADVEL,"SNO 210,211,212,213, RWNO 9, MYDUKURU ROAD, , City=BADVEL,
District=Y.S.R KADAPA, State=Andhra Pradesh",14.72655,79.038272,Type II,7.0,7,1
BPCL,Govt.,Andhra Pradesh,Y.S.R Kadapa,BADVEL,"SNO 210,211,212,213, RWNO 9, MYDUKURU ROAD, , City=BADVEL,
District=Y.S.R KADAPA, State=Andhra Pradesh",14.72655,79.038272,CCS,60.0,60,2
BPCL,Govt.,Andhra Pradesh,PRAKASAM,ONGOLE,"SRINAGAR, KARNOOL ROAD, ONGOLE -KARNOOL ROAD, , City=ONGOLE,
District=PRAKASAM, State=Andhra Pradesh",15.516487,80.033795,CCS,60.0,60,2
BPCL,Govt.,Andhra Pradesh,TIRUPATI,KOTAPOLUR VILLAGE,"SULLURPET MANDAL, NATINAL HIGHWAY - 5, , City=KOTAPOLUR VILLAGE,
District=TIRUPATI, State=Andhra Pradesh",13.718423,80.002661,CCS,60.0,60,2
BPCL,Govt.,Andhra Pradesh,PRAKASAM,ONGOLE,"SURARAREDDYPALEM, PRAKASAM DISTRICT, , City=ONGOLE,
District=PRAKASAM, State=Andhra Pradesh",15.422795,80.039515,CCS,30.0,30,1
BPCL,Govt.,Andhra Pradesh,VISAKHAPATNAM,ANAKAPALLI,"SURVEY NO 1/4A, SURVEY NO 1/4A, , City=ANAKAPALLI,
District=VISAKHAPATNAM, State=Andhra Pradesh",17.687017,83.080089,CCS,60.0,60,2
BPCL,Govt.,Andhra Pradesh,GUNTUR,DOKIPARRU,"SURVEY NO 295/2, SRISAILAM ROAD, , City=DOKIPARRU, District=GUNTUR,
State=Andhra Pradesh",16.310472,80.318025,CCS,60.0,60,2
BPCL,Govt.,Andhra Pradesh,PALNADU,TUMMALACHERUVU,"SURVEY NO 518/A2A, THUMMALACHERUVU TOLL PLAZA, ,
City=TUMMALACHERUVU, District=PALNADU, State=Andhra Pradesh",16.54128,79.793439,Bharat AC,3.0,3,1
BPCL,Govt.,Andhra Pradesh,BAPATLA,SANTHAMAGALURU,"SURVEY NO 724-C/A2, PUTTAVARI PALEM VILLAGE, ,
City=SANTHAMAGALURU, District=BAPATLA, State=Andhra Pradesh",16.11973,79.93384,Type II,7.0,7,1
BPCL,Govt.,Andhra Pradesh,KAKINADA,peddapuram,"SURVEY NO. - 80/1, 79/2, VALUTHIMPURAM VILLAGE,, , City=PEDDAPURAM,
District=KAKINADA, State=Andhra Pradesh",17.08,82.09,Bharat AC,3.0,3,1
BPCL,Govt.,Andhra Pradesh,KAKINADA,TETAGUNTA,"SURVEY NO. 219/1A,TETAGUNTA VILLAGE, TUNI MANDAL, ,
City=TETAGUNTA, District=KAKINADA, State=Andhra Pradesh",17.302196,82.435321,Bharat AC,3.0,3,1
BPCL,Govt.,Andhra Pradesh,KAKINADA,TETAGUNTA,"SURVEY NO. 219/1A,TETAGUNTA VILLAGE, TUNI MANDAL, ,
City=TETAGUNTA, District=KAKINADA, State=Andhra Pradesh",17.302196,82.435321,CCS,60.0,60,2
BPCL,Govt.,Andhra Pradesh,VIZIANAGARAM,ARIKATHOTA,"SURVEY NO. 235/10,, ARIKATHOTA VLLAGE, , City=ARIKATHOTA,
District=VIZIANAGARAM, State=Andhra Pradesh",18.447758,83.324706,CCS,120.0,120,2
BPCL,Govt.,Andhra Pradesh,Dr. B.R. Ambedkar Konaseema,JAGGANAPETA,"SURVEY NO. 56, JAGGANAPETA, NAGARAM VILLAGE, NH - 216, ,
City=JAGGANAPETA, District=KONASEEMA, State=Andhra Pradesh",16.497629,81.883386,CCS,60.0,60,2
BPCL,Govt.,Andhra Pradesh,KURNOOL,KURNOOL,"SURVEY NO. 83 & 133/1A, MAMIDALAPADU VILLAGE, , City=KURNOOL,
District=KURNOOL, State=Andhra Pradesh",15.850712,78.00449,Type II,7.0,7,1
BPCL,Govt.,Andhra Pradesh,ELURU,KAIKALURU,"SURVEY NO. 99/1 & 99/2,, LOKUMUDIGARUVU VILLAGE, , City=KAIKALURU,
District=ELURU, State=Andhra Pradesh",16.54316,81.197678,Bharat AC,3.0,3,1
BPCL,Govt.,Andhra Pradesh,Ananthapuramu,URAVAKONDA MANDAL,"SURVEY NO.103-B, LATHAVARAM VILLAGE, , City=URAVAKONDA MANDAL,
District=ANANTAPUR, State=Andhra Pradesh",14.923792,77.260109,CCS,60.0,60,2
BPCL,Govt.,Andhra Pradesh,TIRUPATI,KOTA,"SURVEY NO.1407/1, VIDYANAGAR CENTRE, , City=KOTA, District=TIRUPATI,
State=Andhra Pradesh",14.029028,80.033911,CCS,60.0,60,2
BPCL,Govt.,Andhra Pradesh,ELURU,MIRJAPURAM,"SURVEY NO.212/2A, NUZVID MANDAL, , City=MIRJAPURAM, District=ELURU,
State=Andhra Pradesh",16.702337,80.93427,CCS,60.0,60,2
BPCL,Govt.,Andhra Pradesh,TIRUPATI,POLIREDDYPALEM,"SURVEY NO.275,, ON NH-5,, , City=POLIREDDYPALEM, District=TIRUPATI,
State=Andhra Pradesh",13.779611,79.958184,CCS,60.0,60,2
BPCL,Govt.,Andhra Pradesh,Ananthapuramu,ANANTAPUR,"SURVEY NO.88/4(1) NH 7 BYPASS ROAD, PAPAMPETA, , City=ANANTAPUR,
District=ANANTAPUR, State=Andhra Pradesh",14.689898,77.583473,CCS,60.0,60,2
BPCL,Govt.,Andhra Pradesh,CHITTOOR,CHITTOOR TOWN,"SUY.NO.391/3,  KATTAMANCHI, CHITTOOR TOWN&MANDAL, ,
City=CHITTOOR TOWN, District=CHITTOOR, State=Andhra Pradesh",13.224648,79.133466,Bharat AC,3.0,3,1
BPCL,Govt.,Andhra Pradesh,Y.S.R Kadapa,YERRAGUNTLA,"SUY.NO.736,, SH-31, KADAPA-BELLARY ROAD, , City=YERRAGUNTLA,
District=Y.S.R KADAPA, State=Andhra Pradesh",14.627713,78.557044,CCS,60.0,60,2
BPCL,Govt.,Andhra Pradesh,PRAKASAM,PAMURU,"SUY.NO-181/2,KANDUKURU ROAD, PAMURU MANDAL, , City=PAMURU,
District=PRAKASAM, State=Andhra Pradesh",15.093485,79.418479,Bharat AC,3.0,3,1
BPCL,Govt.,Andhra Pradesh,PRAKASAM,PAMURU,"SUY.NO-181/2,KANDUKURU ROAD, PAMURU MANDAL, , City=PAMURU,
District=PRAKASAM, State=Andhra Pradesh",15.093485,79.418479,CCS,60.0,60,2
BPCL,Govt.,Andhra Pradesh,Sri Potti Sriramulu Nellore,NELLORE,"SUY.NO-193/2, ALLIPURAM VILLAGE, , City=NELLORE, District=SRI POTTI
SRIRAMULU, State=Andhra Pradesh",14.468477,80.031251,CCS,60.0,60,2
BPCL,Govt.,Andhra Pradesh,TIRUPATI,MALLAVARAM,"SUY.NO-306/3A & 3B, SH-31, RENIGUNTA MANDAL, , City=MALLAVARAM,
District=TIRUPATI, State=Andhra Pradesh",13.61196,79.44167,CCS,60.0,60,2
BPCL,Govt.,Andhra Pradesh,PRAKASAM,DARSI,"SUY.NO-350/1, DDANKI ROAD, DARSI VILLAGE & MANDAL, , City=DARSI,
District=PRAKASAM, State=Andhra Pradesh",15.770944,79.679031,Bharat AC,3.0,3,1
BPCL,Govt.,Andhra Pradesh,Sri Potti Sriramulu Nellore,SANGAM,"SUY.NO-367/2,SANGAM VILLAGE&MANDAL, SH-57, NELLORE-MUMBAI
ROAD, , City=SANGAM, District=SRI POTTI SRIRAMULU, State=Andhra Pradesh",14.593472,79.749929,Bharat AC,3.0,3,1
BPCL,Govt.,Andhra Pradesh,TIRUPATI,SULLURPET,"SUY.NO-65/1, OLD NH-5, , City=SULLURPET, District=TIRUPATI, State=Andhra Pradesh",13.660827,80.01299,Bharat AC,3.0,3,1
BPCL,Govt.,Andhra Pradesh,SRIKAKULAM,AMUDALAVALASA,"SY 111-11, CHINTADA, , City=AMUDALAVALASA, District=SRIKAKULAM,
State=Andhra Pradesh",18.22399,83.53583,Bharat AC,3.0,3,1
BPCL,Govt.,Andhra Pradesh,Y.S.R Kadapa,DUVVUR,"SY NO - 243/2, CHINTHAKUNTA VILLAGE, DUVVUR MANDAL, , City=DUVVUR,
District=Y.S.R KADAPA, State=Andhra Pradesh",14.744075,78.736285,CCS,60.0,60,2
BPCL,Govt.,Andhra Pradesh,ELURU,JANGAREDDYGUDEM,"SY NO - 444/1, OPPOSITE TOWN HALL, , City=JANGAREDDYGUDEM,
District=ELURU, State=Andhra Pradesh",17.123616,81.278337,Bharat AC,3.0,3,1
BPCL,Govt.,Andhra Pradesh,ELURU,NAGULAVENIPADU,"SY NO - 60/1, NAGULADEVUNIPADU, DENDALURU MANDAL, ,
City=NAGULAVENIPADU, District=ELURU, State=Andhra Pradesh",16.796333,81.136433,CCS,60.0,60,2
BPCL,Govt.,Andhra Pradesh,ANNAMAYYA,RAYACHOTI,"SY NO - 610/2A2, MADANAPALLI ROAD, , City=RAYACHOTI,
District=ANNAMAYYA, State=Andhra Pradesh",14.045141,78.743855,CCS,60.0,60,2
BPCL,Govt.,Andhra Pradesh,Y.S.R Kadapa,PULIVENDULA,"SY NO - 80/1B1B, KADIRI ROAD, , City=PULIVENDULA, District=Y.S.R KADAPA,
State=Andhra Pradesh",14.44161,78.190642,CCS,60.0,60,2
BPCL,Govt.,Andhra Pradesh,Y.S.R Kadapa,MYDUKUR,"SY NO 1045/B2 & B3, NEAR MUNICIPAL OFFICE, , City=MYDUKUR,
District=Y.S.R KADAPA, State=Andhra Pradesh",14.727302,78.724988,CCS,60.0,60,2
BPCL,Govt.,Andhra Pradesh,SRI SATHYA SAI,SOMANDEPALLY,"SY NO 116-2,, SOMANDEPALLY, , City=SOMANDEPALLY, District=SRI SATHYA
SAI, State=Andhra Pradesh",14.013211,77.602129,CCS,60.0,60,2
BPCL,Govt.,Andhra Pradesh,NTR,VIJAYAWADA,"SY NO 129/3, RAMAVARAPADU VILLAGE, VIJAYAWADA(RURAL)MANDAL,
NTR DIST., , City=VIJAYAWADA, District=NTR, State=Andhra Pradesh",16.524316,80.679485,Bharat AC,3.0,3,1
BPCL,Govt.,Andhra Pradesh,Sri Potti Sriramulu Nellore,NELLORE,"SY NO 13, MUTHUKUR TOWN, , City=NELLORE, District=SRI POTTI
SRIRAMULU, State=Andhra Pradesh",14.281095,80.100752,CCS,60.0,60,2
BPCL,Govt.,Andhra Pradesh,GUNTUR,NARAKODURU,"SY NO 140-B2, NARAKODURU VILLAGE,CHEBROLU MANDAL, ,
City=NARAKODURU, District=GUNTUR, State=Andhra Pradesh",16.237259,80.501404,CCS,60.0,60,2
BPCL,Govt.,Andhra Pradesh,GUNTUR,GUNTUR,"SY NO 156/1, DOOR NO 11-529, AMARAVATHI ROAD, , City=GUNTUR,
District=GUNTUR, State=Andhra Pradesh",16.324428,80.438079,CCS,60.0,60,2
BPCL,Govt.,Andhra Pradesh,KAKINADA,,"SY NO 162-1A, 162-1C,, PITHAPURAM BYPASS, , City=NA, District=KAKINADA,
State=Andhra Pradesh",17.11,82.24,Type II,7.0,7,1
BPCL,Govt.,Andhra Pradesh,CHITTOOR,GANDRAJUPALLI VILLAGE,"SY NO 167/2A, 3B,, GANGAVARAM MANDAL, , City=GANDRAJUPALLI
VILLAGE, District=CHITTOOR, State=Andhra Pradesh",13.193112,78.575879,CCS,60.0,60,2
BPCL,Govt.,Andhra Pradesh,Sri Potti Sriramulu Nellore,ALLUR,"SY NO 1734, ALLUR TOWN, , City=ALLUR, District=SRI POTTI SRIRAMULU,
State=Andhra Pradesh",14.685327,80.054889,Bharat AC,3.0,3,1
BPCL,Govt.,Andhra Pradesh,KAKINADA,"PENUKUDURU, KARAPA MANDAL","SY NO 175/3, PENUGUDURU VILLAGE, KARAPA MANDAL, ,
City=PENUKUDURU, KARAPA MANDAL, District=KAKINADA, State=Andhra Pradesh",16.908283,82.197459,CCS,60.0,60,2
BPCL,Govt.,Andhra Pradesh,KURNOOL,YEMMIGANUR,"SY NO 185/2B, 186/3, YEMMIGANUR BYPASS,YEMMIGANUR MANDAL, ,
City=YEMMIGANUR, District=KURNOOL, ANDHRA PRADESH, State=Andhra Pradesh",15.767659,77.489803,Type II,7.0,7,1
BPCL,Govt.,Andhra Pradesh,CHITTOOR,VENKATAGIRIKOTA,"SY NO 267-1, PATRAPALLI VILLAGE, , City=VENKATAGIRIKOTA,
District=CHITTOOR, State=Andhra Pradesh",13.003619,78.472737,CCS,60.0,60,2
BPCL,Govt.,Andhra Pradesh,Y.S.R Kadapa,PRODDATUR TOWN,"SY NO- 295,487, SH-57, PRODDATUR YERRAGUNTLA RD, , City=PRODDATUR
TOWN, District=Y.S.R KADAPA, State=Andhra Pradesh",14.754167,78.55254,CCS,60.0,60,2
BPCL,Govt.,Andhra Pradesh,TIRUPATI,VADAMALPET,"SY NO 31-15A3, VADAMALA VILLAGE, , City=VADAMALPET,
District=TIRUPATI, State=Andhra Pradesh",13.47679,79.53866,CCS,60.0,60,2
BPCL,Govt.,Andhra Pradesh,SRI SATHYA SAI,MADAKASIRA TOWN,"SY NO 350, PAVAGADA ROAD, , City=MADAKASIRA TOWN, District=SRI
SATHYA SAI, State=Andhra Pradesh",13.942127,77.276768,CCS,60.0,60,2
BPCL,Govt.,Andhra Pradesh,Ananthapuramu,GOOTY,"SY NO 359, 361/B1,361/B2, NH 7, KM STONE 310.4, , City=GOOTY,
District=ANANTAPUR, State=Andhra Pradesh",15.058398,77.630585,CCS,30.0,30,1
BPCL,Govt.,Andhra Pradesh,GUNTUR,GUNTUR,"SY NO 39/B1B AND SY NO 39/B1A1, THUMULURU VILLAGE, KOLLIPARA
MANDAL, , City=GUNTUR, District=GUNTUR, State=Andhra Pradesh",16.272099,80.741395,Bharat AC,3.0,3,1
BPCL,Govt.,Andhra Pradesh,ELURU,BHUJABALAPATNAM,"SY NO 42/2 B2, NH 214, , City=BHUJABALAPATNAM, District=ELURU,
State=Andhra Pradesh",16.578183,81.276789,CCS,60.0,60,2
BPCL,Govt.,Andhra Pradesh,SRI SATHYA SAI,PENUKONDA,"SY NO 453/2B, ASP OFFICE,, PENUKONDA TOWN, , City=PENUKONDA,
District=SRI SATHYA SAI, State=Andhra Pradesh",14.09479,77.5968,CCS,60.0,60,2
BPCL,Govt.,Andhra Pradesh,CHITTOOR,VIJALAPURAM,"SY NO 46/1A, KUPPAM ROAD, , City=VIJALAPURAM, District=CHITTOOR,
State=Andhra Pradesh",12.779585,78.429719,CCS,60.0,60,2
BPCL,Govt.,Andhra Pradesh,ELURU,AMMAPALEM,"SY NO 480/5, AMMAPALEM, KOPAKA VILLAGE,, , City=AMMAPALEM,
District=ELURU, State=Andhra Pradesh",16.716508,81.035219,Type II,7.0,7,1
BPCL,Govt.,Andhra Pradesh,BAPATLA,VALAPARLA,"SY NO 499/1A2, VALAPARLA VILLAGE, MARTUR MANDAL, , City=VALAPARLA,
District=BAPATLA, State=Andhra Pradesh",15.922582,80.04113,Bharat AC,3.0,3,1
BPCL,Govt.,Andhra Pradesh,PALNADU,MUPPALA MANDAL SETTANAPILLI ROAD,"SY NO 546/1B, MADALA VILLAGE, , City=MUPPALA MANDAL SETTANAPILLI
ROAD, District=PALNADU, State=Andhra Pradesh",16.360475,80.122495,Bharat AC,3.0,3,1
BPCL,Govt.,Andhra Pradesh,Y.S.R Kadapa,KADAPA,"SY NO 638, LEBAKA, VALLUR MANDAL, VALLUR, , City=KADAPA,
District=Y.S.R KADAPA, State=Andhra Pradesh",14.582051,78.669581,Bharat AC,3.0,3,1
BPCL,Govt.,Andhra Pradesh,KURNOOL,KURNOOL,"SY NO 657, 665,, KALLUR MANDAL OPPOSITE KENDRIYA VID, ,
City=KURNOOL, District=KURNOOL, State=Andhra Pradesh",15.79446,78.053009,Bharat AC,3.0,3,1
BPCL,Govt.,Andhra Pradesh,KURNOOL,"LAKSHMIPURAM VILLAGE, KURNOOL","SY NO 685,686,723-726, NEAR BPCL LPG PLANT, , City=LAKSHMIPURAM
VILLAGE, KURNOOL, District=KURNOOL, State=Andhra Pradesh",15.752905,78.015275,CCS,60.0,60,2
BPCL,Govt.,Andhra Pradesh,TIRUPATI,YERPEDU,"SY NO 8/3, MERLAPAKA VILLAGE, VENKATAGIRI ROAD, YERPEDU MANDAL, ,
City=YERPEDU, District=TIRUPATI, State=Andhra Pradesh",13.761147,79.689499,CCS,60.0,60,2
BPCL,Govt.,Andhra Pradesh,VIZIANAGARAM,RAJAM,"SY NO 84-13, PONGUTIVALSA VILLAGE, SANTAKAVITI MANDAL, RAJAM
TOWN, , City=RAJAM, District=VIZIANAGARAM, State=Andhra Pradesh",18.469987,83.667729,Bharat AC,3.0,3,1
BPCL,Govt.,Andhra Pradesh,SRI SATHYA SAI,ANANTAPUR,"SY NO 937-2, MUNIMADUGU VILLAGE, PENUKONDA MANDAL ON NH-44, ,
City=ANANTAPUR, District=SRI SATHYA SAI, State=Andhra Pradesh",14.210028,77.632286,CCS,60.0,60,2
BPCL,Govt.,Andhra Pradesh,SRI SATHYA SAI,KADIRI,"SY NO 990/2B, KADIRI MAIN ROAD, KADIRI, , City=KADIRI, District=SRI
SATHYA SAI, State=Andhra Pradesh",14.072276,78.122234,CCS,60.0,60,2
BPCL,Govt.,Andhra Pradesh,BAPATLA,CHIRALA,"SY NO. 133/3, PERALA VILLAGE, CHIRALA, , City=CHIRALA, District=BAPATLA,
State=Andhra Pradesh",15.840481,80.357379,Type II,7.0,7,1
BPCL,Govt.,Andhra Pradesh,GUNTUR,GUNTUR,"SY NO. 138/C, CHANDANA ESTATES, ETUKUR BYPASS, , City=GUNTUR,
District=GUNTUR, State=Andhra Pradesh",16.269693,80.430409,Bharat AC,3.0,3,1
BPCL,Govt.,Andhra Pradesh,Sri Potti Sriramulu Nellore,NELLORE,"SY NO. 149/5A,, PUNJULURUPADU (V), VENKATACHALAM(M), ,
City=NELLORE, District=SRI POTTI SRIRAMULU, State=Andhra Pradesh",14.260116,80.013783,CCS,60.0,60,2
BPCL,Govt.,Andhra Pradesh,KRISHNA,"SURAMPALLI, NUNNA","SY NO. 152-8B, SURAMPALLI, , City=SURAMPALLI, NUNNA, District=KRISHNA,
State=Andhra Pradesh",16.601469,80.714889,Bharat AC,3.0,3,1
BPCL,Govt.,Andhra Pradesh,GUNTUR,TENALI,"SY NO. 277/1A2,BURRIPALEM VILLAGE, BURIPALEM ROAD, , City=TENALI,
District=GUNTUR, State=Andhra Pradesh",16.23937,80.70078,Bharat AC,3.0,3,1
BPCL,Govt.,Andhra Pradesh,GUNTUR,GUNTUR,"SY NO. 28-2A, 28-3A, 28-5B, 39-4B, MORAMPUDI VILLAGE, , City=GUNTUR,
District=GUNTUR, State=Andhra Pradesh",16.356687,80.625814,CCS,60.0,60,2
BPCL,Govt.,Andhra Pradesh,BAPATLA,BAPATLA,"SY NO. 30-8A1, APIKATLA, , City=BAPATLA, District=BAPATLA, State=Andhra
Pradesh",15.977546,80.511618,Bharat AC,3.0,3,1
BPCL,Govt.,Andhra Pradesh,GUNTUR,GUNTUR,"SY NO. 328/A, REDDYPALEM, , City=GUNTUR, District=GUNTUR,
State=Andhra Pradesh",16.19358,80.27208,Bharat AC,3.0,3,1
BPCL,Govt.,Andhra Pradesh,GUNTUR,GUNTUR,"SY NO. 363-A2, PEDAPALAKALURU, , City=GUNTUR, District=GUNTUR,
State=Andhra Pradesh",16.325256,80.396519,Bharat AC,3.0,3,1
BPCL,Govt.,Andhra Pradesh,BAPATLA,CHERUKUPALLI,"SY NO. 419/4,420/3,419/8A,419/8B, ARUMBAKA, , City=CHERUKUPALLI,
District=BAPATLA, State=Andhra Pradesh",16.037341,80.665032,CCS,60.0,60,2
BPCL,Govt.,Andhra Pradesh,Ananthapuramu,GUNTAKAL,"SY NO. 420/D, GUNTAKAL BELLARY ROAD, N H 63, , City=GUNTAKAL,
District=ANANTAPUR, State=Andhra Pradesh",15.154613,77.377932,CCS,60.0,60,2
BPCL,Govt.,Andhra Pradesh,ANAKAPALLI,YERRAVARAM VILLAGE,"SY NO. 7-1-G, 7-1-G-1-A,, YELAMANCHILI HIGHWAY,NH16, ,
City=YERRAVARAM VILLAGE, District=ANAKAPALLI, State=Andhra Pradesh",17.637852,82.899946,CCS,60.0,60,2
BPCL,Govt.,Andhra Pradesh,VIZIANAGARAM,BHOGAPURAM,"SY NO.188/11A-1,188/11A-2,188/12A-1, 188/12A-2, BHOGAPURAM
VILLAGE, , City=BHOGAPURAM, District=VIZIANAGARAM, State=Andhra Pradesh",18.026718,83.491375,Type II,7.0,7,1
BPCL,Govt.,Andhra Pradesh,VIZIANAGARAM,BHOGAPURAM,"SY NO.188/11A-1,188/11A-2,188/12A-1, 188/12A-2, BHOGAPURAM
VILLAGE, , City=BHOGAPURAM, District=VIZIANAGARAM, State=Andhra Pradesh",18.026718,83.491375,CCS,60.0,60,2
BPCL,Govt.,Andhra Pradesh,PRAKASAM,GUNDLAPALLI,"SY NO.197/16 B1&B2B, NH-5, MADDIPADU MANDAL, , City=GUNDLAPALLI,
District=PRAKASAM, State=Andhra Pradesh",15.670352,80.016554,CCS,60.0,60,2
BPCL,Govt.,Andhra Pradesh,PRAKASAM,CHADALAVADA VILLAGE,"SY NO.344/1 344/3 344/4, NAGULUPPALAPADU MANDAL, ,
City=CHADALAVADA VILLAGE, District=PRAKASAM, State=Andhra Pradesh",15.604847,80.092433,Type II,7.0,7,1
BPCL,Govt.,Andhra Pradesh,KRISHNA,KANUMOLU,"SY NO.494/2B, KANUMOLU, , City=KANUMOLU, District=KRISHNA,
State=Andhra Pradesh",16.626115,80.972,CCS,60.0,60,2
BPCL,Govt.,Andhra Pradesh,GUNTUR,GUNTUR,"SY NO.610-1B,610-2B, PEDARAVURU, , City=GUNTUR, District=GUNTUR,
State=Andhra Pradesh",16.205917,80.672779,Bharat AC,3.0,3,1
BPCL,Govt.,Andhra Pradesh,KRISHNA,GUDLAVALLERU,"SY NO.64-2, GUDLAVALLERU, , City=GUDLAVALLERU, District=KRISHNA,
State=Andhra Pradesh",16.35906,81.04582,CCS,60.0,60,2
BPCL,Govt.,Andhra Pradesh,KURNOOL,NANNUR,"SY NO-100/1, NANNUR, , City=NANNUR, District=KURNOOL, State=Andhra Pradesh",15.716314,78.093246,CCS,60.0,60,2
BPCL,Govt.,Andhra Pradesh,KURNOOL,LINGAM DINNE,"SY NO-140,S. LINGAMDINNE VILLAGE, MACHAPURAM, , City=LINGAM
DINNE, District=KURNOOL, State=Andhra Pradesh",15.681089,77.741274,Bharat AC,3.0,3,1
BPCL,Govt.,Andhra Pradesh,KURNOOL,PENCHKILAPADU,"SY NO-157,K NAGLAPURAM VILLAGE, K NAGLAPURAM VILLAGE, ,
City=PENCHKILAPADU, District=KURNOOL, State=Andhra Pradesh",15.754222,77.894604,Bharat AC,3.0,3,1
BPCL,Govt.,Andhra Pradesh,KURNOOL,KURNOOL,"SY NO-189/C2A,MAMDILAPADU, KURNOOL, , City=KURNOOL,
District=KURNOOL, State=Andhra Pradesh",15.848911,78.021603,Bharat AC,3.0,3,1
BPCL,Govt.,Andhra Pradesh,Sri Potti Sriramulu Nellore,NELLORE CITY,"SY,NO.259/2 &260, STONEHOUSEPET, NAWABPET, NEAR ALLIPURAM, ,
City=NELLORE CITY, District=SRI POTTI SRIRAMULU, State=Andhra Pradesh",14.457439,80.014353,Bharat AC,3.0,3,1
BPCL,Govt.,Andhra Pradesh,TIRUPATI,TIRUPATI,"SY. 14/1A1,14/1A2, SRINIVASAMANGPURAM, , City=TIRUPATI,
District=TIRUPATI, State=Andhra Pradesh",13.610695,79.351552,Bharat AC,3.0,3,1
BPCL,Govt.,Andhra Pradesh,TIRUPATI,TIRUPATI,"SY. 14/1A1,14/1A2, SRINIVASAMANGPURAM, , City=TIRUPATI,
District=TIRUPATI, State=Andhra Pradesh",13.610695,79.351552,CCS,60.0,60,2
BPCL,Govt.,Andhra Pradesh,Ananthapuramu,VIDAPANAKALLU VILL & MANDAL,"SY. NO 477-B, VIDAPANAKAL VILLAGE & MANDAL, , City=VIDAPANAKALLU
VILL & MANDAL, District=ANANTAPUR, State=Andhra Pradesh",15.066002,77.178337,CCS,60.0,60,2
BPCL,Govt.,Andhra Pradesh,SRI SATHYA SAI,HINDUPUR MANDAL,"SY. NO 48-2, KIRIKERA VILLAGE, , City=HINDUPUR MANDAL, District=SRI
SATHYA SAI, State=Andhra Pradesh",13.791782,77.489171,CCS,60.0,60,2
BPCL,Govt.,Andhra Pradesh,TIRUPATI,VENKATAGIRI TOWN,"SY. NO. 174/2A-2, KUMMARIGUNTA, , City=VENKATAGIRI TOWN,
District=TIRUPATI, State=Andhra Pradesh",13.958624,79.591177,Bharat AC,3.0,3,1
BPCL,Govt.,Andhra Pradesh,TIRUPATI,GUDUR,"SY. NO. 1788/2, HOSPITAL ROAD, GUDUR TOWN, , City=GUDUR,
District=TIRUPATI, State=Andhra Pradesh",14.146435,79.8495,Bharat AC,3.0,3,1
BPCL,Govt.,Andhra Pradesh,KRISHNA,PAMARRU,"SY. NO. 196/2A, KURUMADALLI VILLAGE, , City=PAMARRU,
District=KRISHNA, State=Andhra Pradesh",16.334926,80.918662,CCS,60.0,60,2
BPCL,Govt.,Andhra Pradesh,Sri Potti Sriramulu Nellore,KAVALI,"SY. NO. 2082/11, UDAYAGIRI ROAD, , City=KAVALI, District=SRI POTTI
SRIRAMULU, State=Andhra Pradesh",14.912063,79.980796,CCS,60.0,60,2
BPCL,Govt.,Andhra Pradesh,GUNTUR,MEDIKONDURU MANDAL,"SY. NO. 327/A-B, PERECHERLA, , City=MEDIKONDURU MANDAL,
District=GUNTUR, State=Andhra Pradesh",16.33172,80.332001,CCS,60.0,60,2
BPCL,Govt.,Andhra Pradesh,TIRUPATI,GUDUR,"SY. NO. 468/A3, CHENNURU BIT2, GUDUR MANDAL,NELLORE, , City=GUDUR,
District=TIRUPATI, State=Andhra Pradesh",14.161135,79.802677,CCS,60.0,60,2
BPCL,Govt.,Andhra Pradesh,PALNADU,NAKARIKALLU MANDAL,"SY. NO. 556/B, SH-2 NAM ROAD, TSHALLAGUNDLA VILLAGE, ,
City=NAKARIKALLU MANDAL, District=PALNADU, State=Andhra Pradesh",16.363126,79.946662,CCS,60.0,60,2
BPCL,Govt.,Andhra Pradesh,Sri Potti Sriramulu Nellore,VIRUVUR,"SY. NO. 695-1, VIRUVURU VILLAGE, PODALAKUR MANDAL, , City=VIRUVUR,
District=SRI POTTI SRIRAMULU, State=Andhra Pradesh",14.560198,79.752125,CCS,60.0,60,2
BPCL,Govt.,Andhra Pradesh,Nandyal,NANDIKOTKUR MANDAL,"SY. NO. 718, SH-50, , City=NANDIKOTKUR MANDAL, District=NANDYAL,
State=Andhra Pradesh",15.84574,78.24854,CCS,60.0,60,2
BPCL,Govt.,Andhra Pradesh,Sri Potti Sriramulu Nellore,RAPUR,"SY. NO. 754, ON SH-58,, NEAR RTC BUSTAND,, , City=RAPUR, District=SRI
POTTI SRIRAMULU, State=Andhra Pradesh",14.199716,79.538392,CCS,60.0,60,2
BPCL,Govt.,Andhra Pradesh,ANNAMAYYA,RAYACHOTI,"SY. NO.1264/1,, ON NH-18, BANDAPALLI VILLAGE,, , City=RAYACHOTI,
District=ANNAMAYYA, State=Andhra Pradesh",14.10209,78.756543,CCS,60.0,60,2
BPCL,Govt.,Andhra Pradesh,TIRUPATI,PUDIPATLA POST,"SY.214  , ALIPIRI BYPASS , TIRUPATI, TIRUPATI, , City=PUDIPATLA POST,
District=TIRUPATI, State=Andhra Pradesh",13.61819,79.363064,Bharat AC,3.0,3,1
BPCL,Govt.,Andhra Pradesh,KURNOOL,PATTIKONDA,"SY.NO 114/1, BOMBAY ROAD, , City=PATTIKONDA, District=KURNOOL,
State=Andhra Pradesh",15.409308,77.486233,Bharat AC,3.0,3,1
BPCL,Govt.,Andhra Pradesh,Sri Potti Sriramulu Nellore,NELLORE,"SY.NO 1576/992, PLOT NO.1,, OPP. KASTURI DEVI GARDENS, , City=NELLORE,
District=SRI POTTI SRIRAMULU, State=Andhra Pradesh",14.4398,79.9736,Bharat AC,3.0,3,1
BPCL,Govt.,Andhra Pradesh,Y.S.R Kadapa,PANDIRLAPALLI,"SY.NO 159/1, PANDILLAPALLI, KAMALAPURAM MANDAL, ,
City=PANDIRLAPALLI, District=Y.S.R KADAPA, State=Andhra Pradesh",14.589778,78.6342,CCS,60.0,60,2
BPCL,Govt.,Andhra Pradesh,GUNTUR,NALLAPADU,"SY.NO 167A,165B,164C, D.NO 25-27-40-1, , City=NALLAPADU,
District=GUNTUR, State=Andhra Pradesh",16.292719,80.420555,CCS,60.0,60,2
BPCL,Govt.,Andhra Pradesh,Ananthapuramu,NARPALA,"SY.NO 172-1B,NARPALA GUGUDU ROAD, NARPALA, , City=NARPALA,
District=ANANTAPUR, State=Andhra Pradesh",14.711271,77.796808,Type II,7.0,7,1
BPCL,Govt.,Andhra Pradesh,PALNADU,RAYAVARAM,"SY.NO 18/A, MACHERLA ROAD, , City=RAYAVARAM, District=PALNADU,
State=Andhra Pradesh",16.48331,79.481054,Bharat AC,3.0,3,1
BPCL,Govt.,Andhra Pradesh,Ananthapuramu,ANANTAPUR,"SY.NO 182/1B5 & 182/2C, GOOTY ROAD, , City=ANANTAPUR,
District=ANANTAPUR, State=Andhra Pradesh",14.686144,77.607345,Bharat AC,3.0,3,1
BPCL,Govt.,Andhra Pradesh,KURNOOL,DEVANAKONDA,"SY.NO 23/B3, PATTIKONDA ROAD, , City=DEVANAKONDA,
District=KURNOOL, State=Andhra Pradesh",15.545004,77.546444,Bharat AC,3.0,3,1
BPCL,Govt.,Andhra Pradesh,ANNAMAYYA,RAYACHOTY,"SY.NO 238/1 RAYACHOTY ON SH -34, RAYACHOTY ON KADIRI ROAD, ,
City=RAYACHOTY, District=ANNAMAYYA, State=Andhra Pradesh",14.04514,78.74386,Bharat AC,3.0,3,1
BPCL,Govt.,Andhra Pradesh,ANNAMAYYA,RAYACHOTY,"SY.NO 238/1 RAYACHOTY ON SH -34, RAYACHOTY ON KADIRI ROAD, ,
City=RAYACHOTY, District=ANNAMAYYA, State=Andhra Pradesh",14.04514,78.74386,CCS,60.0,60,2
BPCL,Govt.,Andhra Pradesh,CHITTOOR,PALAMANERU,"SY.NO 239/1B, GUDIYATHAM ROAD, , City=PALAMANERU,
District=CHITTOOR, State=Andhra Pradesh",13.2008,78.748144,Bharat AC,3.0,3,1
BPCL,Govt.,Andhra Pradesh,Ananthapuramu,GARLADINNE,"SY.NO 261,GARLADINNE VILLAGE, SY.NO 261,GARLADINNE VILLAGE, ,
City=GARLADINNE, District=ANANTAPUR, State=Andhra Pradesh",14.819803,77.597391,Bharat AC,3.0,3,1
BPCL,Govt.,Andhra Pradesh,Nandyal,PANYAM,"SY.NO 292/3A, KURNOOL - NANDYAL NH, , City=PANYAM, District=NANDYAL,
State=Andhra Pradesh",15.509518,78.36097,CCS,60.0,60,2
BPCL,Govt.,Andhra Pradesh,TIRUPATI,CHANDRAGIRI,"SY.NO 316/1B3B , 288/2B, DOOR NO 10PP, CHANDRAGIRI FORT, ,
City=CHANDRAGIRI, District=TIRUPATI, State=Andhra Pradesh",13.579145,79.305673,CCS,120.0,120,2
BPCL,Govt.,Andhra Pradesh,Y.S.R Kadapa,KADAPA TOWN,"SY.NO 394/1, NH-716, CHINNACHOWK, KADAPA TOWN, YSR KADAPA DIST, ,
City=KADAPA TOWN, District=Y.S.R KADAPA, State=Andhra Pradesh",14.250211,79.116291,CCS,60.0,60,2
BPCL,Govt.,Andhra Pradesh,GUNTUR,TENALI,"SY.NO 60/1 &60/2, SRINAGAR COLONY, , City=TENALI, District=GUNTUR,
State=Andhra Pradesh",16.24096,80.615,CCS,60.0,60,2
BPCL,Govt.,Andhra Pradesh,SRI SATHYA SAI,DHARMAVARAM,"SY.NO 614/4,DHARMAVARAM, #, , City=DHARMAVARAM, District=SRI
SATHYA SAI, State=Andhra Pradesh",14.413011,77.717382,CCS,60.0,60,2
BPCL,Govt.,Andhra Pradesh,TIRUPATI,SRI KALAHSTHI,"SY.NO. 252/1B, ON SH-61, NEAR RAILWAY STATION,OPP.RTO OFFICE, ,
City=SRI KALAHSTHI, District=TIRUPATI, State=Andhra Pradesh",13.741849,79.683006,Bharat AC,3.0,3,1
BPCL,Govt.,Andhra Pradesh,TIRUPATI,SRI KALAHSTHI,"SY.NO. 252/1B, ON SH-61, NEAR RAILWAY STATION,OPP.RTO OFFICE, ,
City=SRI KALAHSTHI, District=TIRUPATI, State=Andhra Pradesh",13.741849,79.683006,CCS,60.0,60,2
BPCL,Govt.,Andhra Pradesh,CHITTOOR,RANGAMPET CROSS,"SY.NO. 373, RANGAMPET CROSS, PUTHUALAPATTU MANDAL,, ,
City=RANGAMPET CROSS, District=CHITTOOR, State=Andhra Pradesh",13.363148,79.086113,CCS,60.0,60,2
BPCL,Govt.,Andhra Pradesh,PALNADU,PIDUGURALLA,"SY.NO. 99/8, NARKETPALLY-ADDANKI ROAD, , City=PIDUGURALLA,
District=PALNADU, State=Andhra Pradesh",16.491693,79.863442,Bharat AC,3.0,3,1
BPCL,Govt.,Andhra Pradesh,PALNADU,PIDUGURALLA,"SY.NO. 99/8, NARKETPALLY-ADDANKI ROAD, , City=PIDUGURALLA,
District=PALNADU, State=Andhra Pradesh",16.491693,79.863442,CCS,60.0,60,2
BPCL,Govt.,Andhra Pradesh,SRI SATHYA SAI,BATHALAPALLI,"SY.NO.10/1A ON NH-42 RAGHAVAMPALLI, ANANTAPUR DISTRICT, ,
City=BATHALAPALLI, District=SRI SATHYA SAI, State=Andhra Pradesh",14.515619,77.766665,CCS,60.0,60,2
BPCL,Govt.,Andhra Pradesh,Sri Potti Sriramulu Nellore,NELLORE,"SY.NO.1083,, MUTHUKUR ROAD, , City=NELLORE, District=SRI POTTI
SRIRAMULU, State=Andhra Pradesh",14.42639,80.003017,Bharat AC,3.0,3,1
BPCL,Govt.,Andhra Pradesh,CHITTOOR,V. KOTA MANDAL,"SY.NO.123,, NERNIPALLI VILLAGE, , City=V. KOTA MANDAL,
District=CHITTOOR, State=Andhra Pradesh",13.013629,78.495152,CCS,60.0,60,2
BPCL,Govt.,Andhra Pradesh,PRAKASAM,SANTHANUTHALAPADU,"SY.NO.1236/4, ON SH-53, , City=SANTHANUTHALAPADU,
District=PRAKASAM, State=Andhra Pradesh",15.54075,79.956713,CCS,60.0,60,2
BPCL,Govt.,Andhra Pradesh,TIRUPATI,CHUTTIGUNTA RAMAPURAM,"SY.NO.126, C. RAMAPURAM VILLAGE,, TIRUPATI - PATCHIKAPULAM ROAD, ,
City=CHUTTIGUNTA RAMAPURAM, District=TIRUPATI, State=Andhra Pradesh",13.108591,79.222558,CCS,60.0,60,2
BPCL,Govt.,Andhra Pradesh,CHITTOOR,KUPPUM,"SY.NO.127, BAIRUGANIPALLE, KUPPAM BYEPASS ROAD, , City=KUPPUM,
District=CHITTOOR, State=Andhra Pradesh",12.754656,78.351458,CCS,60.0,60,2
BPCL,Govt.,Andhra Pradesh,ANNAMAYYA,NANDALUR,"SY.NO.164, GUNDLURU VILLAGE, , City=NANDALUR, District=ANNAMAYYA,
State=Andhra Pradesh",14.25022,79.11631,CCS,60.0,60,2
BPCL,Govt.,Andhra Pradesh,TIRUPATI,NAIDUPET TOWN,"SY.NO.167/2B2&167/3C3,, ON SH-61, SRIKALAHASTI ROAD, , City=NAIDUPET
TOWN, District=TIRUPATI, State=Andhra Pradesh",13.89338,79.882924,CCS,60.0,60,2
BPCL,Govt.,Andhra Pradesh,Sri Potti Sriramulu Nellore,NELLORE,"SY.NO.183, PLOT NO.30,31,52&53,, OPP. IRUKALALA AMMAVARI TEMPLE, ,
City=NELLORE, District=SRI POTTI SRIRAMULU, State=Andhra Pradesh",14.447001,79.966799,Bharat AC,3.0,3,1
BPCL,Govt.,Andhra Pradesh,PRAKASAM,DORNALA,"SY.NO.193/7, ON SH-50, K.G. ROAD,, , City=DORNALA, District=PRAKASAM,
State=Andhra Pradesh",15.905245,79.105142,Bharat AC,3.0,3,1
BPCL,Govt.,Andhra Pradesh,PRAKASAM,DODDAVARAPADU,"SY.NO.206/1&2, ON NH-5,, MADDIPADU MANDAL,, ,
City=DODDAVARAPADU, District=PRAKASAM, State=Andhra Pradesh",15.5924,80.0341,CCS,60.0,60,2
BPCL,Govt.,Andhra Pradesh,Sri Potti Sriramulu Nellore,RAMADASUKANDRIGA,"SY.NO.2194/2,, GURIVINDAPUDI-KRISHNAPATNAM PORT R, ,
City=RAMADASUKANDRIGA, District=SRI POTTI SRIRAMULU, State=Andhra Pradesh",14.293822,79.925601,CCS,60.0,60,2
BPCL,Govt.,Andhra Pradesh,Y.S.R Kadapa,PULIVENDULA,"SY.NO.235/1, NEAR RING ROAD, , City=PULIVENDULA, District=Y.S.R
KADAPA, State=Andhra Pradesh",14.426646,78.214655,Bharat AC,3.0,3,1
BPCL,Govt.,Andhra Pradesh,Sri Potti Sriramulu Nellore,PADUGUPADU(KOVUR),"SY.NO.243/4, ON OLD NH-5,, INAMADUGU ROAD JUNCTION,, ,
City=PADUGUPADU(KOVUR), District=SRI POTTI SRIRAMULU, State=Andhra Pradesh",14.502491,79.991676,Bharat AC,3.0,3,1
BPCL,Govt.,Andhra Pradesh,Sri Potti Sriramulu Nellore,SARVEPALLI BIT-2,"SY.NO.2508A&B,, ON KRISHNAPATNAM PORT ROAD,, , City=SARVEPALLI
BIT-2, District=SRI POTTI SRIRAMULU, State=Andhra Pradesh",14.271431,79.986091,CCS,60.0,60,2
BPCL,Govt.,Andhra Pradesh,Y.S.R Kadapa,THALLAMARPURAM,"SY.NO.271, THALLAMARPURAM, ON SH-57, , City=THALLAMARPURAM,
District=Y.S.R KADAPA, State=Andhra Pradesh",14.732618,78.61734,CCS,60.0,60,2
BPCL,Govt.,Andhra Pradesh,Sri Potti Sriramulu Nellore,"BODDUVARIPALEM, KODAVALUR MANDAL","SY.NO.272, ON NH-16 (OLD NH-5), NEAR KAMMAPALEM VILLAGE, , City=BODDUVARIPALEM, KODAVALUR MANDAL, District=SRI POTTI
SRIRAMULU, State=Andhra Pradesh",14.588128,79.981626,CCS,60.0,60,2
BPCL,Govt.,Andhra Pradesh,Ananthapuramu,TADIPATRI,"SY.NO.275-A&275-B, ANANTAPUR ROAD,, , City=TADIPATRI,
District=ANANTAPUR, State=Andhra Pradesh",14.899359,77.968056,CCS,60.0,60,2
BPCL,Govt.,Andhra Pradesh,Nandyal,ATMAKUR,"SY.NO.329/B,330/A&331, SH-50, , City=ATMAKUR, District=NANDYAL,
State=Andhra Pradesh",15.88,78.60549,CCS,60.0,60,2
BPCL,Govt.,Andhra Pradesh,PALNADU,YADLAPADU,"SY.NO.334/A1B, 332/AC2, NH-5, VANKAYALAPADU VILLAGE, ,
City=YADLAPADU, District=PALNADU, State=Andhra Pradesh",16.180384,80.24261,CCS,60.0,60,2
BPCL,Govt.,Andhra Pradesh,Sri Potti Sriramulu Nellore,NELLORE CITY,"SY.NO.341/AN, PLOT NO.34&35,, MINI BYPASS ROAD,, , City=NELLORE CITY,
District=SRI POTTI SRIRAMULU, State=Andhra Pradesh",14.425675,79.973589,Bharat AC,3.0,3,1
BPCL,Govt.,Andhra Pradesh,Sri Potti Sriramulu Nellore,CHEJERLA,"SY.NO.359/2, 359/3, MAIN ROAD,, , City=CHEJERLA, District=SRI POTTI
SRIRAMULU, State=Andhra Pradesh",14.51673,79.5752,CCS,60.0,60,2
BPCL,Govt.,Andhra Pradesh,Y.S.R Kadapa,PRODDATUR,"SY.NO.374/A, DOMMARA NANDYALA VILLA, ON SH-57, JAMMALAMADUGU-KOLIMIGUND, , City=PRODDATUR, District=Y.S.R
KADAPA, State=Andhra Pradesh",14.733972,78.532011,CCS,60.0,60,2
BPCL,Govt.,Andhra Pradesh,CHITTOOR,IRALA MANDAL,"SY.NO.403, CHIGARAPALLI VILLAGE, IRALA MANDAL,, , City=IRALA MANDAL,
District=CHITTOOR, State=Andhra Pradesh",13.277591,79.035548,Bharat AC,3.0,3,1
BPCL,Govt.,Andhra Pradesh,CHITTOOR,IRALA MANDAL,"SY.NO.403, CHIGARAPALLI VILLAGE, IRALA MANDAL,, , City=IRALA MANDAL,
District=CHITTOOR, State=Andhra Pradesh",13.277591,79.035548,CCS,60.0,60,2
BPCL,Govt.,Andhra Pradesh,Sri Potti Sriramulu Nellore,MARRIPADU,"SY.NO.411/1, ON SH-57,, , City=MARRIPADU, District=SRI POTTI SRIRAMULU,
State=Andhra Pradesh",14.689374,79.357471,CCS,60.0,60,2
BPCL,Govt.,Andhra Pradesh,CHITTOOR,CHITTOOR TOWN,"SY.NO.420/B, MORIGANIPALLE, OPP. GOVERNMENT ITI, , City=CHITTOOR
TOWN, District=CHITTOOR, State=Andhra Pradesh",13.21953,79.120158,Bharat AC,3.0,3,1
BPCL,Govt.,Andhra Pradesh,ANNAMAYYA,MADANAPALLI,"SY.NO.433&434, PONNUTIPALEM,, BANGALORE ROAD,, ,
City=MADANAPALLI, District=ANNAMAYYA, State=Andhra Pradesh",13.542794,78.518794,CCS,60.0,60,2
BPCL,Govt.,Andhra Pradesh,PRAKASAM,PERNAMITTA,"SY.NO.441/4A&441/8, 9A, ON SH-53, KURNOOL ROAD,, , City=PERNAMITTA,
District=PRAKASAM, State=Andhra Pradesh",15.53397,79.99665,CCS,60.0,60,2
BPCL,Govt.,Andhra Pradesh,PRAKASAM,BESTAVARIPETA,"SY.NO.45/1,, BESTAVARIPET VILLAGE, , City=BESTAVARIPETA,
District=PRAKASAM, State=Andhra Pradesh",15.538113,79.098187,CCS,60.0,60,2
BPCL,Govt.,Andhra Pradesh,PALNADU,NADENDLA MANDAL,"SY.NO.520/C-A1, SH-50, , City=NADENDLA MANDAL, District=PALNADU,
State=Andhra Pradesh",16.248011,80.103842,CCS,60.0,60,2
BPCL,Govt.,Andhra Pradesh,BAPATLA,MEDARAMETLA,"SY.NO.559/1A1 & 1C, ON NH-5, BODDUVANIPALEM VILLAGE, ,
City=MEDARAMETLA, District=BAPATLA, State=Andhra Pradesh",15.719159,80.011719,CCS,60.0,60,2
BPCL,Govt.,Andhra Pradesh,TIRUPATI,TIRUPATHI,"SY.NO.571,, CHANDRAGIRI ROAD,, , City=TIRUPATHI, District=TIRUPATI,
State=Andhra Pradesh",13.621891,79.383768,Bharat AC,3.0,3,1
BPCL,Govt.,Andhra Pradesh,Ananthapuramu,TADIPATRI,"SY.NO.583/E, ON SH-31,, , City=TADIPATRI, District=ANANTAPUR,
State=Andhra Pradesh",14.9967,78.016375,CCS,60.0,60,2
BPCL,Govt.,Andhra Pradesh,TIRUPATI,DAMALACHERUVU,"SY.NO.646/2A , ON NH-18, PAKALA MANDAL, , City=DAMALACHERUVU,
District=TIRUPATI, State=Andhra Pradesh",13.465698,79.044773,CCS,60.0,60,2
BPCL,Govt.,Andhra Pradesh,TIRUPATI,TUKKIVAKKAM,"SY.NO.707/2A, THUKKIVAKAM VILLAGE, ON SH-61, RENIGUNTA MANDAL, ,
City=TUKKIVAKKAM, District=TIRUPATI, State=Andhra Pradesh",13.616271,79.489903,CCS,60.0,60,2
BPCL,Govt.,Andhra Pradesh,ANNAMAYYA,GUVVALACHERUVU,"SY.NO.850, GOPAGUDIPALLE, RAMAPURAM MANDAL, ,
City=GUVVALACHERUVU, District=ANNAMAYYA, State=Andhra Pradesh",14.286316,78.74909,CCS,60.0,60,2
BPCL,Govt.,Andhra Pradesh,TIRUPATI,RENIGUNTA,"SY.NO-447/4, KADAPA-BANGALORE ROAD, , City=RENIGUNTA,
District=TIRUPATI, State=Andhra Pradesh",13.640674,79.513969,CCS,60.0,60,2
BPCL,Govt.,Andhra Pradesh,CHITTOOR,KUKKALAPALLI,"SY.NO-461,KUKKALAPALLE VILLAGE, NH-4,NEAR GADLAKOTUR,, ,
City=KUKKALAPALLI, District=CHITTOOR, State=Andhra Pradesh",13.580826,80.040094,CCS,60.0,60,2
BPCL,Govt.,Andhra Pradesh,CHITTOOR,MURUKAMBATTU,"SY.NOS.8/2, 73/3&73/4,, ON NH-18,, , City=MURUKAMBATTU,
District=CHITTOOR, State=Andhra Pradesh",13.258597,79.120558,CCS,60.0,60,2
BPCL,Govt.,Andhra Pradesh,ANNAMAYYA,PILER,"SY623/3, BODUMALLIVARIPALLLI, PILER MANDAL, , City=PILER,
District=ANNAMAYYA, State=Andhra Pradesh",13.664104,78.950977,Bharat AC,3.0,3,1
BPCL,Govt.,Andhra Pradesh,ANNAMAYYA,KODUR,"SYNO 11, KODURU TOWN AND MANDAL, ANNAMAYYA DISTRICT, ,
City=KODUR, District=ANNAMAYYA, State=Andhra Pradesh",13.923904,79.357853,Bharat AC,3.0,3,1
BPCL,Govt.,Andhra Pradesh,Y.S.R Kadapa,MYDUKURU,"SYNO 61/1A1,KADAPA ROAD, MYDUKURU, MYDUKURU MANDAL,KADAPA
DIST, , City=MYDUKURU, District=Y.S.R KADAPA, State=Andhra Pradesh",14.714524,78.735942,Bharat AC,3.0,3,1
BPCL,Govt.,Andhra Pradesh,Y.S.R Kadapa,KHAJIPETA,"SYNO 74/B1B, KHAJIETA VILLAGE, KHAJIPETA MANDAL, YSR DISTRICT, ,
City=KHAJIPETA, District=Y.S.R KADAPA, State=Andhra Pradesh",14.677198,78.755982,Type II,7.0,7,1
BPCL,Govt.,Andhra Pradesh,ANNAMAYYA,CHITVEL,"SYNO 75/5, 74/3 KSAGRAHARAM VILLAGE, CHITVEL, , City=CHITVEL,
District=ANNAMAYYA, State=Andhra Pradesh",14.168153,79.341409,Bharat AC,3.0,3,1
BPCL,Govt.,Andhra Pradesh,ANNAMAYYA,"MALLURU VILLAGE, CHINNAMANDEM","SYNO 956/2,954/3A2,MALLUR VILLAGE, CHINNAMANDEM MANDAL, , City=MALLURU VILLAGE, CHINNAMANDEM, District=ANNAMAYYA,
State=Andhra Pradesh",13.985081,78.704886,CCS,60.0,60,2
BPCL,Govt.,Andhra Pradesh,TIRUPATI,SRIKALAHASTI,"SYNO.106/1A,15/9A, MGM HOSP CIRCLE, THOTTAMBEDU VILLAGE &
MANDAL, , City=SRIKALAHASTI, District=TIRUPATI, State=Andhra Pradesh",13.754548,79.69388,Bharat AC,3.0,3,1
BPCL,Govt.,Andhra Pradesh,TIRUPATI,SRIKALAHASTI,"SYNO.106/1A,15/9A, MGM HOSP CIRCLE, THOTTAMBEDU VILLAGE &
MANDAL, , City=SRIKALAHASTI, District=TIRUPATI, State=Andhra Pradesh",13.754548,79.69388,CCS,60.0,60,2
BPCL,Govt.,Andhra Pradesh,GUNTUR,GUNTUR,"T.S.NO 75 TO 79 OF BRODIPET, WARD NO 2, BLOCK NO 2, , City=GUNTUR,
District=GUNTUR, State=Andhra Pradesh",16.3094,80.434748,Bharat AC,3.0,3,1
BPCL,Govt.,Andhra Pradesh,WEST GODAVARI,TADEPALLIGUDEM,"TADEPALLIGUDEM-NALLAJERLA ROAD, TADEPALLIGUDEM, ,
City=TADEPALLIGUDEM, District=WEST GODAVARI, State=Andhra Pradesh",16.833053,81.507016,Bharat AC,3.0,3,1
BPCL,Govt.,Andhra Pradesh,Ananthapuramu,TADIPATRI,"TADIPATRI, TADIPATRI, , City=TADIPATRI, District=ANANTAPUR,
State=Andhra Pradesh",14.900002,78.01003,CCS,60.0,60,2
BPCL,Govt.,Andhra Pradesh,KAKINADA,TALLURU VILLAGE,"TALLURU, TALLURU, , City=TALLURU VILLAGE, District=KAKINADA,
State=Andhra Pradesh",17.157892,82.017815,Bharat AC,3.0,3,1
BPCL,Govt.,Andhra Pradesh,KAKINADA,TALLURU VILLAGE,"TALLURU, TALLURU, , City=TALLURU VILLAGE, District=KAKINADA,
State=Andhra Pradesh",17.157892,82.017815,CCS,60.0,60,2
BPCL,Govt.,Andhra Pradesh,PALNADU,GUNTUR,"THIMMAPURAM, THIMMAPURAM, , City=GUNTUR, District=PALNADU,
State=Andhra Pradesh",16.149214,80.20277,CCS,60.0,60,2
BPCL,Govt.,Andhra Pradesh,TIRUPATI,PUTTUR,"TIRUPATI - ARUKKONAM ROAD, PUTTUR TOWN, , City=PUTTUR,
District=TIRUPATI, State=Andhra Pradesh",13.459465,79.546848,Bharat AC,3.0,3,1
BPCL,Govt.,Andhra Pradesh,Sri Potti Sriramulu Nellore,NELLORE,"TRUNK ROAD, DARGAMITTA, , City=NELLORE, District=SRI POTTI
SRIRAMULU, State=Andhra Pradesh",14.438296,79.97106,Bharat AC,3.0,3,1
BPCL,Govt.,Andhra Pradesh,TIRUPATI,KONDUR,"TRUNK ROAD, NATIONAL HIGHWAY - 16, , City=KONDUR, District=TIRUPATI,
State=Andhra Pradesh",13.66082,80.013,Bharat AC,3.0,3,1
BPCL,Govt.,Andhra Pradesh,KAKINADA,TUNI,"TUNI, TUNI, , City=TUNI, District=KAKINADA, State=Andhra Pradesh",17.358143,82.54281,Bharat AC,3.0,3,1
BPCL,Govt.,Andhra Pradesh,Ananthapuramu,URAVAKONDA,"URAVAKONDA TOWN AND MANDAL, OPPOSITE TO MARKET YARD, ,
City=URAVAKONDA, District=ANANTAPUR, State=Andhra Pradesh",14.944444,77.262937,Type II,7.0,7,1
BPCL,Govt.,Andhra Pradesh,CHITTOOR,MUTHUKURU VILLAGE,"V A KOTHURU, V A KOTHURU, , City=MUTHUKURU VILLAGE,
District=CHITTOOR, State=Andhra Pradesh",13.294858,78.668885,CCS,60.0,60,2
BPCL,Govt.,Andhra Pradesh,ANNAMAYYA,VAYALPAD,"VAYALPADU VILLAGE, NH-205, MADANAPALLI-TIRUPATI ROAD, ,
City=VAYALPAD, District=ANNAMAYYA, State=Andhra Pradesh",13.637678,78.636816,CCS,60.0,60,2
BPCL,Govt.,Andhra Pradesh,NTR,KANCHIKACHERLA,"VIJAYAWADA ROAD, MAIN ROAD, , City=KANCHIKACHERLA, District=NTR,
State=Andhra Pradesh",16.680986,80.392976,Bharat AC,3.0,3,1
BPCL,Govt.,Andhra Pradesh,NTR,CHILLAKALLU,"VIJAYAWADA ROAD, NH 65, , City=CHILLAKALLU, District=NTR, State=Andhra Pradesh",16.889416,80.148908,CCS,60.0,60,2
BPCL,Govt.,Andhra Pradesh,NTR,TIRUVURU,"VIJAYAWADA ROAD, TIRUVURU, , City=TIRUVURU, District=NTR,
State=Andhra Pradesh",17.10108,80.614677,CCS,60.0,60,2
BPCL,Govt.,Andhra Pradesh,EAST GODAVARI,VIJJESWARAM,"VIJJESWARAM, NIDADAVOLE MANDAL, , City=VIJJESWARAM, District=EAST
GODAVARI, State=Andhra Pradesh",16.8916,81.730449,Bharat AC,3.0,3,1
BPCL,Govt.,Andhra Pradesh,ELURU,NUZIVID,"VISSENAPETA ROAD, #, , City=NUZIVID, District=ELURU, State=Andhra Pradesh",16.801485,80.845263,Bharat AC,3.0,3,1
BPCL,Govt.,Andhra Pradesh,Nandyal,NANDYAL,"YERAMUKKAPALLI VILLAGE, NATIONAL HIGHWAY - 18, , City=NANDYAL,
District=NANDYAL, State=Andhra Pradesh",15.45348,78.49995,Bharat AC,3.0,3,1
BPCL,Govt.,Andhra Pradesh,PRAKASAM,SURAREDDYPALEM,"SURAREDDYPALEM NH 16, TANGUUR MANDAL, SURAREDDYPALEM,
PRAKASAM, Andhra Pradesh",15.408004,80.038852,CCS,60.0,60,2
HPCL,Govt.,Arunachal Pradesh,Lohit,Lohit,Digaru Paya,27.910478,96.088021,Bharat AC-001,3.0,3,1
HPCL,Govt.,Arunachal Pradesh,Changlang,Changlang,Kharsang,27.417341,96.019966,Bharat AC-001,3.0,3,1
HPCL,Govt.,Arunachal Pradesh,East Siang,East Siang,Pasighat,28.036389,95.335833,Bharat AC-001,3.0,3,1
HPCL,Govt.,Arunachal Pradesh,Lower Subansiri,Lower Subansiri,Ziro,27.575336,93.832457,Bharat AC-001,3.0,3,1
IOCL,Govt.,Arunachal Pradesh,Papum pare,Papumpare,"""C"" Sector Main Road P.O. : Itanagar District : Papum Pare",27.097516,93.624418,LEV AC Charge point,3.3,3.3,1
IOCL,Govt.,Arunachal Pradesh,Dibang Valley,Dibang Valley,Anini Town Dist- Dibang Valley Plot No 220,28.791775,95.897501,LEV AC Charge point,3.3,3.3,1
IOCL,Govt.,Arunachal Pradesh,Papum pare,Papumpare,Banderdewa Bandardewa Dist : Papumpare,27.100754,93.826423,Type-II AC,7.4,7.4,1
IOCL,Govt.,Arunachal Pradesh,Papum pare,Papumpare,Banderdewa Dist. Papumpare Dist. Papumpare,27.109763,93.823985,LEV AC Charge point,3.3,3.3,1
IOCL,Govt.,Arunachal Pradesh,Changlang,Changlang,C/O- Dukhum Inthem Singpho Goju Village Bordumsa Dist- Changlang,27.496607,95.902135,LEV AC Charge point,3.3,3.3,1
IOCL,Govt.,Arunachal Pradesh,Changlang,Changlang,C/O- Sri Thinghom Taiju Pautangsung Near Tirap River Changang Circle Dist-Changla,27.133025,95.733254,LEV AC Charge point,3.3,3.3,1
IOCL,Govt.,Arunachal Pradesh,Namsai,Namsai,Chainage 829.872 Manmow Village P.O& P.S- Namsai Dist- Namsai,27.684776,27.684776,LEV AC Charge point,3.3,3.3,1
IOCL,Govt.,Arunachal Pradesh,East Siang,East Siang,Debbi Filling Station Mirku Dapi Village East Siang District,28.063267,95.324356,LEV AC Charge point,3.3,3.3,1
IOCL,Govt.,Arunachal Pradesh,Papum pare,Papumpare,Dist. Papumpare,27.102037,93.669901,LEV AC Charge point,3.3,3.3,1
IOCL,Govt.,Arunachal Pradesh,Tirap,Tirap,Ep Mema Fuel Station Hanyakkong Rumborduria Dist. Tiraparunachal Pradesh,27.01553,95.49356,LEV AC Charge point,3.3,3.3,1
IOCL,Govt.,Arunachal Pradesh,Lower Dibang Valley,Lower Dibang Valley,Kabang Gamno Energy Station 12 Kms Miuli Ati Mayudia Township Circle-Roing P.O & P.S-Roing Lowe,28.189867,95.803473,Type-II AC,7.4,7.4,1
IOCL,Govt.,Arunachal Pradesh,Kamle,Kamle,Keshi’S Filling Station Village: Raga Ii District: Kamlearunachal Pradesh,27.79797,94.071104,LEV AC Charge point,3.3,3.3,1
IOCL,Govt.,Arunachal Pradesh,Tirap,Tirap,M/S Tirap Fuel Station Khonsa Town Dist: Tirap Arunachal Pradesh,26.98424,95.51054,Type-II AC,7.4,7.4,1
IOCL,Govt.,Arunachal Pradesh,Siang,Siang,Mani Aabing Automobiles Pulung Area Near Pangin Tinali Dist. Siangarunachal Pradesh,28.214498,94.992718,Type-II AC,7.4,7.4,1
IOCL,Govt.,Arunachal Pradesh,Leparada,Leparada,Mito Basar Automobiles And Services Basar Town Area Bame Likhabali Roaddist. Leparada,27.969906,94.683103,LEV AC Charge point,3.3,3.3,1
IOCL,Govt.,Arunachal Pradesh,Papum pare,Papumpare,Naharlagun Naharlagun Dist : Papumpare,27.10763,93.703296,LEV AC Charge point,3.3,3.3,1
IOCL,Govt.,Arunachal Pradesh,Changlang,Changlang,Nampong Town Vill- Namgoi P.O- Nampong Dist- Changlang,27.292231,96.092751,LEV AC Charge point,3.3,3.3,1
IOCL,Govt.,Arunachal Pradesh,Namsai,Namsai,Namsai Town Towards Diyun Road Vill Namsai Dist- Namsai,27.662492,95.885695,LEV AC Charge point,3.3,3.3,1
IOCL,Govt.,Arunachal Pradesh,Papum pare,Papumpare,Nirjuli Nh-52A Dist. Papum Pare Arunachal Pradesh,27.129416,93.734149,LEV AC Charge point,3.3,3.3,1
IOCL,Govt.,Arunachal Pradesh,Papum pare,Papumpare,Nirjuli Nirjuli Dist : Papumpare,27.127149,93.731411,Type-II AC,7.4,7.4,1
IOCL,Govt.,Arunachal Pradesh,Lower Dibang Valley,Lower Dibang Valley,Opposite Post Office Plot No 415 Roing Town Dist- Lower Dibang Valley,28.1392,95.8425,LEV AC Charge point,3.3,3.3,1
IOCL,Govt.,Arunachal Pradesh,East Siang,East Siang,P.O - Mebo Dist- East Siang Pin-791104 A.P,28.1636,95.4072,LEV AC Charge point,3.3,3.3,1
IOCL,Govt.,Arunachal Pradesh,Namsai,Namsai,P.O Namsai Dist - Namsai Arunachal Pradesh,27.666534,95.874388,LEV AC Charge point,3.3,3.3,1
IOCL,Govt.,Arunachal Pradesh,Leparada,Leparada,P.O. Basar Dist. West-Siang Arunachal Pradesh,27.98319,27.98319,LEV AC Charge point,3.3,3.3,1
IOCL,Govt.,Arunachal Pradesh,East Siang,East Siang,P.O. Pashighat Dist. East Siang Arunachal Pradesh.,28.045456,95.331625,Type-II AC,7.4,7.4,1
IOCL,Govt.,Arunachal Pradesh,Lohit,Lohit,P.O.Tezu Arunachal Pradesh Arunachal Pradesh,27.926566,96.158969,LEV AC Charge point,3.3,3.3,1
IOCL,Govt.,Arunachal Pradesh,Papum pare,Papumpare,Raytmmr Fuel Station Midpu-I Doimukh Papumpare Arunachal Pradesh,27.159541,93.750634,LEV AC Charge point,3.3,3.3,1
IOCL,Govt.,Arunachal Pradesh,Papum pare,Papumpare,Relum Filling Station Village Nirjuli Papumpare Arunachal Pradesh,27.13602,93.748189,LEV AC Charge point,3.3,3.3,1
IOCL,Govt.,Arunachal Pradesh,Lower Dibang Valley,Lower Dibang Valley,Remi Village  Besides Nh 52 Dambuk Circle P.O & P.S- Dambuk,28.272217,95.614793,LEV AC Charge point,3.3,3.3,1
IOCL,Govt.,Arunachal Pradesh,East Siang,East Siang,Ruksin P.O.  Pasighat-791102 Dist. East Siang Arunachal Pradesh,27.844289,95.227746,Type-II AC,7.4,7.4,1
IOCL,Govt.,Arunachal Pradesh,Papum pare,Papumpare,Sagalee Papumpare District Arunachal Pradesh,27.250694,93.496278,LEV AC Charge point,3.3,3.3,1
IOCL,Govt.,Arunachal Pradesh,Shi Yomi,Shi-Yomi,Shi-Yomi Energy Station Plot No. 2 Rinya Premises Linggok Tato Village Shi Yomi District,28.531072,94.380174,LEV AC Charge point,3.3,3.3,1
IOCL,Govt.,Arunachal Pradesh,West Siang,West Siang,Sipu Colony Aalo Town P.O & P.S- Aalo Dist- West Siang,28.167,94.794,Type-II AC,7.4,7.4,1
IOCL,Govt.,Arunachal Pradesh,Lower Siang,Lower Siang,Smt Yadap. Apang P.O. Lekabali Dist. West Siang,27.659627,94.704679,LEV AC Charge point,3.3,3.3,1
IOCL,Govt.,Arunachal Pradesh,East Siang,East Siang,T Lego Filling Station Oyan Village Dist. East Siangarunachal Pradesh,27.881413,95.317279,LEV AC Charge point,3.3,3.3,1
IOCL,Govt.,Arunachal Pradesh,East Siang,East Siang,Talut Tamuk Filling Station Vill-Rani Po/Ps-Sille Oyan East Siang District,27.971594,95.331275,LEV AC Charge point,3.3,3.3,1
IOCL,Govt.,Arunachal Pradesh,Dibang Valley,Dibang Valley,Vill- Anini P.O- Anini P.S- Anini Dist- Dibang Valley,28.798199,95.900551,LEV AC Charge point,3.3,3.3,1
IOCL,Govt.,Arunachal Pradesh,Changlang,Changlang,Vill- Gidding Balijan Village P.O & P.S- Bordumsa Dist- Changlang,27.504317,95.907477,LEV AC Charge point,3.3,3.3,1
IOCL,Govt.,Arunachal Pradesh,Upper Subansiri,Upper Sibansiri,Village:Jillirijodumporijo Taluka:Dumporijo Dist:Upper Subansiri,27.982928,94.27049,LEV AC Charge point,3.3,3.3,1
BPCL,Govt.,Arunachal Pradesh,East Siang,PASIGHAT,"2ND MILE AREA, PASIGHAT, , City=PASIGHAT, District=SIANG EAST,
State=Arunachal Pradesh",28.03225,95.338418,CCS,60.0,60,2
BPCL,Govt.,Arunachal Pradesh,LOHIT,WAKRO,"HALO, WAKRO, , City=WAKRO, District=LOHIT, State=Arunachal Pradesh",27.774143,96.13,CCS,30.0,30,1
BPCL,Govt.,Arunachal Pradesh,East Siang,PASSIGHAT,"PO. PASIGHAT, EAST SIANG, PASSIGHAT, , City=PASSIGHAT, District=SIANG
EAST, State=Arunachal Pradesh",28.05345,95.331487,CCS,60.0,60,2
BPCL,Govt.,Arunachal Pradesh,Namsai,CHONGKHAM,"VILLAGE MOMONG, #, , City=CHONGKHAM, District=Namsai, State=Arunachal Pradesh",27.798464,95.995644,CCS,30.0,30,1
Ather,Private,Assam,Kamrup,Guwahati,"Bora Commercial Complex, Opposite Abc Compound, Nalapara, Lokhra, Assam",26.111009,91.767931,LEV DC Charge Point (IS-17017-2-7),3.3,3.3,1
Ather,Private,Assam,Kamrup,Guwahati,"Nh-37, Opp. Tirupati Balaji Temple",26.112203,91.724158,LEV DC Charge Point (IS-17017-2-7),3.3,3.3,1
Ather,Private,Assam,Kamrup,Guwahati,"Tripura Rd, Jaya Nagar",26.121131,91.805849,LEV DC Charge Point (IS-17017-2-7),3.3,3.3,1
Ather,Private,Assam,Kamrup,Guwahati,"Near Hotel Aster Premier, Farm Gate, Jaya Nagar, Khanapara, Guwahati, Assam 781022",26.126373,91.814201,LEV DC Charge Point (IS-17017-2-7),3.3,3.3,1
Ather,Private,Assam,Kamrup,Guwahati,"Lokhra Rd, Barsapara, Guwahati, Assam 781034",26.135987,91.73667,LEV DC Charge Point (IS-17017-2-7),3.3,3.3,1
Ather,Private,Assam,Kamrup,Guwahati,"Rajat Bhawan, Basistha Rd, Banphool Nagar, Housefed, Beltola Tiniali, Guwahati, Assam 781006",26.136417,91.791448,LEV DC Charge Point (IS-17017-2-7),3.3,3.3,1
Ather,Private,Assam,Kamrup,Guwahati,"Hp Petrol Pump Fatasil Ganeshpara, Guwahati A K Bathu Mandir, Ak Dev Rd, Gauri Sarma Colony, Fatasil Ambari, Guwahati, Assam 781025",26.141957,91.726463,LEV DC Charge Point (IS-17017-2-7),3.3,3.3,1
Ather,Private,Assam,Kamrup,Guwahati,"Guwahati Assam, Gauhati University, Jalukbari, Guwahati, Assam 781014",26.157937,91.681909,LEV DC Charge Point (IS-17017-2-7),3.3,3.3,1
Ather,Private,Assam,Kamrup,Guwahati,"Kalipur, Guwahati, Assam 781009",26.168532,91.72109,LEV DC Charge Point (IS-17017-2-7),3.3,3.3,1
Ather,Private,Assam,Kamrup,Guwahati,"House No 20,Janapath Lane,Ulubari",26.170766,91.760818,LEV DC Charge Point (IS-17017-2-7),3.3,3.3,1
Ather,Private,Assam,Kamrup,Guwahati,"2Nd Floor, Jkon Building, Opp. Sonaram School, Bharalumukh",26.172606,91.729344,LEV DC Charge Point (IS-17017-2-7),3.3,3.3,1
Ather,Private,Assam,Kamrup,Guwahati,"College Nagar Rd, Abhaypur, Guwahati, Assam 781031",26.198934,91.715592,LEV DC Charge Point (IS-17017-2-7),3.3,3.3,1
Ather,Private,Assam,Kamrup,Guwahati,"Joyguru, Opposite Iit, Guwahati, Assam 781031",26.208917,91.68584,LEV DC Charge Point (IS-17017-2-7),3.3,3.3,1
HPCL,Govt.,Assam,Dhubri,Dhubri,Bilasipara Dhubri,26.275919,90.44618,Type-II AC,7.0,7,1
HPCL,Govt.,Assam,Kamrup,Kamrup,Bartezpur,26.072008,91.438807,CCS-II,30.0,30,1
HPCL,Govt.,Assam,Baksa,Baksa,Belguri Chowk P.O:- Mushalpur,26.674444,91.344722,Bharat AC-001,3.0,3,1
HPCL,Govt.,Assam,Dhubri,Dhubri,Bilasipara,26.176357,90.075407,Bharat AC-001,3.0,3,1
HPCL,Govt.,Assam,Golaghat,Golaghat,Ekorani Gaon,26.69772,93.93679,Bharat AC-001,3.0,3,1
HPCL,Govt.,Assam,Goalpara,Goalpara,Goalpara Town,26.169197,90.623921,Type-II AC,7.0,7,1
HPCL,Govt.,Assam,Barpeta,Barpeta,Howly,26.459006,90.969079,CCS-II,30.0,30,1
HPCL,Govt.,Assam,Marigaon,Marigaon,Jagiroad,26.15417,92.21226,Bharat AC-001,3.0,3,1
HPCL,Govt.,Assam,Chirang,Chirang,"Kamargaon Bijni Chirang (Btad) , Assam",26.526726,90.68658,Bharat AC-001,3.0,3,1
HPCL,Govt.,Assam,Nagaon,Nagaon,Kawaimari Dhing Road Nagaon,26.359722,92.648888,Bharat AC-001,3.0,3,1
HPCL,Govt.,Assam,Kamrup Metro,Kamrup Metro,Lal Ganesh Road Guwahati,26.12652,91.74491,Type-II AC,7.0,7,1
HPCL,Govt.,Assam,Darrang,Darrang,"Maruachowki,Revenue Circle-Lokrai P.O:- Maruachowki P.S:-Sipajhar 784145",26.35009,91.82614,Type-II AC,7.0,7,1
HPCL,Govt.,Assam,Goalpara,Goalpara,"Matia, Goalpara",26.102421,90.746363,Type-II AC,7.0,7,1
HPCL,Govt.,Assam,Marigaon,Marigaon,Nawkata Kissam Mouza- Dandua P.S-Marigaon  782105,26.265235,92.342665,Bharat AC-001,3.0,3,1
HPCL,Govt.,Assam,Baksa,Baksa,Pati Darrang,26.489083,91.737304,Type-II AC,7.0,7,1
HPCL,Govt.,Assam,Barpeta,Barpeta,Shalekura Mouza-Jania P.S Barpeta,26.315535,90.922513,Bharat AC-001,3.0,3,1
HPCL,Govt.,Assam,Tinsukia,Tinsukia,Tipling Road Duliajan,27.349279,95.317513,Type-II AC,7.0,7,1
HPCL,Govt.,Assam,Cachar,Cachar,Vill - Digor Fulertal,24.793551,93.024391,Type-II AC,7.0,7,1
HPCL,Govt.,Assam,Kamrup,Kamrup,"Vill And Ps:- Mayna,Ps Gazole,Malda",26.190881,91.647798,Type-II AC,7.0,7,1
HPCL,Govt.,Assam,Bongaigaon,Bongaigaon,Vill: Hapasara Mouza:Bijni,26.478865,90.639002,Bharat AC-001,3.0,3,1
HPCL,Govt.,Assam,Darrang,Darrang,Vill:- Jaberikuchi Mouza:- Chapai,26.527156,92.010945,Type-II AC,7.0,7,1
HPCL,Govt.,Assam,Chirang,Chirang,Vill:- Silpota Dhaliagaon Sidli Rev Circle,26.536726,90.492791,Bharat AC-001,3.0,3,1
IOCL,Govt.,Assam,Bongaigaon,Bongaigaon,"""Borpara Bongaigaon Town"" ""Distt. Bongaigaon Assam"" ""Distt. Bongaigaon Assam""",26.463458,90.560835,LEV AC Charge point,3.3,3.3,1
IOCL,Govt.,Assam,Nalbari,Nalbari,A.S.A. Fuel Station Barajol Dist Nalbari Assam - 781369,26.491257,91.537731,LEV AC Charge point,3.3,3.3,1
IOCL,Govt.,Assam,Jorhat,Jorhat,A.T. Road Tarajan Jorhat Assam,26.781185,26.781185,LEV AC Charge point,3.3,3.3,1
IOCL,Govt.,Assam,Kamrup Metro,Kamrup Metro,A/C Dispur Fancy Bazar Guwahati -1 Dist-Kamrup. Assam,26.146497,91.788779,CCS-II,60.0,60,1
IOCL,Govt.,Assam,Hailakandi,Hailakandi,Algapur Dist : Hailakandi Assam,24.75063,92.59788,LEV AC Charge point,3.3,3.3,1
IOCL,Govt.,Assam,Hailakandi,Hailakandi,Aloicherra Dist: Hailakandi Assam,24.40716,92.55423,LEV AC Charge point,3.3,3.3,1
IOCL,Govt.,Assam,Dhemaji,Dhemaji,Anwesha Service Station Dag No. 423/Pp:213 Village- Legasu Nepali Map Dhemaji,27.41663,94.315847,Type-II AC,7.4,7.4,1
IOCL,Govt.,Assam,Kamrup,Kamrup,Baihata Kamalpur Kamrup Assam,26.345804,91.68622,LEV AC Charge point,3.3,3.3,1
IOCL,Govt.,Assam,Darrang,Darrang,Bajrang Fuel Junction Village Chapai Po Chapaichowka Mangaldoi Darrang Assam,26.458963,92.02863,LEV AC Charge point,3.3,3.3,1
IOCL,Govt.,Assam,Cachar,Cachar,Barjalenga Dist: Cachar Assam,24.672735,92.723577,LEV AC Charge point,3.3,3.3,1
IOCL,Govt.,Assam,Bongaigaon,Bongaigaon,Barkhata Pt Ii Boitamari Bongaigaon District,26.33374,90.510485,LEV AC Charge point,3.3,3.3,1
IOCL,Govt.,Assam,Barpeta,Barpeta,Barpeta Road Pin-781315 Dist : Barpeta,26.487242,90.968377,LEV AC Charge point,3.3,3.3,1
IOCL,Govt.,Assam,Cachar,Cachar,Beranga Pt Iii Beranga Old Lakhipur Road,24.81252,92.82557,LEV AC Charge point,3.3,3.3,1
IOCL,Govt.,Assam,Dibrugarh,Dibrugarh,Between Kutuha & Khowang On Nh-37 Village-Padumoni Nagaon Mouza-Lengeridist. Dibrugarh,27.300776,94.90168,Type-II AC,7.4,7.4,1
IOCL,Govt.,Assam,Baksa,Baksa,Bhalukdonga Mouza Dakshin Baksa Dist Baksa,26.59295,91.335202,LEV AC Charge point,3.3,3.3,1
IOCL,Govt.,Assam,Sivasagar,Sibsagar,Bhatiapar Dag 1082 1083 Vill- Rupahibiltal-Meteka Bon Dist- Sibsagar,26.961117,94.575508,LEV AC Charge point,3.3,3.3,1
IOCL,Govt.,Assam,Tinsukia,Tinsukia,Bherudan Murlidhar (Adhoc) Panitola Dist: Tinsukia Assam,27.495317,95.255504,Type-II AC,7.4,7.4,1
IOCL,Govt.,Assam,Nagaon,Nagaon,Bhomoraguri Bhetioni Dist. Nagaon Assam,26.407198,92.56037,LEV AC Charge point,3.3,3.3,1
IOCL,Govt.,Assam,Cachar,Cachar,Binnakandi Dist: Cchar Assam,24.789009,92.999537,LEV AC Charge point,3.3,3.3,1
IOCL,Govt.,Assam,Kamrup Metro,Kamrup Metro,C/O Chandmall Sarawgi P.O.Gauhati  Ulubari Dist-Kamrup Assam.,26.171505,91.761949,CCS-II,30.0,30,1
IOCL,Govt.,Assam,Dibrugarh,Dibrugarh,C/O- Prasanta Borpatra Gohain Dag No 45 P.P- 3 Mohanbari Hindu Gaon,27.465398,95.025711,LEV AC Charge point,3.3,3.3,1
IOCL,Govt.,Assam,Charaideo,Charaideo,C/O- Safina Yasmin Dag No 712 & Patta 151152 Dakshin Sonari Gaon Ward 4,27.027126,95.026562,LEV AC Charge point,3.3,3.3,1
IOCL,Govt.,Assam,Dibrugarh,Dibrugarh,C/O- Sri Debasish Phukan Dag No-15 Patta No-353 Chiring Chapori,27.47007,94.897804,LEV AC Charge point,3.3,3.3,1
IOCL,Govt.,Assam,Kamrup Metro,Kamrup Metro,Chandmari Guwahati Dist-Kamrup Assam,26.183553,91.779501,LEV AC Charge point,3.3,3.3,1
IOCL,Govt.,Assam,Jorhat,Jorhat,Changmaigaonnear Teok Nh-37 Dist : Jorhat,26.837686,94.451567,Type-II AC,7.4,7.4,1
IOCL,Govt.,Assam,Chirang,Chirang,Chapaguri Pin-783385 Dist : Chirang,26.500558,90.558603,Type-II AC,7.4,7.4,1
IOCL,Govt.,Assam,Bongaigaon,Bongaigaon,Chaprakata Po & Ps:Bongaigaon District: Bongaigaon Assam,26.48963,90.61797,LEV AC Charge point,3.3,3.3,1
IOCL,Govt.,Assam,Jorhat,Jorhat,Chereli Pathar Village Borhola Tow Dag No 375 Patta No- 174 P.S & P.O-Borhola,26.462571,94.15255,LEV AC Charge point,3.3,3.3,1
IOCL,Govt.,Assam,Charaideo,Charaideo,Co- Sri Aboni Boruah Dag No- 27 P.P No- 100 Jajalihabi Gaon Dist- Charaid,27.087725,94.933372,LEV AC Charge point,3.3,3.3,1
IOCL,Govt.,Assam,Lakhimpur,Lakhimpur,Dag 106 P.P No 73 No 1 Karunabari Village Mouza- Laluk Sh-43,27.114348,93.936097,LEV AC Charge point,3.3,3.3,1
IOCL,Govt.,Assam,Jorhat,Jorhat,Dag 908 Patta No 154 Nakachari P.O- Nakachari P.S- Mariani,26.709,94.413,LEV AC Charge point,3.3,3.3,1
IOCL,Govt.,Assam,Nalbari,Nalbari,Dag No 109  Patta No 256 Vill Kaithalkuchi Mouza Dharmapur  Nalbari,26.455432,91.34194,LEV AC Charge point,3.3,3.3,1
IOCL,Govt.,Assam,Tinsukia,Tinsukia,Dag No 12 Patta No 123 Vill-Tingraigaon Nh 38;Dist- Tinsukia,27.467891,95.522773,LEV AC Charge point,3.3,3.3,1
IOCL,Govt.,Assam,Dhemaji,Dhemaji,Dag No 123 Of Patta No 260 Chowkham Under Dhemaji Mouza Dist. Dhemajiassam,27.494061,94.579194,LEV AC Charge point,3.3,3.3,1
IOCL,Govt.,Assam,Sivasagar,Sibsagar,Dag No- 147210 Patta No- 21682 Namtialpather Nagarmahal Mouz Dist-Sibsagar,26.998765,94.648475,LEV AC Charge point,3.3,3.3,1
IOCL,Govt.,Assam,Dibrugarh,Dibrugarh,Dag No- 176 Pp No- 127 Kuchiya Khana Gaon Mouza- Mancotta Khanikar,27.457567,94.942719,LEV AC Charge point,3.3,3.3,1
IOCL,Govt.,Assam,Golaghat,Golaghat,Dag No- 182 Patta No-07 Mouza- Sarupathar Dist- Golag Vill- No 2 Chungajan,26.028415,93.80371,Type-II AC,7.4,7.4,1
IOCL,Govt.,Assam,Karbi Anglong,Karbi Anglong,Dag No 1922 Vill- Kheroni Dist- Karbi Anglong,25.842024,92.88339,LEV AC Charge point,3.3,3.3,1
IOCL,Govt.,Assam,Udalguri,Udalguri,Dag No 220  Patta No 11 Vilage 2 Uttar Dimakuchi Bhergaon  Mouza Sekhar,26.757154,91.823441,LEV AC Charge point,3.3,3.3,1
IOCL,Govt.,Assam,Dibrugarh,Dibrugarh,Dag No 240 Patta No- 83 Khowang Azarguri Gaon P.O- Khowang,27.264963,94.891121,LEV AC Charge point,3.3,3.3,1
IOCL,Govt.,Assam,Kokrajhar,Kokrajhar,Dag No 2557  Patta No 4073 Vill Boro Bhatarmari Mouza Kokrajhar,26.415192,90.26723,LEV AC Charge point,3.3,3.3,1
IOCL,Govt.,Assam,Sivasagar,Sibsagar,Dag No- 26 Patta No-90 Goahaigaon Mouza- Athkel Circle- Nazira,26.84097,94.70832,Type-II AC,7.4,7.4,1
IOCL,Govt.,Assam,Barpeta,Barpeta,Dag No 288  Patta No 231 Vill Ghilajari Mouza Rupasi  Dist Barpeta,26.445532,90.881201,LEV AC Charge point,3.3,3.3,1
IOCL,Govt.,Assam,Karbi Anglong,Karbi Anglong,Dag No- 310149;Patta No- 12 Vill- Gharialdubi Block 2 Mouza- Borjan;Dist-Karbi Angl,26.015859,93.786346,LEV AC Charge point,3.3,3.3,1
IOCL,Govt.,Assam,Charaideo,Charaideo,Dag No- 45 Pp No- 8 Baregaonp.O- Saphekati Dist- Charaideo,27.066175,95.184433,LEV AC Charge point,3.3,3.3,1
IOCL,Govt.,Assam,Dibrugarh,Dibrugarh,Dag No- 466536467;Patta No- 7273 11/164 Orr Grant Gaon Moran Circle,27.261574,94.898414,Type-II AC,7.4,7.4,1
IOCL,Govt.,Assam,Udalguri,Udalguri,Dag No 470  Patta No 120 Vill Jhilkakhat Mouza: Silpota Dist Udalguri,26.633638,92.005478,LEV AC Charge point,3.3,3.3,1
IOCL,Govt.,Assam,Sivasagar,Sibsagar,Dag No- 501 Patta No- 58 Nitaipukhuri Gaon Dist- Sibsagar,27.204481,94.76416,LEV AC Charge point,3.3,3.3,1
IOCL,Govt.,Assam,Charaideo,Charaideo,Dag No 55 496 & Patta No 186 146 Doomar Dolong Gaon Mahmora Mouza,27.209286,94.944908,LEV AC Charge point,3.3,3.3,1
IOCL,Govt.,Assam,Dibrugarh,Dibrugarh,Dag No- 6063; Patta No- 5 3 No Charaihabi Gaon Mouza- Lengeri,27.326679,94.955109,LEV AC Charge point,3.3,3.3,1
IOCL,Govt.,Assam,Golaghat,Golaghat,Dag No- 6170 8031Patta No- 1692 Bengenakhowa Town Mouza-Moukhowap.S-Golaghat,26.50094,93.973607,LEV AC Charge point,3.3,3.3,1
IOCL,Govt.,Assam,Nalbari,Nalbari,Dag No 648 Patta No 65 Village Dahkaunia Mouza Namati,26.494487,91.345527,LEV AC Charge point,3.3,3.3,1
IOCL,Govt.,Assam,Dhemaji,Dhemaji,Dag No- 96 Patta No-31 Silagaon Villagemouza-Sisi Dist- Dhemajip.O-Silapathar,27.592158,94.743678,LEV AC Charge point,3.3,3.3,1
IOCL,Govt.,Assam,Golaghat,Golaghat,Dag No- 969 Patta No- 736 Dergaon Narikalguri Mouza- Dergaon,26.702487,93.974006,LEV AC Charge point,3.3,3.3,1
IOCL,Govt.,Assam,Dibrugarh,Dibrugarh,Dag No-13 P.P No-148 Mancotta Road Dibrugarh Chowkidinghee,27.470701,94.93277,Type-II AC,7.4,7.4,1
IOCL,Govt.,Assam,Tinsukia,Tinsukia,Dag No-219 220;Patta No- 158 Loonpuria;Mouza- Bogdung P.O-Panitola;Dist- Tinsukia,27.501539,95.292857,LEV AC Charge point,3.3,3.3,1
IOCL,Govt.,Assam,Sivasagar,Sibsagar,Dag No-430 Patta No-128 Vill- Garbhanga Gaon P.O- Nahat P.S- Demow,27.187471,94.753792,LEV AC Charge point,3.3,3.3,1
IOCL,Govt.,Assam,Tinsukia,Tinsukia,Dag No-482 Patta No-96 Namdang Gaon P.O & P.S- Margherita,27.28739,95.70235,LEV AC Charge point,3.3,3.3,1
IOCL,Govt.,Assam,Dhemaji,Dhemaji,Dag No-67(Kha)Telijangaon Dhemaji Development Authority Mouza-Dhemaji,27.4534,94.5494,LEV AC Charge point,3.3,3.3,1
IOCL,Govt.,Assam,Dibrugarh,Dibrugarh,Dag No-71 Patta No-47 Hudupara Village Mouza-Sasoni Dist- Dibrugarh,27.299328,95.283288,LEV AC Charge point,3.3,3.3,1
IOCL,Govt.,Assam,Dhemaji,Dhemaji,Dag No-72 Sessajan Dhemaji Development Authority Mouza- Dhemaji,27.508,94.585,Type-II AC,7.4,7.4,1
IOCL,Govt.,Assam,Cachar,Cachar,Dakhin Krishnapur Dist.Cachar Silchar Assam,24.76298,92.828475,LEV AC Charge point,3.3,3.3,1
IOCL,Govt.,Assam,Kokrajhar,Kokrajhar,Dalanguri(Thuribari) Kokrajhar District Assam,26.460658,90.154278,LEV AC Charge point,3.3,3.3,1
IOCL,Govt.,Assam,Kokrajhar,Kokrajhar,Dangagaon Sidli Revenue Circle Kokrajhar Dist,26.393855,90.265967,LEV AC Charge point,3.3,3.3,1
IOCL,Govt.,Assam,Goalpara,Goalpara,Darrang Giri Patiarpara 1 M Khanda Dudhnoi Goalpara District,25.96784,90.909271,LEV AC Charge point,3.3,3.3,1
IOCL,Govt.,Assam,Sonitpur,Sonitpur,Dga Filling Station Murhadol Sonitpur Assam,26.773298,92.930731,LEV AC Charge point,3.3,3.3,1
IOCL,Govt.,Assam,Kamrup Metro,Kamrup Metro,Dharapur Dharapur Dist : Kamrup,26.137563,91.633102,Type-II AC,7.4,7.4,1
IOCL,Govt.,Assam,Dhemaji,Dhemaji,Dhemaji P.O. Dhemaji Dist : Dhemaji,27.471592,94.558035,Type-II AC,7.4,7.4,1
IOCL,Govt.,Assam,Nagaon,Nagaon,Dhing Service Station Dhing Town Mouza Batadraba,26.466373,92.47378,LEV AC Charge point,3.3,3.3,1
IOCL,Govt.,Assam,Goalpara,Goalpara,Dighali Service Station Vill Digholi Pt 2 Ps Dhupdhara Po Bagdoba,25.985618,91.066766,LEV AC Charge point,3.3,3.3,1
IOCL,Govt.,Assam,Dima Hasao,Dima Hasao,Dihangi Kishan Seva Kendra Thaisalinghawer Road,25.420197,93.002309,LEV AC Charge point,3.3,3.3,1
IOCL,Govt.,Assam,Sonitpur,Sonitpur,Fuel Stop Hq Mazgaon Tezpur Po And Ps Tezpur Mouza Gabhoru Sonitpur,26.645994,92.788567,LEV AC Charge point,3.3,3.3,1
IOCL,Govt.,Assam,Dhubri,Dhuburi,G T B Roaddhubri P.O. Dhubri -783324 Dist : Dhubri Assam,26.027447,89.977172,LEV AC Charge point,3.3,3.3,1
IOCL,Govt.,Assam,Kamrup Metro,Kamrup Metro,Ganeshguri Charali Guwahati Dist : Kamrup,26.151078,91.784213,LEV AC Charge point,3.3,3.3,1
IOCL,Govt.,Assam,Biswanath,Biswanath,Ghahigaon (Gomeri) P.O .: Ghahigaon Via Barangabari Gomeri  Dist : Sonitpur,26.835571,93.500033,Type-II AC,7.4,7.4,1
IOCL,Govt.,Assam,Tinsukia,Tinsukia,Gillapukhuri Road Tinsukia Town Dag No 514 Patta No 51,27.513934,95.360953,LEV AC Charge point,3.3,3.3,1
IOCL,Govt.,Assam,Udalguri,Udalguri,Giribala Filling Station Vil Parbahuchuba Po Bhergaon Ps Dimakuchi Dist Udalguri,26.643789,91.825081,LEV AC Charge point,3.3,3.3,1
IOCL,Govt.,Assam,Biswanath,Biswanath,Gohpur Gohpur Dist : Sonitpur,26.880816,93.610655,Type-II AC,7.4,7.4,1
IOCL,Govt.,Assam,Golaghat,Golaghat,Golaghat Golaghat Dist : Golaghat,26.507363,93.956504,Type-II AC,7.4,7.4,1
IOCL,Govt.,Assam,Dima Hasao,Dima Hasao,Haflong Tinali Diyangbranch Hills Assam,25.759587,92.920854,LEV AC Charge point,3.3,3.3,1
IOCL,Govt.,Assam,Hojai,Hojai,Hojai Dist. Nagaon Assam,26.019588,92.870503,Type-II AC,7.4,7.4,1
IOCL,Govt.,Assam,Tinsukia,Tinsukia,Indian Oil Corporation Tinsukia Ter Tinsukia Town Dag No 3498 Patta No- 98,27.482864,95.350963,Type-II AC,7.4,7.4,1
IOCL,Govt.,Assam,Kokrajhar,Kokrajhar,Ishi Bel Kisan Seva Kendra Village Debitola Part Iv Mouza Rup P.S. Kazigaon Dist Kokrajhar,26.1867,90.005239,LEV AC Charge point,3.3,3.3,1
IOCL,Govt.,Assam,Kamrup,Kamrup,Jamlai Po: Nagarbera Kamrup Assam,26.0591,91.037351,LEV AC Charge point,3.3,3.3,1
IOCL,Govt.,Assam,Kamrup Metro,Kamrup Metro,Jhalukbari Guwahati Dist- Kamrup Assam,26.157868,91.677726,LEV AC Charge point,3.3,3.3,1
IOCL,Govt.,Assam,Bongaigaon,Bongaigaon,Jogigopha Pin:783388 Dist Bongaigaon,26.2455,90.5836,LEV AC Charge point,3.3,3.3,1
IOCL,Govt.,Assam,Kokrajhar,Kokrajhar,Joypur Kokrajhar Kokrajhar District,26.380588,90.083858,LEV AC Charge point,3.3,3.3,1
IOCL,Govt.,Assam,Chirang,Chirang,Kashikotra Pin-783373 Dist : Bongaigaon,26.541494,90.430022,LEV AC Charge point,3.3,3.3,1
IOCL,Govt.,Assam,Dibrugarh,Dibrugarh,Khanikar Gaon Khanikar Dist-Dibrugarh,27.426239,94.922172,Type-II AC,7.4,7.4,1
IOCL,Govt.,Assam,Dibrugarh,Dibrugarh,Khanikar Gaonp.O. Sesa Dist. Dibrugarh Assampin:786003,27.429842,94.918846,LEV AC Charge point,3.3,3.3,1
IOCL,Govt.,Assam,Lakhimpur,Lakhimpur,Krishna Filling Station Saboti Dist: North Lakhimpur Assa Saboti Dist: North Lakhimpur Assa,27.277917,94.093694,Type-II AC,7.4,7.4,1
IOCL,Govt.,Assam,Nagaon,Nagaon,Kujidah Hatichung Nagaon,26.368218,92.61102,LEV AC Charge point,3.3,3.3,1
IOCL,Govt.,Assam,Kokrajhar,Kokrajhar,Kunthaibari Kokrajhar District Assam,26.536719,90.152022,LEV AC Charge point,3.3,3.3,1
IOCL,Govt.,Assam,Hailakandi,Hailakandi,Lala To Gaglachera Dist:-Hailakandi Hailakandi,24.576556,92.628659,LEV AC Charge point,3.3,3.3,1
IOCL,Govt.,Assam,Cachar,Cachar,Lalang Part I Sub Div: Lakhipur Silchar Imphal Road,24.815858,93.023782,LEV AC Charge point,3.3,3.3,1
IOCL,Govt.,Assam,Kamrup Metro,Kamrup Metro,Lalganesh Guwahati Assam Dist Kamrupmetropolitan Dist Kamrupmetropolitan,26.14291,91.741585,CCS-II,30.0,30,1
IOCL,Govt.,Assam,Kamrup Metro,Kamrup Metro,Maa Filling Station Hengrabari Near Nabajyoti Club Guwahati Assam - 781036,26.1505,91.805185,LEV AC Charge point,3.3,3.3,1
IOCL,Govt.,Assam,Dibrugarh,Dibrugarh,Maa Kamakhya Energy Services Village:Tepor Gaonmancotta Dibrugarhassam,27.438265,94.919601,LEV AC Charge point,3.3,3.3,1
IOCL,Govt.,Assam,Kamrup,Kamrup,Magurpara Jharobari Kamrup,26.068889,91.502433,LEV AC Charge point,3.3,3.3,1
IOCL,Govt.,Assam,Dibrugarh,Dibrugarh,Mahabali Filling Station Naoiboicha Dist: Lakhimpur Assam Naoiboicha Dist: Lakhimpur Assam,27.182386,94.033725,Type-II AC,7.4,7.4,1
IOCL,Govt.,Assam,Dibrugarh,Dibrugarh,Mancotta Road Chowkidinghee Chariali Dibrugarh Town Dibrugarh,27.470962,94.912202,Type-II AC,7.4,7.4,1
IOCL,Govt.,Assam,Sribhumi,Karimganj,Mankinagar Chabagan Dist: Karinganj Assam,24.58882,92.49565,LEV AC Charge point,3.3,3.3,1
IOCL,Govt.,Assam,Darrang,Darrang,Maruachuburi Lokrai Darrang District,26.35049,91.829347,CCS-II,60.0,60,1
IOCL,Govt.,Assam,Nagaon,Nagaon,Moonlight Fuel Station Niz Saidora Dist. Nagaon Assam,26.435934,92.742963,LEV AC Charge point,3.3,3.3,1
IOCL,Govt.,Assam,Tinsukia,Tinsukia,Moran Filling Station Dag No: 353 Patta No: 17 Vill: Bortoroni Gaon Dist: Tinsuki,27.470405,95.512712,LEV AC Charge point,3.3,3.3,1
IOCL,Govt.,Assam,Kamrup,Kamrup,Murara Rangia Mouza:Pub Borigog Taluk: Pub Borigog,26.431336,91.62431,Type-II AC,7.4,7.4,1
IOCL,Govt.,Assam,Jorhat,Jorhat,Nagabat Jorhat Assam,26.386829,26.386829,LEV AC Charge point,3.3,3.3,1
IOCL,Govt.,Assam,Darrang,Darrang,Narayani Filling Station Vill Bamunpara Mouza Rangamati Dist Darrang,26.446165,92.00824,LEV AC Charge point,3.3,3.3,1
IOCL,Govt.,Assam,Kamrup Metro,Kamrup Metro,Narengi P.O. : Narengi District : Kamrup,26.17616,91.830873,Type-II AC,7.4,7.4,1
IOCL,Govt.,Assam,Cachar,Cachar,Narsingpur (Kabuganj) P.O. Narsingpur District - Cachar Assam,24.680677,92.84927,LEV AC Charge point,3.3,3.3,1
IOCL,Govt.,Assam,Kamrup,Kamrup,Niz Bangshar Mouza Pub Bangshar Kamrup,26.198845,91.561798,LEV AC Charge point,3.3,3.3,1
IOCL,Govt.,Assam,Baksa,Baksa,No.5 Goreswar Mouza : Betna Goreswar,26.497508,91.726394,Type-II AC,7.4,7.4,1
IOCL,Govt.,Assam,Golaghat,Golaghat,P.O - Dergaon Assam Assam,26.715298,93.973491,Type-II AC,7.4,7.4,1
IOCL,Govt.,Assam,Kokrajhar,Kokrajhar,P.O - Gosaigaon Nh 31C Dist - Kokrajhar,26.44472,89.95909,LEV AC Charge point,3.3,3.3,1
IOCL,Govt.,Assam,Dibrugarh,Dibrugarh,P.O. Barbarua Lepetkatta Dist. Dibrugarh Assam Assam,27.364721,94.86958,Type-II AC,7.4,7.4,1
IOCL,Govt.,Assam,Dhubri,Dhuburi,P.O. Chapar - 783371Nh31 Dist.Dhubri Assam Dist.Dhubri Assam,26.2608,90.419,Type-II AC,7.4,7.4,1
IOCL,Govt.,Assam,Dima Hasao,Dima Hasao,P.O. Maibong Kalibari Road Dist. Dima Hasao Assam,25.301716,25.301716,LEV AC Charge point,3.3,3.3,1
IOCL,Govt.,Assam,Dhubri,Dhuburi,P.O. Sapatgram : 783337 Dist.Dhubri  Assam Dist.Dhubri  Assam,26.330836,90.110035,LEV AC Charge point,3.3,3.3,1
IOCL,Govt.,Assam,Baksa,Baksa,P.O. Tamulpur Baska Pin: 781367 Assam.,26.590806,91.587276,LEV AC Charge point,3.3,3.3,1
IOCL,Govt.,Assam,Sivasagar,Sibsagar,P.O.Demon Assam,27.127394,94.739113,Type-II AC,7.4,7.4,1
IOCL,Govt.,Assam,Dhubri,Dhuburi,P.O.Gauripur -783331Nh31 Gauripur Dist : Dhubri Assam,26.080687,89.965451,LEV AC Charge point,3.3,3.3,1
IOCL,Govt.,Assam,Sribhumi,Karimganj,P.O.Karimganj Dist-Karimganj Assam,24.864272,92.368647,LEV AC Charge point,3.3,3.3,1
IOCL,Govt.,Assam,Dhemaji,Dhemaji,Pankaj Filling Station Dhemaji Dag No. 225Patta No. 25 Village:Hiloidari Blockdist.Dhemaj,27.458327,94.576627,LEV AC Charge point,3.3,3.3,1
IOCL,Govt.,Assam,Barpeta,Barpeta,Patiladaha Filling Station Vill Kismat Dwarika Dist Barpeta Assam,26.489278,90.806434,LEV AC Charge point,3.3,3.3,1
IOCL,Govt.,Assam,Lakhimpur,Lakhimpur,Phukan Filling Station Village:Konwar Ghanhidhakuakhana T Dist Lakhimpurassam,27.198184,94.428384,LEV AC Charge point,3.3,3.3,1
IOCL,Govt.,Assam,Sonitpur,Sonitpur,Phuluguri Kisan Seva Kendra Village Amtala Bangali Ps Rangapar Po Phuloguri Gp,26.770609,92.649605,LEV AC Charge point,3.3,3.3,1
IOCL,Govt.,Assam,Kamrup Metro,Kamrup Metro,Po- Borjhar Vill-Kahikuchi Guwahati-17 Dist-Kamrup Assam.,26.098815,91.611243,LEV AC Charge point,3.3,3.3,1
IOCL,Govt.,Assam,Kamrup Metro,Kamrup Metro,Po Namkerbhoira Via-Nalbari Kamrup Assam.,26.150501,91.677177,LEV AC Charge point,3.3,3.3,1
IOCL,Govt.,Assam,Jorhat,Jorhat,Post Box No.72 P.O.Jorhat Pin -785001,26.751567,94.220335,Type-II AC,7.4,7.4,1
IOCL,Govt.,Assam,Hailakandi,Hailakandi,Proprietor - R. Lalzawmdika Lala Part 1 Hailakandi Assam,24.56627,92.595064,LEV AC Charge point,3.3,3.3,1
IOCL,Govt.,Assam,Sribhumi,Karimganj,Ramkrishna Nagar Town Kalingar Part Iii,24.581124,92.466039,LEV AC Charge point,3.3,3.3,1
IOCL,Govt.,Assam,Lakhimpur,Lakhimpur,Rangajaan Chariali To Chaboti Chari 1 No. Rangajan Revenue Map Under Nakari Mouza,27.272231,94.063605,LEV AC Charge point,3.3,3.3,1
IOCL,Govt.,Assam,Kamrup,Kamrup,Rangia Assam,26.421586,91.629901,LEV AC Charge point,3.3,3.3,1
IOCL,Govt.,Assam,Sivasagar,Sibsagar,Rani Energy Station Phukan Phodia Gaon Maurabazar Mouz Gaurisagar Dist. Sivasagarassam,26.94067,94.52745,Type-II AC,7.4,7.4,1
IOCL,Govt.,Assam,Barpeta,Barpeta,Ranjana Kisan Seva Kendra Village Bichankuchi Mouza Nityanan Barpeta Assam,26.537595,91.217311,Type-II AC,7.4,7.4,1
IOCL,Govt.,Assam,Baksa,Baksa,S. R. Filling Station Bherakhat Po Hazirgaon Ps Tamulpur Kumarikata Baksa,26.696446,91.566811,LEV AC Charge point,3.3,3.3,1
IOCL,Govt.,Assam,Dhubri,Dhuburi,Saba Fuel Station Vill Asharikandi Po And Ps Gauripur Dhuburi Assam,26.10527,90.00491,LEV AC Charge point,3.3,3.3,1
IOCL,Govt.,Assam,Nalbari,Nalbari,Sai Service Station Village Panigaon Ps: Belsor Mouza: Pakowa Dist Nalbari Assam,26.420227,91.390522,LEV AC Charge point,3.3,3.3,1
IOCL,Govt.,Assam,Charaideo,Charaideo,Sapekhati Sapekhati Chariali Distt.: Charaid Assam,27.07709,95.168113,Type-II AC,7.4,7.4,1
IOCL,Govt.,Assam,Barpeta,Barpeta,Saru Chenga Mouza Chenga P.S. Tarabari,26.289125,91.136328,LEV AC Charge point,3.3,3.3,1
IOCL,Govt.,Assam,Tinsukia,Tinsukia,Sarudhania Village Sadiya Tehsil Dist. Tinsukiaassam,27.84653,95.87161,LEV AC Charge point,3.3,3.3,1
IOCL,Govt.,Assam,Dibrugarh,Dibrugarh,Shah Refueling Stationdibrugarh Village Bongalgaon Mouza Dibrugarhdist.Dibrugarhassa,27.472959,94.945157,Type-II AC,7.4,7.4,1
IOCL,Govt.,Assam,Barpeta,Barpeta,Shankar Madhab Energy Station Bamunkuchi Mouza Nagaon Barpeta Assam 781311,26.294157,91.120217,LEV AC Charge point,3.3,3.3,1
IOCL,Govt.,Assam,Sivasagar,Sibsagar,Simaluguri Simaluguri Dist : Sibsagar,26.935037,94.735258,Type-II AC,7.4,7.4,1
IOCL,Govt.,Assam,Chirang,Chirang,Singha Energy Ksk Satipur Dist Chirang Assam,26.519565,90.522027,LEV AC Charge point,3.3,3.3,1
IOCL,Govt.,Assam,Kamrup Metro,Kamrup Metro,Siv Mandir Vip Road Dist-Kamrup Siv Mandir Vip Road Dist-Kamrup Siv Mandir Vip Road Dist-Kamrup,26.161185,91.821494,LEV AC Charge point,3.3,3.3,1
IOCL,Govt.,Assam,Dhemaji,Dhemaji,Sobet Energy Station Village No. 2 Sili Asomiya Gaon District: Dhemaji State: Assam,27.673019,94.786935,LEV AC Charge point,3.3,3.3,1
IOCL,Govt.,Assam,Cachar,Cachar,Sonai Road Silchar,24.803809,92.80197,LEV AC Charge point,3.3,3.3,1
IOCL,Govt.,Assam,Lakhimpur,Lakhimpur,Sonari Chapari On Dhakuakhana-Majul Revenue Vill-Sonari Chapari Mouza-Gohain,27.149735,94.354967,Type-II AC,7.4,7.4,1
IOCL,Govt.,Assam,Kamrup,Kamrup,Sontala Sontala Dist : Kamrup,26.089733,91.558489,LEV AC Charge point,3.3,3.3,1
IOCL,Govt.,Assam,Barpeta,Barpeta,Sorbhog Pin-781317 Dist Barpeta  Assam,26.477008,90.85963,Type-II AC,7.4,7.4,1
IOCL,Govt.,Assam,Nagaon,Nagaon,South Haibargaon Nagaon Assam,26.361946,92.685649,LEV AC Charge point,3.3,3.3,1
IOCL,Govt.,Assam,Cachar,Cachar,Srikona Part-Ii Rajnagar District Cachar Assam,24.831354,92.696109,LEV AC Charge point,3.3,3.3,1
IOCL,Govt.,Assam,Kokrajhar,Kokrajhar,Sunjourang Petroleum Vill No. 1 Hudumkhata Po & Ps Goss Mouza Gosaigaon Kokrajhar,26.467024,90.003466,LEV AC Charge point,3.3,3.3,1
IOCL,Govt.,Assam,Tinsukia,Tinsukia,Sunpura Energy Station Sunpura Gaontaluka:Sadiya District:Tinsukiaassam,27.84556,95.87507,LEV AC Charge point,3.3,3.3,1
IOCL,Govt.,Assam,Nalbari,Nalbari,Tihu Tinali Nalbari Pin:781355 Assam,26.5124,91.2606,LEV AC Charge point,3.3,3.3,1
IOCL,Govt.,Assam,Nalbari,Nalbari,Tihu Town P.O + P.S - Tihu Dist - Nalbari,26.482383,91.270442,LEV AC Charge point,3.3,3.3,1
IOCL,Govt.,Assam,Jorhat,Jorhat,Titabar Jorhat Dist : Jorhat,26.597941,26.597941,LEV AC Charge point,3.3,3.3,1
IOCL,Govt.,Assam,Nagaon,Nagaon,Uttar Gamariati Nonoi Dist. Nagaon Assam,26.255141,92.744172,LEV AC Charge point,3.3,3.3,1
IOCL,Govt.,Assam,Biswanath,Biswanath,Vilage Dubia Mouza Gohpur Dist Biswanath,26.901589,93.704582,LEV AC Charge point,3.3,3.3,1
IOCL,Govt.,Assam,Barpeta,Barpeta,Vill + P.O - Khoirabari P.S + Dist -  Barpeta Assam,26.515876,90.969114,LEV AC Charge point,3.3,3.3,1
IOCL,Govt.,Assam,Dhubri,Dhuburi,Vill Areajhar Pt Ii Rev Circle Chapar Mouza Chapar Dist Dhuburi,26.24929,90.392114,LEV AC Charge point,3.3,3.3,1
IOCL,Govt.,Assam,Kamrup,Kamrup,Vill Barkukuria Mouza Panduri Rangia Rev Circle,26.441096,91.575873,LEV AC Charge point,3.3,3.3,1
IOCL,Govt.,Assam,Darrang,Darrang,Vill Dariapara Rangamati Mouza Darriapara,26.394284,91.974816,LEV AC Charge point,3.3,3.3,1
IOCL,Govt.,Assam,Marigaon,Morigaon,Vill Junbeel Kissam Mouza Gova District Morigaon,26.164789,92.21538,LEV AC Charge point,3.3,3.3,1
IOCL,Govt.,Assam,Udalguri,Udalguri,Vill Kalamanipara Rev Circle Mazbat Dist Udalguri,26.858408,92.225365,LEV AC Charge point,3.3,3.3,1
IOCL,Govt.,Assam,Nalbari,Nalbari,Vill Mairadanga Po Chengnoi Dist Nalbari,26.480251,91.459324,Type-II AC,7.4,7.4,1
IOCL,Govt.,Assam,Kamrup Metro,Kamrup Metro,Vill Majirgaon Rev Circle Azara  Block Rani Kamrup Metro District,26.136959,91.58096,LEV AC Charge point,3.3,3.3,1
IOCL,Govt.,Assam,Dibrugarh,Dibrugarh,Vill- Melengial Lbt Road Lahoal Dibrugarh,27.442223,95.033182,Type-II AC,7.4,7.4,1
IOCL,Govt.,Assam,Nagaon,Nagaon,Vill& P.O.Bebejia Dist. Nagaon Assam,26.303569,92.626467,Type-II AC,7.4,7.4,1
IOCL,Govt.,Assam,Darrang,Darrang,Vill. Bamunjhar P.O. Andherighat P.S. Sipajhar,26.487207,91.791756,LEV AC Charge point,3.3,3.3,1
IOCL,Govt.,Assam,Sonitpur,Sonitpur,Vill. Nabil Mouza Murhatol Po Dhalaibeel Ps Jamugurihat Dist. Sonitpur Assam,26.805237,92.900054,LEV AC Charge point,3.3,3.3,1
IOCL,Govt.,Assam,Kamrup,Kamrup,Vill: Dhupguri Mouza : Luki(Boko) Dist. Kamrup,25.940333,91.144806,LEV AC Charge point,3.3,3.3,1
IOCL,Govt.,Assam,Sonitpur,Sonitpur,Vill: Narai Ati Gaon Po: Pithakhowa Mouza: Bahaguri,26.684119,92.646317,LEV AC Charge point,3.3,3.3,1
IOCL,Govt.,Assam,Cachar,Cachar,Vill: Pangram Udharband Dist: Cachar,24.896435,92.895267,LEV AC Charge point,3.3,3.3,1
IOCL,Govt.,Assam,Nagaon,Nagaon,Vill: Sutargaon Mouza: Kandali Dist. Nagaon,26.226288,92.741826,LEV AC Charge point,3.3,3.3,1
IOCL,Govt.,Assam,Cachar,Cachar,Vill:-Ghagrapar Taluka:-Ghagrapar Dist:-Cachar,24.832226,92.681567,LEV AC Charge point,3.3,3.3,1
IOCL,Govt.,Assam,Kamrup Metro,Kamrup Metro,Village : Fatasil Datalpara Mouza : Beltola Guwahati Dist.: Kamrup(Metro) Assam.,26.1294,91.720551,CCS-II,30.0,30,1
IOCL,Govt.,Assam,Dima Hasao,Dima Hasao,Village : Mahur Tal : Haflong Dima Hasao,24.6663,92.4441,LEV AC Charge point,3.3,3.3,1
IOCL,Govt.,Assam,Bongaigaon,Bongaigaon,Village : Majgaon Block : Dangtol Dist : Bongaigaon,26.413616,90.585813,LEV AC Charge point,3.3,3.3,1
IOCL,Govt.,Assam,Bongaigaon,Bongaigaon,Village : Moutara P.O.: Gerukabari P.S.: Bijni District : Bongaigaon,26.483497,90.697117,Type-II AC,7.4,7.4,1
IOCL,Govt.,Assam,Nalbari,Nalbari,Village : Rupiabathan Po:Chamata District  :Nalbari   Assam District  :Nalbari Assam,26.404805,91.340622,LEV AC Charge point,3.3,3.3,1
IOCL,Govt.,Assam,Kamrup Metro,Kamrup Metro,Village 2 No Dhamkhunda Village 2 No Dhamkhunda Mouza Mayon Dist Kamrup Metro,26.211591,92.027339,LEV AC Charge point,3.3,3.3,1
IOCL,Govt.,Assam,Nalbari,Nalbari,Village Adabari Mouza Pub Borkhetri Rev Circle Borkhetri,26.286673,91.443616,Type-II AC,7.4,7.4,1
IOCL,Govt.,Assam,Baksa,Baksa,Village Ambari Mouza Uttar Baksa Baksa Rev Circle,26.67119,91.341472,Type-II AC,7.4,7.4,1
IOCL,Govt.,Assam,Kamrup,Kamrup,Village- Andhrijuli Ranee Kamrup Assam,26.054017,91.597888,LEV AC Charge point,3.3,3.3,1
IOCL,Govt.,Assam,Nagaon,Nagaon,Village Badalgaon Po Nonoi Ps Nagaon Sadar,26.278488,92.726974,LEV AC Charge point,3.3,3.3,1
IOCL,Govt.,Assam,Dhubri,Dhuburi,Village Balajan Taluka Balajan District Dhubri,26.10219,89.88745,LEV AC Charge point,3.3,3.3,1
IOCL,Govt.,Assam,Barpeta,Barpeta,Village Bhatkuchi Mouza Jania Barpeta,26.271035,90.965395,LEV AC Charge point,3.3,3.3,1
IOCL,Govt.,Assam,Kamrup,Kamrup,Village Dahali Nearby Batarhat Mouza Rampur,26.097546,91.496152,LEV AC Charge point,3.3,3.3,1
IOCL,Govt.,Assam,Marigaon,Morigaon,Village Golsepa Taluka Mayong District Morigaon,26.213363,92.26527,LEV AC Charge point,3.3,3.3,1
IOCL,Govt.,Assam,Kokrajhar,Kokrajhar,Village Kachugaon Taluka Kachugaon Dust Kokrajhar,26.56247,90.0771,LEV AC Charge point,3.3,3.3,1
IOCL,Govt.,Assam,Dhemaji,Dhemaji,Village No.4Ramdhan Gaon Taluka:Jonaimouza:Jonai Dist. Dhemajiassam,27.750429,95.053615,LEV AC Charge point,3.3,3.3,1
IOCL,Govt.,Assam,Barpeta,Barpeta,Village Pathlikuchi Mouza Jania Barpeta,26.2819,90.98,LEV AC Charge point,3.3,3.3,1
IOCL,Govt.,Assam,Nalbari,Nalbari,Village Sathikuchi Mouza Nambarbhag Ps Tihu,26.471806,91.342187,LEV AC Charge point,3.3,3.3,1
IOCL,Govt.,Assam,Barpeta,Barpeta,Village Sukmanah Mouza Bhawanipur Po Sukmanah,26.445913,91.018929,LEV AC Charge point,3.3,3.3,1
IOCL,Govt.,Assam,Sonitpur,Sonitpur,Village:Solagaon Mouza:Goraimarip.O.:Chariduar P.S.: Salonibari Dist: Sonitpur,26.732347,92.770328,Type-II AC,7.4,7.4,1
IOCL,Govt.,Assam,Karbi Anglong,Karbi Anglong,Village-Dillaitaluka-Dillai District-Karbi Anglong Assam,25.967325,93.584877,LEV AC Charge point,3.3,3.3,1
IOCL,Govt.,Assam,Sivasagar,Sibsagar,Village-Sunpura Habi Gaontaluka-Ha District-Sibsagar Assam,26.944394,94.725547,LEV AC Charge point,3.3,3.3,1
IOCL,Govt.,Assam,Darrang,Darrang,Ward No. 08 Mangaldoi Taluka : Mangaldoi,26.440627,92.021566,LEV AC Charge point,3.3,3.3,1
KAZAM,Private,Assam,Kamrup Metro,Lokhra,"Lokhra,Guwahati,Assam,781034",26.11679,91.748254,Bharat DC-001,15.0,15,1
OLA,Private,Assam,Kamrup Metro,Guwahati,"Japorigog,Japorigog,Kamrup Metropolitan",26.15903,91.78171,LEV DC Charge Point (IS-17017-2-6),7.0,7,1
Sharify,Private,Assam,Kamrup,Guwahati,National Highway 37 Gotanagar Guwahati Assam  781033,26.1429,91.673698,Type-II AC,7.7,7.7,1
Tata Power,Private,Assam,Nagaon,Nagaon,"Ashutosh Motors, Near Nhpc Godown, Biroh Bebejia Sensowa, Near Nhpc Godown, Nagaon, Assam 782002",26.312332,92.640186,CCS-II,30.0,30,1
Tata Power,Private,Assam,Kamrup,Guwahati,"Ginger Hotel, Borbari, Ginger Hotel Guwahatii Hm Campus, Vip Road, Upper Hengrabari, Borbari, Guwahati 781036",26.147479,91.814529,CCS-II,30.0,30,1
Tata Power,Private,Assam,Kamrup,Guwahati,"Ginger Hotel, Borbari, Ginger Hotel Guwahatii Hm Campus, Vip Road, Upper Hengrabari, Borbari, Guwahati 781036",26.147479,91.814529,Type-II AC,7.4,7.4,1
Tata Power,Private,Assam,Sivasagar,Sivasagar,"Hotel Piccolo, Boarding Road, Boarding Road, Sivasagar-785640",26.983389,94.634216,CCS-II,30.0,30,1
Tata Power,Private,Assam,Sivasagar,Sivasagar,"Hotel Piccolo, Boarding Road, Boarding Road, Sivasagar-785640",26.983389,94.634216,Type-II AC,7.4,7.4,1
Tata Power,Private,Assam,Jorhat,Jorhat,"Pragati Trading, Nh 37, Nh37, Jorhat, Assam 785006",26.747049,94.168072,CCS-II,30.0,30,1
Tata Power,Private,Assam,Kamrup,Guwahati,"Sarawgi Motors, Saukuchi, Sarusajai Stadium Garalia Nh 37, Basistha, Saukuchi, Near National Games Stadium, Assam 781040",26.111877,91.759799,CCS-II,25.0,25,1
Tata Power,Private,Assam,Kamrup,Guwahati,"Utkarsh Mototech, Assam Trunk Rd, Kamakhya Gate, Swastik Ayodhya Complex, Assam Trunk Rd, Guwahati, Assam 781009",26.164406,91.715516,Combo (CCS-II+CHAdeMO),25.0,25,2
Tata Power,Private,Assam,Kamrup,Guwahati,"Vivanta Guwahati, 613, Mahapurush Srimanta Sankardeva Road, Khanapara Guwahati − 781022",26.125143,91.816448,Type-II AC,7.4,7.4,1
Tata Power,Private,Assam,Kamrup,Guwahati,"Vivanta Guwahati, Vivanta Guwahati, 613, Mahapurush Srimanta Sankardeva Road, Khanapara Guwahati − 781022",26.125071,91.816465,CCS-II,30.0,30,1
BPCL,Govt.,Assam,NAGAON,BORDUA,"#, #, , City=BORDUA, District=NAGAON, State=Assam",26.41351,92.497718,Bharat AC,3.0,3,1
BPCL,Govt.,Assam,NAGAON,BORDUA,"#, #, , City=BORDUA, District=NAGAON, State=Assam",26.41351,92.497718,CCS,60.0,60,2
BPCL,Govt.,Assam,KOKRAJHAR,KOKRAJHAR,"#, #, , City=KOKRAJHAR, District=KOKRAJHAR, State=Assam",26.389267,90.206438,Bharat AC,3.0,3,1
BPCL,Govt.,Assam,Baksa,SIMALAGURI,"10TH MILE, SIMLAGURI, NEAR BARPETA ROAD TOWN ON NH31, ,
City=SIMALAGURI, District=BASKA, State=Assam",26.470978,90.966993,CCS,60.0,60,2
BPCL,Govt.,Assam,Kamrup Metro,GUWAHATI,"6TH MILE, VIP ROAD, 6TH MILE,VIP ROAD, , City=GUWAHATI,
District=KAMRUP METROPOLITAN, State=Assam",26.150564,91.811353,CCS,60.0,60,2
BPCL,Govt.,Assam,Sivasagar,SIVSAGAR,"A T ROAD, A T ROAD, , City=SIVSAGAR, District=SIBSAGAR,ASSAM,
State=Assam",26.99616,94.645078,Bharat AC,3.0,3,1
BPCL,Govt.,Assam,Kamrup Metro,GUWAHATI,"ADABARI, ADABARI, , City=GUWAHATI, District=KAMRUP METROPOLITAN,
State=Assam",26.157988,91.681781,CCS,60.0,60,2
BPCL,Govt.,Assam,JORHAT,JORHAT,"ASTC JORHAT, ASTC JORHAT, , City=JORHAT, District=JORHAT, State=Assam",26.752671,94.188015,Bharat AC,3.0,3,1
BPCL,Govt.,Assam,NAGAON,JAKHALABANDHA,"BAGHJAN, NH-37, JAKHALABANDHA, , City=JAKHALABANDHA,
District=NAGAON, State=Assam",26.581747,92.995725,CCS,30.0,30,1
BPCL,Govt.,Assam,TINSUKIA,TINSUKIA,"BAHBARI GAON, BAHBARI GAON, , City=TINSUKIA, District=TINSUKIA,
State=Assam",27.477514,95.31525,CCS,60.0,60,2
BPCL,Govt.,Assam,GOALPARA,GOALPARA,"BALADMARI, BALADMARI, , City=GOALPARA, District=GOALPARA,
State=Assam",25.637233,91.893166,Bharat AC,3.0,3,1
BPCL,Govt.,Assam,GOALPARA,GOALPARA,"BALADMARI, BALADMARI, , City=GOALPARA, District=GOALPARA,
State=Assam",25.637233,91.893166,CCS,60.0,60,2
BPCL,Govt.,Assam,SONITPUR,BALIPARA,"BAMGAON, PO. BALIPARA, NH52, , City=BALIPARA, District=SONITPUR,
State=Assam",26.812691,92.778854,Bharat AC,3.0,3,1
BPCL,Govt.,Assam,SONITPUR,BALIPARA,"BAMGAON, PO. BALIPARA, NH52, , City=BALIPARA, District=SONITPUR,
State=Assam",26.812691,92.778854,CCS,60.0,60,2
BPCL,Govt.,Assam,UDALGURI,TANGLA,"BANSERIA, MB ROAD, , City=TANGLA, District=UDALGURI, State=Assam",26.666834,91.909393,Bharat AC,3.0,3,1
BPCL,Govt.,Assam,UDALGURI,TANGLA,"BANSERIA, MB ROAD, , City=TANGLA, District=UDALGURI, State=Assam",26.666834,91.909393,CCS,60.0,60,2
BPCL,Govt.,Assam,KAMRUP,BIJOYNAGAR,"BARTEZPUR, BARTEZPUR, , City=BIJOYNAGAR, District=KAMRUP,ASSAM,
State=Assam",26.635539,93.55515,CCS,60.0,60,2
BPCL,Govt.,Assam,KOKRAJHAR,SRIRAMPUR,"BHAIRIGURI, NH31C, , City=SRIRAMPUR, District=KOKRAJHAR, State=Assam",26.44451,89.912158,CCS,30.0,30,1
BPCL,Govt.,Assam,SONITPUR,SONITOPUR,"BIHAGURI, BIHAGURI, , City=SONITOPUR, District=SONITPUR, State=Assam",26.685292,92.643025,CCS,60.0,60,2
BPCL,Govt.,Assam,KAMRUP,BOKO,"BOKO, BOKO, , City=BOKO, District=KAMRUP, State=Assam",25.996089,91.268907,CCS,60.0,60,2
BPCL,Govt.,Assam,LAKHIMPUR,NORTH LAKHIMPUR,"BORPATHAR, BORPATHAR, , City=NORTH LAKHIMPUR, District=LAKHIMPUR,
State=Assam",27.008103,93.838222,Bharat AC,3.0,3,1
BPCL,Govt.,Assam,Kamrup Metro,BORSOJAI,"BORSOJAI,GUWAHATI BY PASS,NH37, BORSOJAI,GUWAHATI BY PASS,NH37, ,
City=BORSOJAI, District=KAMRUP METROPOLITAN, State=Assam",26.110687,91.779415,CCS,30.0,30,1
BPCL,Govt.,Assam,Kamrup Metro,CHANDRAPUR,"CHANDRAPUR, CHANDRAPUR, , City=CHANDRAPUR, District=KAMRUP
METROPOLITAN, State=Assam",26.226775,91.907008,Type II,7.0,7,1
BPCL,Govt.,Assam,Kamrup Metro,CHANDRAPUR,"CHANDRAPUR, CHANDRAPUR, , City=CHANDRAPUR, District=KAMRUP
METROPOLITAN, State=Assam",26.226775,91.907008,CCS,60.0,60,2
BPCL,Govt.,Assam,BONGAIGAON,RAKHALDHUBI,"CHAPRAKATA PT II, P.O. CHAPRAKATA, , City=RAKHALDHUBI,
District=BONGAIGAON,ASSAM, State=Assam",26.488415,90.619315,CCS,30.0,30,1
BPCL,Govt.,Assam,Sribhumi,KARIMGANJ,"CHARGULA, CHARGULA, , City=KARIMGANJ, District=KARIMGANJ,
State=Assam",24.848102,92.415055,CCS,60.0,60,2
BPCL,Govt.,Assam,DHEMAJI,DHEMAJI,"CHENGELI PATHAR, NH15, , City=DHEMAJI, District=DHEMAJI, State=Assam",27.434259,94.509752,CCS,60.0,60,2
BPCL,Govt.,Assam,Kamrup Metro,GUWAHATI,"DATALPARA, PO DHIRENPARA PS FATASIL, , City=GUWAHATI,
District=KAMRUP METROPOLITAN, State=Assam",26.128925,91.72089,LEV DC,15.0,7,1
BPCL,Govt.,Assam,KAMRUP,BAIHATA,"DEODUAR, DEODUAR, , City=BAIHATA, District=KAMRUP,ASSAM,
State=Assam",26.318612,91.714986,CCS,30.0,30,1
BPCL,Govt.,Assam,LAKHIMPUR,DHAKUAKHANA,"DHAKUAKHANA COLLEGE ROAD, DHAKUAKHANA TOWN, ,
City=DHAKUAKHANA, District=LAKHIMPUR, State=Assam",27.200996,94.438324,Bharat AC,3.0,3,1
BPCL,Govt.,Assam,NAGAON,NAGAON,"DHING ROAD, KAWAIMARI, PO.HAIBARGAON, , City=NAGAON,
District=NAGAON, State=Assam",26.358831,92.655123,Type II,7.0,7,1
BPCL,Govt.,Assam,NAGAON,NAGAON,"DHING ROAD, KAWAIMARI, PO.HAIBARGAON, , City=NAGAON,
District=NAGAON, State=Assam",26.358831,92.655123,CCS,60.0,60,2
BPCL,Govt.,Assam,DIBRUGARH,DIBRUGARH,"DIBRUGARH, DIBRUGARH, , City=DIBRUGARH, District=DIBRUGARH,ASSAM,
State=Assam",27.469292,94.904494,Bharat AC,3.0,3,1
BPCL,Govt.,Assam,Sivasagar,DEMOW,"DIHAJAN HABI GAON, DEMOW, , City=DEMOW, District=SIBSAGAR,
State=Assam",27.130544,94.758448,CCS,60.0,60,2
BPCL,Govt.,Assam,TINSUKIA,PO TINSUKIA,"GELAPUKHURI ROAD, KACHUJAN GAON, , City=PO TINSUKIA,
District=TINSUKIA, State=Assam",27.50931,95.360245,Type II,7.0,7,1
BPCL,Govt.,Assam,BISWANATH,GOHPUR,"GOHPUR ON NH52, SONITPUR, , City=GOHPUR, District=BISWANATH,
State=Assam",26.873822,93.599664,CCS,30.0,30,1
BPCL,Govt.,Assam,GOLAGHAT,KAZIRANGA,"GOSANIBOR, GOSANIBOR, , City=KAZIRANGA, District=GOLAGHAT,
State=Assam",26.610664,93.480429,CCS,30.0,30,1
BPCL,Govt.,Assam,NALBARI,HARIPUR,"HARIPUR - BARKURA, NH31, , City=HARIPUR, District=NALBARI, State=Assam",26.454615,91.40857,CCS,30.0,30,1
BPCL,Govt.,Assam,Kamrup Metro,GUWAHATI,"HATIGAON ROAD, GUWAHATI, , City=GUWAHATI, District=KAMRUP
METROPOLITAN, State=Assam",26.116369,91.786669,CCS,60.0,60,2
BPCL,Govt.,Assam,LAKHIMPUR,NORTH LAKHIMPUR,"HATILUNG BANTOW, WARD NO.-14, NORTH LAKHIMPUR, , City=NORTH
LAKHIMPUR, District=LAKHIMPUR, State=Assam",27.221483,94.080335,CCS,30.0,30,1
BPCL,Govt.,Assam,HOJAI,HOJAI,"HOJAI MAIN ROAD, NEAR DON BOSCO SCHOOL, PO&PS-HOJAI, , City=HOJAI,
District=HOJAI, ASSAM, State=Assam",26.016928,92.867619,Bharat AC,3.0,3,1
BPCL,Govt.,Assam,Kamrup Metro,GUWAHATI,"JAPORIGOG, JAPORIGOG, , City=GUWAHATI, District=KAMRUP
METROPOLITAN, State=Assam",26.15903,91.78171,LEV DC,15.0,7,1
BPCL,Govt.,Assam,NAGAON,KALIABOR,"KALIABOR, KALIABOR, , City=KALIABOR, District=NAGAON, State=Assam",26.54364,92.915,CCS,60.0,60,2
BPCL,Govt.,Assam,GOALPARA,GOALPARA,"KALYANPUR, KALYANPUR, , City=GOALPARA, District=GOALPARA ,ASSAM,
State=Assam",26.127095,90.569479,CCS,60.0,60,2
BPCL,Govt.,Assam,SONITPUR,TEZPUR,"KETEKIBARI, PO. TEZPUR, SONITPUR, , City=TEZPUR, District=SONITPUR,
State=Assam",26.650534,92.775233,Bharat AC,3.0,3,1
BPCL,Govt.,Assam,NAGAON,NAGAON,"KHUTIKATIA, NAGAON TOWN, , City=NAGAON, District=NAGAON,
State=Assam",26.34989,92.67361,Bharat AC,3.0,3,1
BPCL,Govt.,Assam,DHEMAJI,DHEMAJI,"KOLA PATHAR, DHEMAJI, , City=DHEMAJI, District=DHEMAJI, State=Assam",27.480303,94.548867,Bharat AC,3.0,3,1
BPCL,Govt.,Assam,DHEMAJI,DHEMAJI,"KULAJAN, NH15, , City=DHEMAJI, District=DHEMAJI, State=Assam",27.504643,94.717043,CCS,30.0,30,1
BPCL,Govt.,Assam,LAKHIMPUR,LAKHIMPUR,"LAKHIMPUR BYPASS, BORMURI, , City=LAKHIMPUR, District=LAKHIMPUR,
State=Assam",27.274897,94.11566,Bharat AC,3.0,3,1
BPCL,Govt.,Assam,LAKHIMPUR,LAKHIMPUR,"LAKHIMPUR BYPASS, BORMURI, , City=LAKHIMPUR, District=LAKHIMPUR,
State=Assam",27.274897,94.11566,CCS,60.0,60,2
BPCL,Govt.,Assam,LAKHIMPUR,NORTH LAKHIMPUR,"LAKHIMPUR, LAKHIMPUR, , City=NORTH LAKHIMPUR, District=LAKHIMPUR,
State=Assam",27.331105,94.163966,CCS,30.0,30,1
BPCL,Govt.,Assam,HAILAKANDI,LALABAZAR,"LALABAZAR, HAILAKANDI, , City=LALABAZAR, District=HAILAKANDI,
State=Assam",24.555128,92.5944,Bharat AC,3.0,3,1
BPCL,Govt.,Assam,DHEMAJI,DHEMAJI,"MACKHOWA, GHILAMARA ROAD, , City=DHEMAJI, District=DHEMAJI,
State=Assam",27.371763,94.535391,Bharat AC,3.0,3,1
BPCL,Govt.,Assam,DIBRUGARH,KHANIKAR,"MANCOTTA, KHANIKAR CHARIALI, , City=KHANIKAR, District=DIBRUGARH,
State=Assam",27.42725,94.922295,Bharat AC,3.0,3,1
BPCL,Govt.,Assam,DHUBRI,BOGRIBARI,"MANIPUR PART 2, BOGRIBARI, , City=BOGRIBARI, District=DHUBRI,
State=Assam",26.206805,90.093369,CCS,60.0,60,2
BPCL,Govt.,Assam,GOLAGHAT,GOLAGHAT,"MEW AMOLAPATTY, NEW AMOLAPATTY, , City=GOLAGHAT,
District=GOLAGHAT, State=Assam",26.516728,93.972655,Bharat AC,3.0,3,1
BPCL,Govt.,Assam,DHEMAJI,GOGAMUKH,"MOINAPARA CHETIA MAP, GOGAMUKH TOWN, , City=GOGAMUKH,
District=DHEMAJI, State=Assam",27.436567,94.326148,CCS,30.0,30,1
BPCL,Govt.,Assam,DIBRUGARH,NAMRUP,"NAGAMATI KHEREMIA, NAGAMATI KHEREMIA, , City=NAMRUP,
District=DIBRUGARH, State=Assam",27.205324,95.362361,Bharat AC,3.0,3,1
BPCL,Govt.,Assam,NAGAON,NAGAON,"NAGAON, NAGAON, , City=NAGAON, District=NAGAON, State=Assam",25.366716,92.709089,Bharat AC,3.0,3,1
BPCL,Govt.,Assam,NAGAON,NAGAON,"NAGAON, NAGAON, , City=NAGAON, District=NAGAON, State=Assam",25.366716,92.709089,CCS,60.0,60,2
BPCL,Govt.,Assam,TINSUKIA,MARGHERITA,"NAMDANG GAON, NAMDANG GAON, , City=MARGHERITA,
District=TINSUKIA, State=Assam",27.289016,95.699519,CCS,60.0,60,2
BPCL,Govt.,Assam,Sivasagar,SIVSAGAR,"NAMTIAL PATHAR, NAMTIAL PATHAR, , City=SIVSAGAR, District=SIBSAGAR,
State=Assam",26.99614,94.64507,CCS,30.0,30,1
BPCL,Govt.,Assam,KOKRAJHAR,KOKRAJHAR,"NARABARI, KOKRAJHAR TOWN, , City=KOKRAJHAR, District=KOKRAJHAR,
State=Assam",26.395661,90.265262,Bharat AC,3.0,3,1
BPCL,Govt.,Assam,Kamrup Metro,GUWAHATI,"NARAKASUR,KAHILIPARA, NARAKASUR,KAHILIPARA, , City=GUWAHATI,
District=KAMRUP METROPOLITAN, State=Assam",26.142505,91.764453,CCS,60.0,60,2
BPCL,Govt.,Assam,Sivasagar,NAZIRA TOWN,"NAZIRA, NAZIRA, , City=NAZIRA TOWN, District=SIBSAGAR, State=Assam",26.907331,94.727476,Bharat AC,3.0,3,1
BPCL,Govt.,Assam,Sivasagar,NAZIRA TOWN,"NAZIRA, NAZIRA, , City=NAZIRA TOWN, District=SIBSAGAR, State=Assam",26.907331,94.727476,CCS,60.0,60,2
BPCL,Govt.,Assam,KOKRAJHAR,KOKRAJHAR,"NEAR SECRETARIAT, BHABANIPUR, KATHALGURI, P.O. KOKRAJHAR, ,
City=KOKRAJHAR, District=KOKRAJHAR, State=Assam",26.433742,90.28524,Type II,7.0,7,1
BPCL,Govt.,Assam,KOKRAJHAR,KOKRAJHAR,"NEAR SECRETARIAT, BHABANIPUR, KATHALGURI, P.O. KOKRAJHAR, ,
City=KOKRAJHAR, District=KOKRAJHAR, State=Assam",26.433742,90.28524,CCS,60.0,60,2
BPCL,Govt.,Assam,MARIGAON,AHATGURI,"NH 27 ,UTTARKHULA, MORIGAON, , City=AHATGURI, District=MARIGAON,
State=Assam",26.198831,92.413433,CCS,60.0,60,2
BPCL,Govt.,Assam,MARIGAON,AHOTGURI,"NH 27 ,UTTARKHULA, MORIGAON, , City=AHOTGURI, District=MARIGAON,
State=Assam",26.198831,92.413433,CCS,60.0,60,2
BPCL,Govt.,Assam,DIBRUGARH,DIBRUGARH,"NH37, #, , City=DIBRUGARH, District=DIBRUGARH, State=Assam",27.457936,94.88389,CCS,30.0,30,1
BPCL,Govt.,Assam,DIBRUGARH,MORAN,"NIBUM GAON, NIBUM GAON, , City=MORAN, District=DIBRUGARH,
State=Assam",27.332514,94.867336,CCS,30.0,30,1
BPCL,Govt.,Assam,BISWANATH,BISWANATH CHARIALI,"NIZ.BAGHMARI, PO.BURIGANG, BISWANATH CHARIALI, SONITPUR, ,
City=BISWANATH CHARIALI, District=BISWANATH, State=Assam",26.736482,93.118773,CCS,60.0,60,2
BPCL,Govt.,Assam,Sivasagar,GAURISAGAR,"NOGA ALI, GAURISAGAR, , City=GAURISAGAR, District=SIBSAGAR,
State=Assam",26.937887,94.545258,Bharat AC,3.0,3,1
BPCL,Govt.,Assam,NAGAON,NAGAON,"NRL ASTC NAGAON, ASTC COMPLEX, PO. NAGAON, , City=NAGAON,
District=NAGAON, State=Assam",26.354093,92.68608,Bharat AC,3.0,3,1
BPCL,Govt.,Assam,DARRANG,MANGALDAI,"P.O. BORDULGURI, SIPAJHAR ON NH52, , City=MANGALDAI,
District=DARRANG,ASSAM, State=Assam",26.407937,91.933592,CCS,30.0,30,1
BPCL,Govt.,Assam,BONGAIGAON,Jogigopha,"P.O. JOGHIGOPHA, NH31B, , City=JOGIGOPHA,
District=BONGAIGAON,ASSAM, State=Assam",26.251524,90.586551,CCS,60.0,60,2
BPCL,Govt.,Assam,TINSUKIA,TINSUKIA,"RANPURIA, RANPURIA, , City=TINSUKIA, District=TINSUKIA, State=Assam",27.4968,95.352988,Bharat AC,3.0,3,1
BPCL,Govt.,Assam,GOALPARA,Dudhnoi,"ROWMARI, DUDHNOI, ROWMARI, DUDHNOI, , City=DUDHNOI,
District=GOALPARA, State=Assam",25.987665,90.762037,CCS,60.0,60,2
BPCL,Govt.,Assam,JORHAT,JORHAT,"ROWRIAH, JORHAT, , City=JORHAT, District=JORHAT, State=Assam",26.711103,94.173485,Bharat AC,3.0,3,1
BPCL,Govt.,Assam,NAGAON,NAGAON,"RUPAHI-AMBAGAN ROAD, VILL SADARIA, , City=NAGAON, District=NAGAON,
State=Assam",26.433964,92.741885,Bharat AC,3.0,3,1
BPCL,Govt.,Assam,NAGAON,NAGAON,"RUPAHI-AMBAGAN ROAD, VILL SADARIA, , City=NAGAON, District=NAGAON,
State=Assam",26.433964,92.741885,CCS,60.0,60,2
BPCL,Govt.,Assam,JORHAT,JORHAT,"SARBHAIBANDHA, SARBHAIBANDHA, , City=JORHAT, District=JORHAT,
State=Assam",26.774511,94.192286,CCS,30.0,30,1
BPCL,Govt.,Assam,Kamrup Metro,LOKHRA ROAD,"SAUKUCHI, SAUKUCHI, , City=LOKHRA ROAD, District=KAMRUP
METROPOLITAN, State=Assam",26.126511,91.744632,CCS,60.0,60,2
BPCL,Govt.,Assam,JORHAT,PO TEOK,"SIMALUGURI, SIMALUGURI, , City=PO TEOK, District=JORHAT, State=Assam",26.84464,94.488993,CCS,60.0,60,2
BPCL,Govt.,Assam,DHEMAJI,SIMEN CHAPORI,"SIMEN CHAPORI, SIMEN CHAPORI, , City=SIMEN CHAPORI, District=DHEMAJI,
State=Assam",27.722362,94.890783,Bharat AC,3.0,3,1
BPCL,Govt.,Assam,DHUBRI,CHAGALIA,"SONAKHULI VILL PT1, HALAKURA NH31, P.O. MAHAMAYAHAT, P.S.
GOLOCKGANJ, , City=CHAGALIA, District=DHUBRI,ASSAM, State=Assam",26.248348,89.778384,CCS,60.0,60,2
BPCL,Govt.,Assam,DIBRUGARH,TENGAKHAT,"TENGAKHAT, TENGAKHAT, , City=TENGAKHAT, District=DIBRUGARH,
State=Assam",27.372873,95.074679,Bharat AC,3.0,3,1
BPCL,Govt.,Assam,DIBRUGARH,TENGAKHAT,"TENGAKHAT, TENGAKHAT, , City=TENGAKHAT, District=DIBRUGARH,
State=Assam",27.372873,95.074679,CCS,60.0,60,2
BPCL,Govt.,Assam,JORHAT,TEOK,"TEOK JHANJI ON NH37, TEOK JHANJI ON NH37, , City=TEOK,
District=JORHAT, State=Assam",26.83959,94.48038,CCS,60.0,60,2
BPCL,Govt.,Assam,SONITPUR,DHEKIAJULI,"THELAMARA (KEHERUKHANDA), SONITPUR, ASSAM, , City=DHEKIAJULI,
District=SONITPUR, State=Assam",26.704292,92.529739,CCS,30.0,30,1
BPCL,Govt.,Assam,NALBARI,TIHU,"TIHU FEEDER ROAD, TIHU TOWN, , City=TIHU, District=NALBARI,
State=Assam",26.480915,91.270355,Bharat AC,3.0,3,1
BPCL,Govt.,Assam,JORHAT,TITABOR,"TITABOR, TITABOR, , City=TITABOR, District=JORHAT, State=Assam",26.6026,94.207647,Bharat AC,3.0,3,1
BPCL,Govt.,Assam,JORHAT,TITABOR,"TITABOR, TITABOR, , City=TITABOR, District=JORHAT, State=Assam",26.6026,94.207647,CCS,60.0,60,2
BPCL,Govt.,Assam,DIBRUGARH,DIBRUGARH,"TR PHUKAN ROAD,, TR PHUKAN ROAD,WEST CHOWKIDINGEE, ,
City=DIBRUGARH, District=DIBRUGARH,ASSAM, State=Assam",27.469276,94.905868,Bharat AC,3.0,3,1
BPCL,Govt.,Assam,GOALPARA,GOALPARA,"TUKURA PART III,NH 37, TUKURA PART III,NH37, , City=GOALPARA,
District=GOALPARA, State=Assam",26.050804,90.631502,CCS,60.0,60,2
BPCL,Govt.,Assam,Baksa,BAKSA,"VIL SALBARI, NEAR SALBARI POST OFFICE, , City=BAKSA, District=BASKA,
State=Assam",26.63868,91.0961,Bharat AC,3.0,3,1
BPCL,Govt.,Assam,DARRANG,MANGALDAI,"VILL - GHATUAPARA ON NH52, P.O. AOLACHOKA, P.S. MANGALDAI, ,
City=MANGALDAI, District=DARRANG,ASSAM, State=Assam",26.411945,91.956228,CCS,30.0,30,1
BPCL,Govt.,Assam,UDALGURI,ROWTA,"VILL - HATIGARH, P.O. & P.S. ROWTA, ROWTA ON NH-52, , City=ROWTA,
District=UDALGURI, State=Assam",26.697635,92.19898,CCS,30.0,30,1
BPCL,Govt.,Assam,KAMRUP,HAJO,"VILL BARDADHI, MOUZA, REVENUE CIRCLE HAJO, , City=HAJO,
District=KAMRUP, State=Assam",26.249182,91.573825,CCS,60.0,60,2
BPCL,Govt.,Assam,NALBARI,NALBARI,"VILL CHATRA, MOUZA PUB BANBHAG, , City=NALBARI, District=NALBARI,
State=Assam",26.4362,91.51279,Type II,7.0,7,1
BPCL,Govt.,Assam,GOALPARA,GOALPARA,"VILL CHILUK, CIRCLE DUDHNOI, , City=GOALPARA, District=GOALPARA,
State=Assam",25.97546,90.80458,CCS,60.0,60,2
BPCL,Govt.,Assam,NAGAON,NAGAON,"VILL DAKHIN BHUMURAGURI, AMBAGAN, , City=NAGAON,
District=NAGAON, State=Assam",26.513592,92.837395,Bharat AC,3.0,3,1
BPCL,Govt.,Assam,NAGAON,NAGAON,"VILL DAKHIN BHUMURAGURI, AMBAGAN, , City=NAGAON,
District=NAGAON, State=Assam",26.513592,92.837395,CCS,60.0,60,2
BPCL,Govt.,Assam,KARBI ANGLONG,BOKAJAN,"VILL KUHIARBARI, NH 39 BOKAJAN, , City=BOKAJAN, District=KARBI
ANGLONG,ASSAM, State=Assam",26.03962,93.760142,Type II,7.0,7,1
BPCL,Govt.,Assam,NAGAON,NAGAON,"VILL MORIKOLONG, NAGAON, , City=NAGAON, District=NAGAON,
State=Assam",26.330235,92.700324,Type II,7.0,7,1
BPCL,Govt.,Assam,UDALGURI,DIMAKUCHI,"VILL NO 1 UTTAR DIMAKUCHI, MOUZA SEKHAR, , City=DIMAKUCHI,
District=UDALGURI, State=Assam",26.74422,91.827809,CCS,60.0,60,2
BPCL,Govt.,Assam,CHARAIDEO,SONARI,"VILLAGE 288/313 GRANT, ABHOYPUR, , City=SONARI, District=CHARAIDEO,
State=Assam",27.035706,94.91687,Bharat AC,3.0,3,1
BPCL,Govt.,Assam,TINSUKIA,DIGBOI,"VILLAGE NO.2 GOLAI, DIGBOI, , City=DIGBOI, District=TINSUKIA, State=Assam",27.364729,95.637474,CCS,60.0,60,2
BPCL,Govt.,Assam,KAMRUP,CHAYGAON,"VILL-DHEKENABORI, MOUZA-CHAYGAON PANTAN, , City=CHAYGAON,
District=KAMRUP, State=Assam",25.964217,91.346925,CCS,60.0,60,2
BPCL,Govt.,Assam,KOKRAJHAR,SALAKATI,"WARD NO 6, RAILWAY STATION RD., P.O. KOKRAJHAR, NEAR NTPC, ,
City=SALAKATI, District=KOKRAJHAR, State=Assam",26.446,90.376,Bharat AC,3.0,3,1
BPCL,Govt.,Assam,BARPETA,PATACHARKUCHI,"WARD NO. 4, P.O. PATACHARKUCHI, DEKRABARI, SORBHOG ON NH31, ,
City=PATACHARKUCHI, District=BARPETA, State=Assam",26.505316,91.221239,CCS,60.0,60,2
Ather,Private,Bihar,Patna,Patna,"Near Nh139, Chandravanshinagar, Shivpuri, Chitkohra, Patna, Bihar 800002",25.582668,85.112471,LEV DC Charge Point (IS-17017-2-7),3.3,3.3,1
Ather,Private,Bihar,Patna,Patna,"Alankar Maruti Service Center Besides Alankar Suncity Apartment, Bihar 800006",25.60219,85.187643,LEV DC Charge Point (IS-17017-2-7),3.3,3.3,1
Ather,Private,Bihar,Patna,Patna,"Plot No. 727,Beside Arvind Store, Bailey Road, Rukanpura, Patna Bihar (800014)",25.60673,85.069227,LEV DC Charge Point (IS-17017-2-7),3.3,3.3,1
Ather,Private,Bihar,Patna,Patna,"Bailey Rd, Rupaspur, Ias Colony, Patna, Bihar - 801503",25.607741,85.060666,LEV DC Charge Point (IS-17017-2-7),3.3,3.3,1
Ather,Private,Bihar,Patna,Patna,"Bailey Rd, Rupaspur, Ias Colony, Danapur Nizamat, Patna, Bihar 801503",25.60968,85.060432,LEV DC Charge Point (IS-17017-2-7),3.3,3.3,1
Ather,Private,Bihar,Patna,Patna,"E Boring Canal Rd, Near Pantaloons, Rajapur, Buddha Colony, Patna, Bihar 800001",25.622529,85.124164,LEV DC Charge Point (IS-17017-2-7),3.3,3.3,1
Evi Tech,Private,Bihar,Madhepura,Madhepura,"Knm Hp,Hp Petrol Pump Ward No. 25, Kamleshwari Nagar Sukhasan Road 852113",25.902319,86.784305,Type-II AC,7.4,7.4,1
Evi Tech,Private,Bihar,Bhagalpur,Bhagalpur,"Maa Shakti Fuel Centre,At- Gaura Chauki P.O. Gaura Chauki, P.S. Kajreily On Bhagalpur - Amarpur Road 812005",25.201433,86.949509,Type-II AC,7.4,7.4,1
Evi Tech,Private,Bihar,Purbi Champaran,Champaran-East,"Mshsd Mankamna Hp,Hp Petrol Pump At - Sangrampur Po & Ps - Sangrampur 845434",26.477309,84.678603,Type-II AC,7.4,7.4,1
Evi Tech,Private,Bihar,Aurangabad,"Aurangabad, Bh","Mshsd Shri Shyam Hp,Hp Petrol Pump Mauza:Kaithibeni,P.O.:Goh P.S.Goh,Thana No.:207 824203",24.989852,84.611311,Type-II AC,7.4,7.4,1
Evi Tech,Private,Bihar,Sheohar,Sheohar,"Ramjanki Hp,Hp Petrol Pump Nh 104, Vill+Ps-Shyampur, Po-Shyampur 843329",26.481936,85.207932,Type-II AC,7.4,7.4,1
Evi Tech,Private,Bihar,Muzaffarpur,Muzzafarpur,"Shri Hareshwar Hp,Hp Petrol Pump Vill - Puraina, Po - Pakhnaha Sri Ram, Thana - Minapur 843109",26.227787,85.280515,Type-II AC,7.4,7.4,1
Evi Tech,Private,Bihar,Bhojpur,Bhojpur,"Shubhi Hp,Mauza- Khadaon Chaturbhuj Chandi Sahar Road Sahar 802208",25.228411,84.562195,Type-II AC,7.4,7.4,1
HPCL,Govt.,Bihar,Rohtas,Rohtas,Basantpur,24.954058,84.057213,Bharat AC-001,3.0,3,1
HPCL,Govt.,Bihar,Purbi Champaran,Purbi Champaran,"Jogaulia,",26.445231,85.098,Bharat AC-001,3.0,3,1
HPCL,Govt.,Bihar,Madhepura,Madhepura,Kamleshwari Nagar Sukhasan Road,25.902319,86.784305,Type-II AC,7.0,7,1
HPCL,Govt.,Bihar,Aurangabad,Aurangabad,Mauza:Kaithibeni,24.989852,84.611311,Type-II AC,7.0,7,1
HPCL,Govt.,Bihar,Sheohar,Sheohar,"Nh 104, Vill-Shyampur",26.481936,85.207932,Type-II AC,7.0,7,1
HPCL,Govt.,Bihar,Madhepura,Madhepura,Rajni Goth,25.812223,86.985465,Bharat AC-001,3.0,3,1
HPCL,Govt.,Bihar,Samastipur,Samastipur,Thana Chowk,25.85723,85.67276,Bharat AC-001,3.0,3,1
HPCL,Govt.,Bihar,Muzaffarpur,Muzaffarpur,"Vill - Puraina, Thana",26.227787,85.280608,Type-II AC,7.0,7,1
HPCL,Govt.,Bihar,Araria,Araria,Amgachhi,26.409787,87.49914,Bharat AC-001,3.0,3,1
HPCL,Govt.,Bihar,Supaul,Supaul,"Anjali Hp,Hp Petrol Pump At-Hariyahi, On Nh-57 Po-Hariyahi, Ps-Nirmali 847452,Hariyahi",26.32306,86.61426,Type-II AC,7.4,7.4,1
HPCL,Govt.,Bihar,Madhubani,Madhubani,"Araria Sangram, Madhubani",26.314939,86.360961,Type-II AC,7.0,7,1
HPCL,Govt.,Bihar,Katihar,Katihar,"Baigna Rampara, Katihar",25.545389,87.590786,Type-II AC,7.0,7,1
HPCL,Govt.,Bihar,Sitamarhi,Sitamarhi,"Bakhari,Riga",26.641078,85.415886,Bharat AC-001,3.0,3,1
HPCL,Govt.,Bihar,Kaimur (Bhabua),Kaimur (Bhabua),Barej,25.153076,83.620381,Bharat AC-001,3.0,3,1
HPCL,Govt.,Bihar,Sheohar,Sheohar,"Chimanpur, Sheohar",26.488693,85.278374,Type-II AC,7.0,7,1
HPCL,Govt.,Bihar,Kishanganj,Kishanganj,Faringgora,26.10284,87.98416,Bharat AC-001,3.0,3,1
HPCL,Govt.,Bihar,Darbhanga,Darbhanga,"Gangwara, Darbhanga",26.174462,85.930934,Type-II AC,7.0,7,1
HPCL,Govt.,Bihar,Bhagalpur,Bhagalpur,"Gaura Chauki ,Bhagalpur - Amarpur Road",25.215894,86.957908,Type-II AC,7.0,7,1
HPCL,Govt.,Bihar,Katihar,Katihar,"Hamara Pump Amol,Hp Petrol Pump At-Amol, Gerabari-Falka Road Ps-Falka 854108,Amol, Falka",25.622809,87.370189,Bharat AC-001,3.3,3.3,1
HPCL,Govt.,Bihar,Patna,Patna,"Hamara Pump Babhanpura,Phulwari, Babhanpura, Patna- 801505",25.544164,85.026007,Bharat AC-001,3.3,3.3,1
HPCL,Govt.,Bihar,Bhojpur,Bhojpur(Arrah),"Hamara Pump Jamalpur,Hpc Petrol Pump Mauza-Jamalpur,Anchal-Koilwar Ara-Babura Road 802160",25.613214,84.78844,Bharat AC-001,3.3,3.3,1
HPCL,Govt.,Bihar,Gaya,Gaya,"Hamara Pump Tutarkhi,Vill:- Tuturkhi Po+Ps :- Konch  824235,Tuturkhi",25.01924,84.743318,Bharat AC-001,3.3,3.3,1
HPCL,Govt.,Bihar,Purbi Champaran,Purbi Champaran,Harnaraina,26.613713,85.138198,Bharat AC-001,3.0,3,1
HPCL,Govt.,Bihar,Kishanganj,Kishanganj,"Kachchunala,Padampur",13.919338,87.896122,Bharat AC-001,3.0,3,1
HPCL,Govt.,Bihar,Muzaffarpur,Muzaffarpur,Mangiavia - Minapur 843128,26.310045,85.298324,Bharat AC-001,3.0,3,1
HPCL,Govt.,Bihar,Darbhanga,Darbhanga,"Manokamna Hp,Pindaruch, Thana- Kamtaul, Dist- Darbhanga,",26.241613,85.841231,Bharat AC-001,3.3,3.3,1
HPCL,Govt.,Bihar,Bhojpur,Bhojpur,Mauza- Khadaon,25.228411,84.562195,Type-II AC,7.0,7,1
HPCL,Govt.,Bihar,Patna,Patna,"Mauza- Nagwan, Patna",25.523945,84.971573,Bharat AC-001,3.0,3,1
HPCL,Govt.,Bihar,Gaya,Gaya,"Ms Hsd Om Sai Hp,Vill+Po+Ps:- Fatehpur   824232,Fatehpur",24.633559,85.233107,Type-II AC,7.4,7.4,1
HPCL,Govt.,Bihar,Araria,Araria,"Mshsd Fiza Hp,Hp Petrol Pump At-Bhag Mohabbat, Po-Araria Araria-Raniganj Road, Ps-Araria 854312,Bhag Mohabbat",26.124451,87.411178,Type-II AC,7.4,7.4,1
HPCL,Govt.,Bihar,Samastipur,Samastipur,"Mshsd Hamara Pump Bishanpur Birauli,Hp Petrol Pump At-Bishanpur Birauli Po-Dighra, Ps-Pusa 848115,Bishanpur Birauli",25.95342,85.67266,Bharat AC-001,3.3,3.3,1
HPCL,Govt.,Bihar,Gaya,Gaya,"Mshsd Hamara Pump Gurua,Po+Ps :- Gurua   824205,Gurua",24.668142,84.778441,Bharat AC-001,3.3,3.3,1
HPCL,Govt.,Bihar,Gaya,Gaya,"Rabda Hp,Vill :- Rabda Po+Ps :- Dumaria  824206,Dumaria",24.442465,84.377619,Type-II AC,7.4,7.4,1
HPCL,Govt.,Bihar,Siwan,Siwan,Renuka Nagar,12.785787,84.34505,Bharat AC-001,3.0,3,1
HPCL,Govt.,Bihar,Purbi Champaran,Purbi Champaran,Sangrampur,26.477309,84.678603,Type-II AC,7.0,7,1
HPCL,Govt.,Bihar,Buxar,Buxar,Sarasati Itarhi 1,25.493872,84.007991,Bharat AC-001,3.0,3,1
HPCL,Govt.,Bihar,Buxar,Buxar,Sarasati Itarhi 2,25.49375,84.00918,Bharat AC-001,3.0,3,1
HPCL,Govt.,Bihar,Sheohar,Sheohar,"Seohar ,Bihar",26.773238,85.30287,Type-II AC,7.0,7,1
HPCL,Govt.,Bihar,Gaya,Gaya,"Vill- Mau, Bihar 824235",24.99498,84.81272,Type-II AC,7.0,7,1
HPCL,Govt.,Bihar,Rohtas,Rohtas,Vill-Jorawarpur,24.969329,84.166235,Bharat AC-001,3.0,3,1
IOCL,Govt.,Bihar,Purnia,Purnia,Aayansh Fuel Centre Khesra No 500 Khata No 108 Mauza- Sadhubaili Block-Srinagar,25.899172,87.443687,LEV AC Charge point,3.3,3.3,1
IOCL,Govt.,Bihar,Samastipur,Samastipur,Abs Fuel Centre At+Po - Kalyanpur Ps - Bibhutipur Dist- Samastipur,25.712643,85.900828,Type-II AC,7.4,7.4,1
IOCL,Govt.,Bihar,Saharsa,Saharsa,Ajay Petroleum Village- Hasa Hakpara Po - Saharsa Ward No -14 Dist-Saharsa,25.906022,86.599887,LEV AC Charge point,3.3,3.3,1
IOCL,Govt.,Bihar,Samastipur,Samastipur,Alok Petroleum At-Bahadurpur Armauli Po-Khajuri C Ps-Ghatho Block-Sarairanjan Samas,25.697709,85.746192,LEV AC Charge point,3.3,3.3,1
IOCL,Govt.,Bihar,Sheikhpura,Sheikhpura,Ambari Ps-Sheikhpura Sarai Dist-Sheikhpura,25.134755,85.693666,LEV AC Charge point,3.3,3.3,1
IOCL,Govt.,Bihar,Saharsa,Saharsa,Arun Petroleum At+Po-Diwari Ps - Sonbarsa Kachar Dist.-Saharsa Bihar,25.833679,86.582923,LEV AC Charge point,3.3,3.3,1
IOCL,Govt.,Bihar,Purnia,Purnia,Ashraf Fuel Centre Vill-Bairia Block-Baisi Plot No.-13271365 Dist.-Purnea B,25.798428,87.737984,LEV AC Charge point,3.3,3.3,1
IOCL,Govt.,Bihar,Samastipur,Samastipur,At & Po - Ballochak Ps- Dalsingsarai District- Samastipur Bihar - 84811,25.67325,85.811607,LEV AC Charge point,3.3,3.3,1
IOCL,Govt.,Bihar,Kishanganj,Kishanganj,At Po- Sitalpur  Ps- Paharkatta Block - Pothia Dist-Kishanganj,26.276926,88.12955,LEV AC Charge point,3.3,3.3,1
IOCL,Govt.,Bihar,Samastipur,Samastipur,At Sirdilpur Survey No.3951 And 39 Po+Ps- Patori Block- Patori Dist - Samastipur,25.647472,85.569794,LEV AC Charge point,3.3,3.3,1
IOCL,Govt.,Bihar,Sitamarhi,Sitamarhi,At:Bhorha P.S:Belsand Sitamarhi,26.468129,85.396265,LEV AC Charge point,3.3,3.3,1
IOCL,Govt.,Bihar,Saran,Saran,At:Jadopur P.S:Dariyapur Saran,25.8517,85.0298,LEV AC Charge point,3.3,3.3,1
IOCL,Govt.,Bihar,Muzaffarpur,Muzaffarpur,At:Mahamadpur Baya P.S:Saraiya Distt:Muzaffarpur,26.046497,85.148937,LEV AC Charge point,3.3,3.3,1
IOCL,Govt.,Bihar,Supaul,Supaul,At+Gadhiya-Nh57 Po/Ps-Pratapganj Dist-Supaul,26.328811,86.974064,LEV AC Charge point,3.3,3.3,1
IOCL,Govt.,Bihar,Madhepura,Madhepura,At+Po-Biri Ranpal Ps-Udakishanganj Dist-Madhepura,25.68461,86.99553,LEV AC Charge point,3.3,3.3,1
IOCL,Govt.,Bihar,Araria,Araria,At-Gopalpur Po-Parihari Ps-Raniganj,25.959215,87.188706,LEV AC Charge point,3.3,3.3,1
IOCL,Govt.,Bihar,Katihar,Katihar,At-Hanswar(Kewala) Po-Nawabgabj Ps-Manihari,25.366383,87.643364,LEV AC Charge point,3.3,3.3,1
IOCL,Govt.,Bihar,Katihar,Katihar,At-Harnaroi Po-Chhogharaps-Abadpur Block-Barsoidist-Katihar,25.51908,88.03278,LEV AC Charge point,3.3,3.3,1
IOCL,Govt.,Bihar,Buxar,Buxar,At-Karanjuapo-Indaurps-Itarhi Anchal-Itarhi Dist-Buxarbihar,25.393849,84.022689,LEV AC Charge point,3.3,3.3,1
IOCL,Govt.,Bihar,Supaul,Supaul,At-Lityahi Po-Dinapati Ps+Block-Pipra,26.148231,86.752931,LEV AC Charge point,3.3,3.3,1
IOCL,Govt.,Bihar,Araria,Araria,Baba Sundarnath Fuel Centre At - Sikti Po- Sikti Ps - Sikti Block- Sikti Dist - Araria Pin- 8,26.395586,87.559287,LEV AC Charge point,3.3,3.3,1
IOCL,Govt.,Bihar,Banka,Banka,Babu Rajendra Prasad Fuels Khesra No 345(P) Khata No 113 Mauza-Ajit Nagar  Rajaun Banka  Bih,24.965186,86.963817,LEV AC Charge point,3.3,3.3,1
IOCL,Govt.,Bihar,Samastipur,Samastipur,Banmala Fuel Centre Vill+Po- Kundal Dist.-Samastipur Bihar,25.776979,86.223674,LEV AC Charge point,3.3,3.3,1
IOCL,Govt.,Bihar,Araria,Araria,Barbana Sh-77 Po-Meriganjps-Raniganj Dist-Araria,26.08479,87.23245,LEV AC Charge point,3.3,3.3,1
IOCL,Govt.,Bihar,Banka,Banka,Basuki Fuels Vill+Po-Kharhara Ps- Barahat Dist- Banka  Bihar,24.92598,86.99785,Type-II AC,7.4,7.4,1
IOCL,Govt.,Bihar,Saharsa,Saharsa,Belha Pipal Asthan Baijnathpursaharsa Dist-Saharsa,25.868563,86.661925,LEV AC Charge point,3.3,3.3,1
IOCL,Govt.,Bihar,Samastipur,Samastipur,Bibhutipur Bibhutipur Dist-Samastipur,25.698311,85.980773,LEV AC Charge point,3.3,3.3,1
IOCL,Govt.,Bihar,Saharsa,Saharsa,Buddha Petroleum Vill-Gandaul Po-Baghwa Ps+Block-Mahishi Dist- Saharsa,25.909127,86.365732,LEV AC Charge point,3.3,3.3,1
IOCL,Govt.,Bihar,Samastipur,Samastipur,Chandchour Ujiyarpur Dist-Samastipur,25.83412,85.65002,LEV AC Charge point,3.3,3.3,1
IOCL,Govt.,Bihar,Katihar,Katihar,Chitoria Katihar Dist-Katihar,25.504945,87.569401,LEV AC Charge point,3.3,3.3,1
IOCL,Govt.,Bihar,Bhojpur,Bhojpur,Dealer- Indian Oil Kisan Seva Kendr At- Anaith Ara Dist-Bhojpur,25.546596,84.672203,LEV AC Charge point,3.3,3.3,1
IOCL,Govt.,Bihar,Nawada,Nawada,Dealer-Indian Oil Kisan Seva Kendra Mauza-Pathra Block-Govindpur Dist-Nawada,24.745718,85.639303,LEV AC Charge point,3.3,3.3,1
IOCL,Govt.,Bihar,Patna,Patna,Dealer-Indian Oil Retail Outlet At-Sonkukrathana-Masaurhi Dist-Patna,25.360978,85.015115,LEV AC Charge point,3.3,3.3,1
IOCL,Govt.,Bihar,Nawada,Nawada,Dealer-Indian Oil Retail Outlet Mauza-Dularpuraanchal-Rajauli Dist-Nawada,24.640641,85.481654,LEV AC Charge point,3.3,3.3,1
IOCL,Govt.,Bihar,Purnia,Purnia,Garib Nawaz Fuels Khesra 433 Khata No 53 Mauza-Balyamani Kamaldah Amour,26.04638,87.79654,LEV AC Charge point,3.3,3.3,1
IOCL,Govt.,Bihar,Kishanganj,Kishanganj,Hazara Fuel Centre At+Po+Ps - Bibiganj Block-Terhagach Dist- Kishanganj Bihar,26.36036,87.795741,LEV AC Charge point,3.3,3.3,1
IOCL,Govt.,Bihar,Bhagalpur,Bhagalpur,Hussainabad Bhagalpur Town Dist-Bhagalpur,25.228167,86.973118,LEV AC Charge point,3.3,3.3,1
IOCL,Govt.,Bihar,Kaimur (Bhabua),Kaimur,Indian Oil Kisan Seva Kendra At-Awarahiyananchal-Durgawati Dist-Kaimur,25.191729,83.513426,LEV AC Charge point,3.3,3.3,1
IOCL,Govt.,Bihar,Aurangabad,Aurangabad,Indian Oil Kisan Seva Kendra At-Dadarblock-Goh Dist-Aurangabad,24.92785,84.62409,LEV AC Charge point,3.3,3.3,1
IOCL,Govt.,Bihar,Patna,Patna,Indian Oil Kisan Seva Kendra At-Dewariyaanchal-Masaurhi Dist-Patna,25.347628,84.932418,Type-II AC,7.4,7.4,1
IOCL,Govt.,Bihar,Aurangabad,Aurangabad,Indian Oil Kisan Seva Kendra At-Kala Dhanawanchal-Nabinagar Dist-Aurangabad,24.649732,84.106872,LEV AC Charge point,3.3,3.3,1
IOCL,Govt.,Bihar,Aurangabad,Aurangabad,Indian Oil Kisan Seva Kendra At-Khihiriblock-Rafiganj Dist-Aurangabad,24.800916,84.64326,LEV AC Charge point,3.3,3.3,1
IOCL,Govt.,Bihar,Gaya,Gaya,Indian Oil Kisan Seva Kendra At-Kujuranchal-Mohra Dist-Gaya,24.879294,85.298142,LEV AC Charge point,3.3,3.3,1
IOCL,Govt.,Bihar,Vaishali,Vaishali,Indian Oil Kisan Seva Kendra At-Lakshmanpuranchal-Jandaha Dist-Vaishali,25.7541,85.4536,LEV AC Charge point,3.3,3.3,1
IOCL,Govt.,Bihar,Nalanda,Nalanda,Indian Oil Kisan Seva Kendra At-Madanchakanchal-Bind Dist-Nalanda,25.349953,85.702371,LEV AC Charge point,3.3,3.3,1
IOCL,Govt.,Bihar,Kaimur (Bhabua),Kaimur,Indian Oil Kisan Seva Kendra At-Maduranablock-Chainpur Distt-Kaimur,25.04896,83.47891,LEV AC Charge point,3.3,3.3,1
IOCL,Govt.,Bihar,Nalanda,Nalanda,Indian Oil Kisan Seva Kendra At-Nirpurblock-Silao Dist-Nalanda,25.136443,85.415111,LEV AC Charge point,3.3,3.3,1
IOCL,Govt.,Bihar,Vaishali,Vaishali,Indian Oil Kisan Seva Kendra At-Sahdei Buzurganchal-Sahdei Buzu Dist-Vaishali,25.66135,85.461442,LEV AC Charge point,3.3,3.3,1
IOCL,Govt.,Bihar,Nalanda,Nalanda,Indian Oil Kisan Seva Kendra At-Sikandarpur Barakarsilao Dist-Nalandabihar,25.134314,85.417048,LEV AC Charge point,3.3,3.3,1
IOCL,Govt.,Bihar,Aurangabad,Aurangabad,Indian Oil Kisan Seva Kendra At-Simwa Block-Rafiganj Dist-Aurangabadbihar,24.807445,84.709445,LEV AC Charge point,3.3,3.3,1
IOCL,Govt.,Bihar,Vaishali,Vaishali,Indian Oil Kisan Seva Kendra At-Suratpur Vidya Anchal-Raja Paka Dist-Vaishali,25.742,85.322,LEV AC Charge point,3.3,3.3,1
IOCL,Govt.,Bihar,Nalanda,Nalanda,Indian Oil Kisan Seva Kendra Mauza-Andhanaanchal-Noorsarai Dist-Nalanda,25.260713,85.457716,LEV AC Charge point,3.3,3.3,1
IOCL,Govt.,Bihar,Nawada,Nawada,Indian Oil Kisan Seva Kendra Mauza-Apsarhblock-Warsaliganj Distt-Nawada,25.077381,85.665966,LEV AC Charge point,3.3,3.3,1
IOCL,Govt.,Bihar,Vaishali,Vaishali,Indian Oil Kisan Seva Kendra Mauza-Bishunpur Garjaulbgahwanpur Distt-Vaishali,25.8354,85.3358,LEV AC Charge point,3.3,3.3,1
IOCL,Govt.,Bihar,Aurangabad,Aurangabad,Indian Oil Kisan Seva Kendra Mauza-Sasnablock-Nabinagar Disst-Aurangabad,24.786816,84.147874,LEV AC Charge point,3.3,3.3,1
IOCL,Govt.,Bihar,Patna,Patna,Indian Oil Kisan Sewa Kendra Mauza-Birpo-Birp.S-Dhanarua Dist-Patna,25.405704,85.162907,LEV AC Charge point,3.3,3.3,1
IOCL,Govt.,Bihar,Muzaffarpur,Muzaffarpur,Indian Oil Petrol Pump At:Anandpur P.S:Saraiya,26.02436,85.13159,LEV AC Charge point,3.3,3.3,1
IOCL,Govt.,Bihar,Muzaffarpur,Muzaffarpur,Indian Oil Petrol Pump At:Bahilwara Rupnath P.S:Saraiya,26.036641,85.197985,LEV AC Charge point,3.3,3.3,1
IOCL,Govt.,Bihar,Saran,Saran,Indian Oil Petrol Pump At:Bariyarpur Kandh P.S:Sakra,25.936678,85.486393,LEV AC Charge point,3.3,3.3,1
IOCL,Govt.,Bihar,Madhubani,Madhubani,Indian Oil Petrol Pump At:Bela Belhi P.O+P.S:Jaynagar,26.59484,86.15052,LEV AC Charge point,3.3,3.3,1
IOCL,Govt.,Bihar,Muzaffarpur,Muzaffarpur,Indian Oil Petrol Pump At:Damodarpur(Kanti) P.S:Kanti,26.139595,85.349605,LEV AC Charge point,3.3,3.3,1
IOCL,Govt.,Bihar,Pashchim Champaran,West Champaran,Indian Oil Petrol Pump At:Majhariya Anchal+P.S-Gaunaha,27.197085,84.51575,Type-II AC,7.4,7.4,1
IOCL,Govt.,Bihar,Pashchim Champaran,West Champaran,Indian Oil Petrol Pump At:Panchgawa(Bagaha) P.S:Bagaha,27.21393,84.11937,LEV AC Charge point,3.3,3.3,1
IOCL,Govt.,Bihar,Purbi Champaran,East Champaran,Indian Oil Petrol Pump At:Sugapipar P.S:Patahi,26.563603,85.234132,LEV AC Charge point,3.3,3.3,1
IOCL,Govt.,Bihar,Sitamarhi,Sitamarhi,Indian Oil Petrol Pump At:Talkhapur Dumra P.S:Talkhapur Dumra,26.566586,85.514106,LEV AC Charge point,3.3,3.3,1
IOCL,Govt.,Bihar,Purbi Champaran,East Champaran,Indian Oil Petrol Pump At:Turkauliya P.S:Turkauliya,26.595928,84.836758,LEV AC Charge point,3.3,3.3,1
IOCL,Govt.,Bihar,Madhubani,Madhubani,Indian Oil Petrol Pump Mouza:Phulhar P.S:Harlakhi,26.5834,85.9039,LEV AC Charge point,3.3,3.3,1
IOCL,Govt.,Bihar,Madhubani,Madhubani,Indian Oil Petroleum At:Pipraun P.S:Harlakhi,26.602487,85.939782,LEV AC Charge point,3.3,3.3,1
IOCL,Govt.,Bihar,Gaya,Gaya,Indian Oil Retail Outlet At- Lakhanpur Anchal-Manpur Dist-Gaya Bihar,24.797023,85.066846,LEV AC Charge point,3.3,3.3,1
IOCL,Govt.,Bihar,Gopalganj,Gopalganj,Indian Oil Retail Outlet At: Barggachhiya Po+Ps: Uchkagaon Dist: Gopalganj,26.44136,84.283417,Type-II AC,7.4,7.4,1
IOCL,Govt.,Bihar,Gopalganj,Gopalganj,Indian Oil Retail Outlet At: Damkiya Po+Ps: Bhore,26.418961,84.103722,LEV AC Charge point,3.3,3.3,1
IOCL,Govt.,Bihar,Pashchim Champaran,West Champaran,Indian Oil Retail Outlet At: Inwarwa Po:Pirari Ps: Mainatand Dist: West Champaran,27.099895,84.491339,LEV AC Charge point,3.3,3.3,1
IOCL,Govt.,Bihar,Muzaffarpur,Muzaffarpur,Indian Oil Retail Outlet At: Ratanpura Po+Ps:Motipur Dist: Muzaffarpur,26.257044,85.186795,LEV AC Charge point,3.3,3.3,1
IOCL,Govt.,Bihar,Pashchim Champaran,West Champaran,Indian Oil Retail Outlet At:Baisakhwa P.S:Gopalpur,26.97298,84.615475,LEV AC Charge point,3.3,3.3,1
IOCL,Govt.,Bihar,Sitamarhi,Sitamarhi,Indian Oil Retail Outlet At:Banaul P.S:Nanpur,26.376149,85.628434,LEV AC Charge point,3.3,3.3,1
IOCL,Govt.,Bihar,Gopalganj,Gopalganj,Indian Oil Retail Outlet At:Banraha P.S:Kateya,26.52523,84.08449,LEV AC Charge point,3.3,3.3,1
IOCL,Govt.,Bihar,Sitamarhi,Sitamarhi,Indian Oil Retail Outlet At:Boha Basdevpur P.S:Bajpatti,26.485654,85.593203,LEV AC Charge point,3.3,3.3,1
IOCL,Govt.,Bihar,Sitamarhi,Sitamarhi,Indian Oil Retail Outlet At:Charaut P.S:Pupri,26.540828,85.797327,LEV AC Charge point,3.3,3.3,1
IOCL,Govt.,Bihar,Sitamarhi,Sitamarhi,Indian Oil Retail Outlet At:Dadri P.S:Nanpur,26.44012,85.616613,LEV AC Charge point,3.3,3.3,1
IOCL,Govt.,Bihar,Pashchim Champaran,West Champaran,Indian Oil Retail Outlet At:Dhokrahap.S:Ramnagar Distt:West Champaran,27.1548,84.348993,LEV AC Charge point,3.3,3.3,1
IOCL,Govt.,Bihar,Muzaffarpur,Muzaffarpur,Indian Oil Retail Outlet At:Harchanda P.S:Kanti,26.136999,85.258713,LEV AC Charge point,3.3,3.3,1
IOCL,Govt.,Bihar,Sheohar,Sheohar,Indian Oil Retail Outlet At:Hirauta Dumma Sheoharbihar-843329,26.463462,85.283415,LEV AC Charge point,3.3,3.3,1
IOCL,Govt.,Bihar,Purbi Champaran,Motihari,Indian Oil Retail Outlet At:Kolanshi P.S:Chiraiya,26.669861,85.083167,LEV AC Charge point,3.3,3.3,1
IOCL,Govt.,Bihar,Purbi Champaran,East Champaran,Indian Oil Retail Outlet At:Krishna Nagar P.S:Madhuban,26.4589,85.15901,LEV AC Charge point,3.3,3.3,1
IOCL,Govt.,Bihar,Pashchim Champaran,West Champaran,Indian Oil Retail Outlet At:Madhubani P.S:Dhanha,26.988509,84.103674,LEV AC Charge point,3.3,3.3,1
IOCL,Govt.,Bihar,Siwan,Sewan,Indian Oil Retail Outlet At:Mairwa P.S:Mairwa,26.223418,84.162864,LEV AC Charge point,3.3,3.3,1
IOCL,Govt.,Bihar,Madhubani,Madhubani,Indian Oil Retail Outlet At:Mangrauni P.S:Rajnagarmadhubani,26.361668,86.098478,LEV AC Charge point,3.3,3.3,1
IOCL,Govt.,Bihar,Pashchim Champaran,West Champaran,Indian Oil Retail Outlet At:Manguraha P.S:Ramnagar,27.082854,84.347845,LEV AC Charge point,3.3,3.3,1
IOCL,Govt.,Bihar,Saran,Saran,Indian Oil Retail Outlet At:Methepur P.S:Garkha,25.82606,84.88348,LEV AC Charge point,3.3,3.3,1
IOCL,Govt.,Bihar,Purbi Champaran,East Champaran,Indian Oil Retail Outlet At:Murarpur P.S:Harsiddhi,26.598753,84.781813,LEV AC Charge point,3.3,3.3,1
IOCL,Govt.,Bihar,Muzaffarpur,Muzaffarpur,Indian Oil Retail Outlet At:Nankarp.O:Patsar Thana:Piarblock:Bandra,26.03575,85.673189,LEV AC Charge point,3.3,3.3,1
IOCL,Govt.,Bihar,Madhubani,Madhubani,Indian Oil Retail Outlet At:Navtoli P.S:Laukhi,26.35317,86.546977,LEV AC Charge point,3.3,3.3,1
IOCL,Govt.,Bihar,Sitamarhi,Sitamarhi,Indian Oil Retail Outlet At:Paraspattips:Dumra Dist:Sitamarhi,26.546611,85.529415,LEV AC Charge point,3.3,3.3,1
IOCL,Govt.,Bihar,Siwan,Sewan,Indian Oil Retail Outlet At:Parauli P.S:Parauli,26.229783,84.709106,LEV AC Charge point,3.3,3.3,1
IOCL,Govt.,Bihar,Muzaffarpur,Muzaffarpur,Indian Oil Retail Outlet At:Pratapatti Po:Karnaulps:Sahebg Muzaffarpur,26.300113,84.940397,LEV AC Charge point,3.3,3.3,1
IOCL,Govt.,Bihar,Muzaffarpur,Muzaffarpur,Indian Oil Retail Outlet At:Puraina P.S+P.O:Minapur,26.29164,85.34795,LEV AC Charge point,3.3,3.3,1
IOCL,Govt.,Bihar,Sitamarhi,Sitamarhi,Indian Oil Retail Outlet At:Sahiyara P.S:Sahiyara,26.717507,85.479581,LEV AC Charge point,3.3,3.3,1
IOCL,Govt.,Bihar,Madhubani,Madhubani,Indian Oil Retail Outlet At:Sapta P.S:Rahika,26.36042,86.04398,Bharat AC-001,10.0,3.3,1
IOCL,Govt.,Bihar,Purbi Champaran,East Champaran,Indian Oil Retail Outlet At:Shambhu Chak P.S:Kalyanpur,26.414128,84.919649,LEV AC Charge point,3.3,3.3,1
IOCL,Govt.,Bihar,Purbi Champaran,East Champaran,Indian Oil Retail Outlet At:Turkauliya P.S:Turkauliya,26.60527,84.840908,LEV AC Charge point,3.3,3.3,1
IOCL,Govt.,Bihar,Muzaffarpur,Muzaffarpur,Indian Oil Retail Outlet At:Turki P.S:Kurhani,26.035007,85.341232,LEV AC Charge point,3.3,3.3,1
IOCL,Govt.,Bihar,Sitamarhi,Sitamarhi,Indian Oil Retail Outlet At:Ukhra P.O:Bhaurgarhp.S:Nanpur,26.349338,85.62958,LEV AC Charge point,3.3,3.3,1
IOCL,Govt.,Bihar,Patna,Patna,Indian Oil Retail Outlet At-Bhaluaanchal-Masaurhi Dist-Patna,25.386928,85.060573,LEV AC Charge point,3.3,3.3,1
IOCL,Govt.,Bihar,Patna,Patna,Indian Oil Retail Outlet At-Chanakianchal-Dhanarua Dist-Patna,28.0,85.082153,LEV AC Charge point,3.3,3.3,1
IOCL,Govt.,Bihar,Kaimur (Bhabua),Kaimur,Indian Oil Retail Outlet At-Chechariyamohania Dist-Kaimur,25.19064,83.630085,LEV AC Charge point,3.3,3.3,1
IOCL,Govt.,Bihar,Patna,Patna,Indian Oil Retail Outlet At-Chintamanchakmokama Distt-Patna,25.395079,85.927072,Type-II AC,7.4,7.4,1
IOCL,Govt.,Bihar,Aurangabad,Aurangabad,Indian Oil Retail Outlet At-Dhanibarerkaps-Amba Dist-Aurangabad,24.737637,84.402736,LEV AC Charge point,3.3,3.3,1
IOCL,Govt.,Bihar,Gaya,Gaya,Indian Oil Retail Outlet At-Eruanchal-Awazirganj Dist-Gaya,24.795676,85.198728,LEV AC Charge point,3.3,3.3,1
IOCL,Govt.,Bihar,Vaishali,Vaishali,Indian Oil Retail Outlet At-Ghodiya Chamananchal-Bhagwanpu Dist-Vaishali Bihar,25.905208,85.290353,LEV AC Charge point,3.3,3.3,1
IOCL,Govt.,Bihar,Patna,Patna,Indian Oil Retail Outlet At-Ghoswarion Nh-30Bakhtiyarpur Dist-Patna,25.45572,85.49638,LEV AC Charge point,3.3,3.3,1
IOCL,Govt.,Bihar,Nalanda,Nalanda,Indian Oil Retail Outlet At-Jahanaanchal-Bind Dist-Nalandabihar,25.300731,85.704633,LEV AC Charge point,3.3,3.3,1
IOCL,Govt.,Bihar,Patna,Patna,Indian Oil Retail Outlet At-Jamalpuron Nh-83Anchal-Masaurh Dist-Patna,25.310589,85.027596,LEV AC Charge point,3.3,3.3,1
IOCL,Govt.,Bihar,Nalanda,Nalanda,Indian Oil Retail Outlet At-Jamunapuranchal-Noorsarai Dist-Nalanda,25.249189,85.476751,LEV AC Charge point,3.3,3.3,1
IOCL,Govt.,Bihar,Rohtas,Rohtas,Indian Oil Retail Outlet At-Jonhi Anchal-Bikramganj Dist-Rohtasbihar,25.182342,84.285142,LEV AC Charge point,3.3,3.3,1
IOCL,Govt.,Bihar,Rohtas,Rohtas,Indian Oil Retail Outlet At-Karwandiyaanchal-Sasaram Dist-Rohtas,24.956094,84.09667,LEV AC Charge point,3.3,3.3,1
IOCL,Govt.,Bihar,Kaimur (Bhabua),Kaimur,Indian Oil Retail Outlet At-Kewadhiblcok-Kudra Dist-Kaimur,25.08378,83.78982,LEV AC Charge point,3.3,3.3,1
IOCL,Govt.,Bihar,Rohtas,Rohtas,Indian Oil Retail Outlet At-Khaira Bhudharbikramganj Distt-Rohtas,25.232651,84.169465,LEV AC Charge point,3.3,3.3,1
IOCL,Govt.,Bihar,Aurangabad,Aurangabad,Indian Oil Retail Outlet At-Khairabind Anchal-Aurangabad Dist-Aurangabad,24.797023,84.347136,CCS-II,30.0,30,1
IOCL,Govt.,Bihar,Patna,Patna,Indian Oil Retail Outlet At-Lalganj Sehrapaliganj Disst-Patna,25.312893,84.835797,LEV AC Charge point,3.3,3.3,1
IOCL,Govt.,Bihar,Vaishali,Vaishali,Indian Oil Retail Outlet At-Mahnarpo+Ps-Mahnar Distt : Vaishalibihar,25.6104,85.479,LEV AC Charge point,3.3,3.3,1
IOCL,Govt.,Bihar,Nawada,Nawada,Indian Oil Retail Outlet At-Makhar Anchal- Akbarpur Dist-Nawada,24.796778,24.796778,Type-II AC,7.4,7.4,1
IOCL,Govt.,Bihar,Nalanda,Nalanda,Indian Oil Retail Outlet At-Mushahri On Nh-82 Anchal-Sarme Dist-Nalanda,25.282713,85.828178,Type-II AC,7.4,7.4,1
IOCL,Govt.,Bihar,Patna,Patna,Indian Oil Retail Outlet At-Nohsaanchal-Phulwari Sharif Dist-Patna,25.573599,85.058156,Type-II AC,7.4,7.4,1
IOCL,Govt.,Bihar,Nalanda,Nalanda,Indian Oil Retail Outlet At-Parasi Anchal-Noorsarai Dist-Nalanda Bihar,25.281923,85.506083,LEV AC Charge point,3.3,3.3,1
IOCL,Govt.,Bihar,Nawada,Nawada,Indian Oil Retail Outlet At-Rampur Anchal-Pakribarawan Dist-Nawada,24.937639,24.937639,Type-II AC,7.4,7.4,1
IOCL,Govt.,Bihar,Buxar,Buxar,Indian Oil Retail Outlet At-Rampurblock-Chausa Distt-Buxar,25.395643,83.803698,LEV AC Charge point,3.3,3.3,1
IOCL,Govt.,Bihar,Buxar,Buxar,Indian Oil Retail Outlet At-Shivpur Diyar Nawbarar Anchal-Chakkidist-Buxar,25.641136,84.199777,LEV AC Charge point,3.3,3.3,1
IOCL,Govt.,Bihar,Jehanabad,Jahanabad,Indian Oil Retail Outlet At-Surajpurpo+Ps-Hulasganj Distt-Jehanabad,25.078553,85.146986,LEV AC Charge point,3.3,3.3,1
IOCL,Govt.,Bihar,Saran,Saran,Indian Oil Retail Outlet Lauwa Khurd Ps-Janta Bazar,26.014207,84.648199,Type-II AC,7.4,7.4,1
IOCL,Govt.,Bihar,Gopalganj,Gopalganj,Indian Oil Retail Outlet Mauza:Gamharitaluka:Baikunthpur Dist:Gopalganj,26.240414,84.787483,Type-II AC,7.4,7.4,1
IOCL,Govt.,Bihar,Saran,Saran,Indian Oil Retail Outlet Mauza:Kishunpur Sasna Lahladpur Saran,26.049909,84.665771,LEV AC Charge point,3.3,3.3,1
IOCL,Govt.,Bihar,Pashchim Champaran,West Champaran,Indian Oil Retail Outlet Mauza:Lohiaria Dist:West Champaran,26.869465,84.558334,LEV AC Charge point,3.3,3.3,1
IOCL,Govt.,Bihar,Saran,Saran,Indian Oil Retail Outlet Mauza:Maricha & Chhapiya Block-Baniyapur,26.019368,84.762183,LEV AC Charge point,3.3,3.3,1
IOCL,Govt.,Bihar,Madhubani,Madhubani,Indian Oil Retail Outlet Mauza:Nahas Rupaulianchal+Ps:Bisfi Dist:Madhubani,26.361218,85.927841,LEV AC Charge point,3.3,3.3,1
IOCL,Govt.,Bihar,Darbhanga,Darbhanga,Indian Oil Retail Outlet Mauza:Poariaps:Bishunpur Anchal:Hanumannagardist:Darbhanga.,26.061087,85.812509,LEV AC Charge point,3.3,3.3,1
IOCL,Govt.,Bihar,Darbhanga,Darbhanga,Indian Oil Retail Outlet Mauza:Radhiyananchal:Benipur Ps:Baheradist:Darbhanga,26.09945,86.063004,LEV AC Charge point,3.3,3.3,1
IOCL,Govt.,Bihar,Muzaffarpur,Muzaffarpur,Indian Oil Retail Outlet Mauza-Abdulpur Thana-Sakra Anchal-Muraul Dist-Muzaffarpur,25.999218,85.614188,LEV AC Charge point,3.3,3.3,1
IOCL,Govt.,Bihar,Muzaffarpur,Muzaffarpur,Indian Oil Retail Outlet Panapur Minapur Muzaffarpur,26.245695,85.233486,LEV AC Charge point,3.3,3.3,1
IOCL,Govt.,Bihar,Darbhanga,Darbhanga,Indian Oil Retail Outlet Vill : Birdipur Po: Arai Birdipur Via: Kansi Simri Dist: Darbhanga,26.136244,85.760075,LEV AC Charge point,3.3,3.3,1
IOCL,Govt.,Bihar,Pashchim Champaran,West Champaran,Indian Oil Retail Outlet Vill:Belwa Po+Ps:Lauriya West Champaran,27.002413,84.413003,LEV AC Charge point,3.3,3.3,1
IOCL,Govt.,Bihar,Siwan,Sewan,Indian Oil Retail Outlet Vill:Habibnagar Block: Hussainganj Dist-Siwan,26.184617,84.317444,Type-II AC,7.4,7.4,1
IOCL,Govt.,Bihar,Pashchim Champaran,West Champaran,Indian Oil Retail Outlet Vill:Rudalpur Paterwaanchal:Yogapa Ps:Yogapattidist:West Champaran.,26.874342,84.397418,LEV AC Charge point,3.3,3.3,1
IOCL,Govt.,Bihar,Saran,Saran,Indian Oil Retail Outlet Vill:Shohaishahpurblock:Baniyapur District:Saran,25.9758,84.6559,LEV AC Charge point,3.3,3.3,1
IOCL,Govt.,Bihar,Darbhanga,Darbhanga,Indian Oil Retail Outlet Vill+Po: Barra Ps:Kusheshwar Astha Dist: Darbhanga,25.787414,86.247184,Type-II AC,7.4,7.4,1
IOCL,Govt.,Bihar,Darbhanga,Darbhanga,Indian Oil Retail Outlet Village:Atterbeltaluka:Sighwara Thana:Sighwaradist:Darbhanga,26.166404,85.743364,LEV AC Charge point,3.3,3.3,1
IOCL,Govt.,Bihar,Darbhanga,Darbhanga,Indian Oil Retail Outlet Village:Godhaila Po:Patrory Basant Dist:Darbhanga,26.062101,85.799928,Type-II AC,7.4,7.4,1
IOCL,Govt.,Bihar,Saran,Saran,Indian Oil Retial Outlet At:Bajid Bhoraha P.S:Marhowrah,25.926853,84.818426,LEV AC Charge point,3.3,3.3,1
IOCL,Govt.,Bihar,Muzaffarpur,Muzaffarpur,Indian Oil Retial Outlet At:Basantpur Patti P.S:Saraiyaa,26.006135,85.073678,LEV AC Charge point,3.3,3.3,1
IOCL,Govt.,Bihar,Siwan,Sewan,Indian Oil Retial Outlet At:Bindusar Bujurg(Madhav Naga P.S:Mahadeva Opsiwan,26.238685,84.367074,Type-II AC,7.4,7.4,1
IOCL,Govt.,Bihar,Muzaffarpur,Muzaffarpur,Indian Oil Retial Outlet At:Fatehpur P.S:Ahiyapur,26.162106,85.40952,LEV AC Charge point,3.3,3.3,1
IOCL,Govt.,Bihar,Muzaffarpur,Muzaffarpur,Indian Oil Retial Outlet At:Kanti P.S:Kanti,26.228835,85.260493,LEV AC Charge point,3.3,3.3,1
IOCL,Govt.,Bihar,Purbi Champaran,East Champaran,Indian Oil Retial Outlet At:Katgenwa P.S+Block:Ramgarhwa,26.806667,84.759722,LEV AC Charge point,3.3,3.3,1
IOCL,Govt.,Bihar,Muzaffarpur,Muzaffarpur,Indian Oil Retial Outlet At:Kolhua Paigambarpur P.S:Ahiyapurblock:Kanti,26.16905,85.3601,Type-II AC,7.4,7.4,1
IOCL,Govt.,Bihar,Darbhanga,Darbhanga,Indian Oil Retial Outlet At:Narottampur P.S:Manigachiblock:Manigachi,26.202066,86.069064,LEV AC Charge point,3.3,3.3,1
IOCL,Govt.,Bihar,Sitamarhi,Sitamarhi,Indian Oil Retial Outlet At:Punaura P.S:Punaurablock:Dumra,26.572266,85.457054,LEV AC Charge point,3.3,3.3,1
IOCL,Govt.,Bihar,Purbi Champaran,East Champaran,Indian Oil Retial Outlet At:Rajpur P.S:Keshariya,26.377935,84.899151,LEV AC Charge point,3.3,3.3,1
IOCL,Govt.,Bihar,Gopalganj,Gopalganj,Indian Oil Retial Outlet At:Singha P.S:Mirganj,26.3617,84.27628,LEV AC Charge point,3.3,3.3,1
IOCL,Govt.,Bihar,Sitamarhi,Sitamarhi,Indian Oil Retial Outlet At:Surgahiya Thana:Parihar,26.661279,85.655862,LEV AC Charge point,3.3,3.3,1
IOCL,Govt.,Bihar,Purbi Champaran,East Champaran,Indianoil Petrol Pump Mouza:Rampur Kodar P.S+Block:Kesariya,26.312949,84.844843,LEV AC Charge point,3.3,3.3,1
IOCL,Govt.,Bihar,Samastipur,Samastipur,Jiwachh Jee Petroleum At+Po-Samastipur Block-Jitwarpur Dist.-Samastipur Bihar,25.862953,85.790198,Type-II AC,7.4,7.4,1
IOCL,Govt.,Bihar,Purnia,Purnia,Jiya Fuel Centre Vill.-Sirsiya Near Borneshwar Temp Ps-B. Kothi Dist-Purnea Bihar,25.73134,87.06712,LEV AC Charge point,3.3,3.3,1
IOCL,Govt.,Bihar,Samastipur,Samastipur,Kasbe Ahar At+Po - Kasbe Ahar Block+Ps - Tajpur,25.836876,85.659677,LEV AC Charge point,3.3,3.3,1
IOCL,Govt.,Bihar,Muzaffarpur,Muzaffarpur,Khabra Muzaffarpur Muzaffarpur,26.089822,85.370864,LEV AC Charge point,3.3,3.3,1
IOCL,Govt.,Bihar,Khagaria,Khagaria,Khata No 9 Khasra No 372 Mauza- Balaitha  Block - Beldaur District - Khagaria,25.536386,86.752186,LEV AC Charge point,3.3,3.3,1
IOCL,Govt.,Bihar,Kishanganj,Kishanganj,Khesra No 1945(P)  Khata No 264 Mauza- Damalbari Taluka-Pothia District - Kishanganj,26.201736,88.049407,LEV AC Charge point,3.3,3.3,1
IOCL,Govt.,Bihar,Purnia,Purnia,Khesra No. 869 2011 Khata No 129 Mauza Champawati Ps - Sarsi Dist-Purnea  Bihar - 854206,25.8178,87.28662,LEV AC Charge point,3.3,3.3,1
IOCL,Govt.,Bihar,Purnia,Purnia,Khesra No.18561857 Khata No.278 Mauza- Bairgachi Ps-Baisi Block-Baisi Dist-Purnea,25.786257,87.822858,LEV AC Charge point,3.3,3.3,1
IOCL,Govt.,Bihar,Supaul,Supaul,Kishanpur Block-Kishanpur Dist-Supaul,26.118064,86.598395,Bharat AC-001,10.0,3.3,1
IOCL,Govt.,Bihar,Purnia,Purnia,Maa Amla Fuel Centre Khesra No 705706 Khata No 300 Mauza-Mali Dhamdaha Dist- Purnea,25.634955,87.245375,LEV AC Charge point,3.3,3.3,1
IOCL,Govt.,Bihar,Katihar,Katihar,Madhukar Metal Fuels Mouza-Kumhari Kadwa Anchal Dist.-Katihar Bihar,25.667258,87.702875,LEV AC Charge point,3.3,3.3,1
IOCL,Govt.,Bihar,Katihar,Katihar,Magheli Falka Dist-Katihar,25.657025,87.360444,LEV AC Charge point,3.3,3.3,1
IOCL,Govt.,Bihar,Samastipur,Samastipur,Mahalaxmi Petroleum At/Po- Hasanpur Ps - Khanpur Block-Khanpur Samastipur,25.833229,85.98175,Type-II AC,7.4,7.4,1
IOCL,Govt.,Bihar,Purnia,Purnia,Makhanpur Amour Dist-Purnea,25.940688,87.712804,LEV AC Charge point,3.3,3.3,1
IOCL,Govt.,Bihar,Gaya,Gaya,Mauza- Karpi Block- Khizarsarai Distt - Gaya,25.04784,85.135268,LEV AC Charge point,3.3,3.3,1
IOCL,Govt.,Bihar,Aurangabad,Aurangabad,Mauza- Khajuri Taluka-Barun District- Aurangabad,24.85443,84.19922,LEV AC Charge point,3.3,3.3,1
IOCL,Govt.,Bihar,Arwal,Arwal,Mauza- Pariyari Taluka-Arwal Dist-Arwal,25.219578,84.798444,LEV AC Charge point,3.3,3.3,1
IOCL,Govt.,Bihar,Patna,Patna,Mauza- Saidabad Taluka-Bikram Dist-Patna,25.4225,84.7996,LEV AC Charge point,3.3,3.3,1
IOCL,Govt.,Bihar,Aurangabad,Aurangabad,Mauza-Akaunitaluka-Rafiganj (On Sh Dist-Aurangabad Bihar,24.916971,84.536542,LEV AC Charge point,3.3,3.3,1
IOCL,Govt.,Bihar,Purnia,Purnia,Mauza-Bathna Jalalgarh Dist-Purnea,25.966738,87.485771,LEV AC Charge point,3.3,3.3,1
IOCL,Govt.,Bihar,Aurangabad,Aurangabad,Mauza-Chatra Block-Aurangabad Dsitrict-Aurangabad,24.737222,84.345106,LEV AC Charge point,3.3,3.3,1
IOCL,Govt.,Bihar,Supaul,Supaul,Mauza-Dharhara Raghopur Dist-Supaul,26.30343,86.83954,LEV AC Charge point,3.3,3.3,1
IOCL,Govt.,Bihar,Araria,Araria,Mauza-Kanhaili Block-Narpatganj Dist-Araria,26.269661,87.168617,LEV AC Charge point,3.3,3.3,1
IOCL,Govt.,Bihar,Madhepura,Madhepura,Mauza-Laxmipur Sarauni Kala Road Dist-Madhepura,25.75538,86.93703,LEV AC Charge point,3.3,3.3,1
IOCL,Govt.,Bihar,Banka,Banka,Mauza-Madhay Rajaun Dist-Banka,25.080299,86.992592,LEV AC Charge point,3.3,3.3,1
IOCL,Govt.,Bihar,Samastipur,Samastipur,Mauza-Mathurapur Dalsinghsarai Dist-Samastipur,25.67,85.85,LEV AC Charge point,3.3,3.3,1
IOCL,Govt.,Bihar,Nawada,Nawada,Mauza-Phaldutaluka-Nardiganj Dist-Nawada Bihar,24.9711,85.40731,LEV AC Charge point,3.3,3.3,1
IOCL,Govt.,Bihar,Araria,Araria,Mauza-Raniganj On Nh-327E Bet Reshamlal Chowk & Raniganj Dist-Araria,26.079673,87.201832,LEV AC Charge point,3.3,3.3,1
IOCL,Govt.,Bihar,Purnia,Purnia,Mauza-Rupauli South Banmankhi Dist-Purnea,25.863469,87.061388,LEV AC Charge point,3.3,3.3,1
IOCL,Govt.,Bihar,Gaya,Gaya,Mauza-Sagahi Taluka-Gurua Dist-Gaya,24.626203,84.841135,LEV AC Charge point,3.3,3.3,1
IOCL,Govt.,Bihar,Gaya,Gaya,Mauza-Silaunja Taluka-Bodhgaya Dist-Bodhgaya,24.683808,85.017688,LEV AC Charge point,3.3,3.3,1
IOCL,Govt.,Bihar,Munger,Munger,Near I.D.Public School Dularpur Po- Haveli Kharagpur Dist-Munger,25.133592,86.573046,LEV AC Charge point,3.3,3.3,1
IOCL,Govt.,Bihar,Katihar,Katihar,Palsa At Po- Palsa Ps- Azamnagar Block-Azamnagar Dist. - Katihar B,25.485093,87.782995,LEV AC Charge point,3.3,3.3,1
IOCL,Govt.,Bihar,Araria,Araria,Pema Dhakya Road Vill-Dhakyapo-Paik Toal Ps+Dist-Araria,26.038414,87.463368,LEV AC Charge point,3.3,3.3,1
IOCL,Govt.,Bihar,Purnia,Purnia,Plot No.322 And 330 Khata No 73 Mauza- Madhopada Ps-K.Hat Block-Purnea East,25.764783,87.496565,Type-II AC,7.4,7.4,1
IOCL,Govt.,Bihar,Katihar,Katihar,Plot No.413403 Khata No 54 Po-Mansahi Mauza-Mansahi Dist-Katihar,25.472896,87.56733,LEV AC Charge point,3.3,3.3,1
IOCL,Govt.,Bihar,Begusarai,Begusarai,R.B.S. Fuel Centre Vill.-Amari  Bardaha Po - Amari Ps - Chhaurahi Dist.-Begusarai Bi,25.702646,86.089705,LEV AC Charge point,3.3,3.3,1
IOCL,Govt.,Bihar,Purnia,Purnia,Ratna Fuel Centre At-Tikapatti Po+Ps- Tikapatti Taluka-Purnea  Dist- Purnea,25.513924,87.220125,Type-II AC,7.4,7.4,1
IOCL,Govt.,Bihar,Samastipur,Samastipur,Raunak Petrolium At +Po- Kharsand East Block+Ps- Kalyanpur Dist-Samastipu,26.018507,85.850899,LEV AC Charge point,3.3,3.3,1
IOCL,Govt.,Bihar,Samastipur,Samastipur,"Ritu Raj Petroleum At+Po - Sonupur Block- Rosera District- Samastipur Bihar
- 84821",25.804519,86.022121,LEV AC Charge point,3.3,3.3,1
IOCL,Govt.,Bihar,Khagaria,Khagaria,Rohiama (Pansalba)P.S. Belda Dist. Khagaria Bihar,25.570993,86.742518,CCS-II,30.0,30,1
IOCL,Govt.,Bihar,Kishanganj,Kishanganj,Sabera Fuel Centre Village- Tupamaari Po - Kashibarih Ps+Block-Kochadhaman Dist- Kishan,26.163512,87.838669,LEV AC Charge point,3.3,3.3,1
IOCL,Govt.,Bihar,Kishanganj,Kishanganj,Sahuji Fuel Centre At-Hospital Road Tappu Ps+Dighalbank Dist.-Kishanganj,26.385577,87.842417,LEV AC Charge point,3.3,3.3,1
IOCL,Govt.,Bihar,Purnia,Purnia,Saimun Fuel Centre Vill.-Dalmalpur Block-Amour Khesra No.-159110631064 Dist.-Pu,26.052144,87.657859,LEV AC Charge point,3.3,3.3,1
IOCL,Govt.,Bihar,Munger,Munger,Sajua On Sh-22 Dist-Jamui,25.163265,86.697269,Bharat AC-001,10.0,3.3,1
IOCL,Govt.,Bihar,Purnia,Purnia,Sarochia Nh-57 Dist-Purnea,25.904656,87.540412,LEV AC Charge point,3.3,3.3,1
IOCL,Govt.,Bihar,Lakhisarai,Luckeesarai,Shanti Fuel Centre Village- Chandanpura Nh-80 Po- Ma Ps-Surajgarha Dist-Lakhisarai,25.184466,86.158724,LEV AC Charge point,3.3,3.3,1
IOCL,Govt.,Bihar,Begusarai,Begusarai,Shiv Shakti Fuels At- Shakarpura Ps+Block- Bakhri Dist- Begusarai  Bihar,25.606785,86.269366,LEV AC Charge point,3.3,3.3,1
IOCL,Govt.,Bihar,Samastipur,Samastipur,Sormar Po-Jagdish Paran Ps-Chakmehsi Block-Kalyanpur Dist-Samastipur,26.015186,85.751038,LEV AC Charge point,3.3,3.3,1
IOCL,Govt.,Bihar,Madhepura,Madhepura,Sukhasan Madhepura Dist-Madhepura,25.67949,86.79909,LEV AC Charge point,3.3,3.3,1
IOCL,Govt.,Bihar,Supaul,Supaul,Sukhpur Ward No.12 Dist-Supaul,26.057033,86.537902,LEV AC Charge point,3.3,3.3,1
IOCL,Govt.,Bihar,Begusarai,Begusarai,Vandwar Begusarai Dist-Begusarai,25.5,86.5,LEV AC Charge point,3.3,3.3,1
IOCL,Govt.,Bihar,Samastipur,Samastipur,Vidyapati Krishna Fuel Centre At+ Po - Mirjapur Ps & Block- Vidy Patinagr Samastipur Bihar,25.613695,85.806854,LEV AC Charge point,3.3,3.3,1
IOCL,Govt.,Bihar,Kishanganj,Kishanganj,Vill.-Dhanpura Po-Kanhaiyabari Hat Ps-Kochadhaman Dist.-Kishanganj Bihar,26.186785,87.904621,LEV AC Charge point,3.3,3.3,1
IOCL,Govt.,Bihar,Samastipur,Samastipur,Vill+Po-Aroutjahagirpur Uttar Via-Rosera Dist-Samastipur,25.806993,85.999294,LEV AC Charge point,3.3,3.3,1
IOCL,Govt.,Bihar,Madhepura,Madhepura,Vill+Po-Lauwalagan Ps-Chausa Dist-Madhepura,25.52762,87.03327,LEV AC Charge point,3.3,3.3,1
IOCL,Govt.,Bihar,Madhepura,Madhepura,Vill+Po-Rajni Ps-Murliganj Dist-Madhepura,25.84879,86.9825,LEV AC Charge point,3.3,3.3,1
IOCL,Govt.,Bihar,Bhagalpur,Bhagalpur,Vill+Po-Tetri Naugachhia Dist-Bhagalpur,25.372552,87.063239,LEV AC Charge point,3.3,3.3,1
IOCL,Govt.,Bihar,Khagaria,Khagaria,Village + Po- Alauli  Ps - Alauli Near Alauli Thana Dist- Khagaria  Bihar - 848203,25.63685,86.400721,LEV AC Charge point,3.3,3.3,1
IOCL,Govt.,Bihar,Supaul,Supaul,Village-Abhuar Po-Abhuar Ps-Kishanpur Dist-Supaul,26.20966,86.70716,LEV AC Charge point,3.3,3.3,1
IOCL,Govt.,Bihar,Begusarai,Begusarai,Village-Balha Po-Katarmala  Ps- Dandari Dist- Begusarai,25.510915,86.264901,LEV AC Charge point,3.3,3.3,1
IOCL,Govt.,Bihar,Supaul,Supaul,Village-Gonha Block-Triveniganj Dist-Supaul,26.224145,86.918158,LEV AC Charge point,3.3,3.3,1
IOCL,Govt.,Bihar,Banka,Banka,Village-Jagatpur(Banka Town) Po-Banka Dist-Bank,24.864402,86.915134,LEV AC Charge point,3.3,3.3,1
IOCL,Govt.,Bihar,Kishanganj,Kishanganj,Village-Keshorejhara Po-Raepurps-Paharkatta Dist-Kishanganj,26.42713,88.12984,LEV AC Charge point,3.3,3.3,1
IOCL,Govt.,Bihar,Begusarai,Begusarai,Vill-Asurari Barauni Zero Mile Dist-Begusarai,25.448346,86.023678,LEV AC Charge point,3.3,3.3,1
IOCL,Govt.,Bihar,Samastipur,Samastipur,Vill-Basantpur Karkh Po-Sakhmohakps+Bl-Vibhutipur Dist-Samastipur,25.74852,85.9905,LEV AC Charge point,3.3,3.3,1
IOCL,Govt.,Bihar,Madhepura,Madhepura,Vill-Bishanpur Ps-Alamnagar Dist-Madhepura,16.4,28.3,LEV AC Charge point,3.3,3.3,1
IOCL,Govt.,Bihar,Samastipur,Samastipur,Vill-Bithan Po+Ps-Bithan Dist-Samastipur,25.695406,86.290771,LEV AC Charge point,3.3,3.3,1
IOCL,Govt.,Bihar,Madhepura,Madhepura,Vill-Chandsara Po-Basanbaraps-Alamnagar Dist-Madhepura,25.610781,86.857857,LEV AC Charge point,3.3,3.3,1
IOCL,Govt.,Bihar,Bhagalpur,Bhagalpur,Vill-Kohrapo-Mirjanhat Ps-Lodipur Dist-Bhagalpur,25.221883,87.00164,LEV AC Charge point,3.3,3.3,1
IOCL,Govt.,Bihar,Araria,Araria,Vill-Majhuwash-77 Ps-Raniganj Dist-Araria,26.01741,87.25852,LEV AC Charge point,3.3,3.3,1
IOCL,Govt.,Bihar,Purnia,Purnia,Vill-Pipra Block-Banmankhi Dist-Purnea,25.941378,87.138916,LEV AC Charge point,3.3,3.3,1
IOCL,Govt.,Bihar,Samastipur,Samastipur,Warisnagar Satlampur Dist-Samastipur,25.897565,85.869149,LEV AC Charge point,3.3,3.3,1
IOCL,Govt.,Bihar,Madhepura,Madhepura,Yashwant Amrit Fuel Centre Vill-Navtol Po-Parwa Navtol Ps-Muraliganjdist-Madhepura,25.903787,86.91423,LEV AC Charge point,3.3,3.3,1
OLA,Private,Bihar,Patna,Patna,"Fraser Roadpatna,Bihar",25.60994,85.13621,LEV DC Charge Point (IS-17017-2-6),7.0,7,1
REIL,Govt.,Bihar,Bhagalpur,Bhagalpur,Shivam Aryan Fuel Services,25.221883,87.00164,Bharat DC-001,15.0,15,1
Tata Power,Private,Bihar,Nalanda,Nalanda,"Ananya Auto Agency, Nh 80 - Biharsharif, No 17, Chowk, Nh 80, Patna - Bakhtiyarpur Rd, Biharsharif.. Dist- Nalanda Bihar 803118",25.225804,85.503062,CCS-II,25.0,25,1
Tata Power,Private,Bihar,Patna,Patna,"Ginger Patna, 264, Fraser Rd, Old Jakkanpur, Fraser Road Area, Patna, Bihar 800001",25.61019,85.138099,CCS-II,30.0,30,1
Tata Power,Private,Bihar,Patna,Patna,"Ginger Patna, 264, Fraser Rd, Old Jakkanpur, Fraser Road Area, Patna, Bihar 800001",25.61019,85.138099,Type-II AC,7.4,7.4,1
Tata Power,Private,Bihar,Muzaffarpur,Muzaffarpur,"Ideal Dealers Pv Pvt Ltd, Showroom & Workshop, Vill: Sakri Saraiya, P:S: Kudhni, Muzaffrpur, Bihar-844127",26.053785,85.3585,CCS-II,30.0,30,1
Tata Power,Private,Bihar,Gaya,Gaya,"Kusumnath Automobiles, Nh 83 Gaya-Bodhgaya Rd,  Ground Floor, Old Nh
83, Gaya - Bodhgaya Rd, Near Tekna Farm, Ghughari Tand, Gaya, Bihar 823004",24.731849,84.966617,CCS-II,25.0,25,1
Tata Power,Private,Bihar,Patna,Patna,"Panache Inn, Amahara, Panache Inn Plot No. 2125, Near Iit Patna, Amahara, Bihta, Patna, Bihar 801103",25.53885,84.858973,CCS-II,30.0,30,1
Tata Power,Private,Bihar,Patna,Patna,"Panache Inn, Amahara, Panache Inn Plot No. 2125, Near Iit Patna, Amahara, Bihta, Patna, Bihar 801103",25.53885,84.858973,Type-II AC,7.4,7.4,1
Tata Power,Private,Bihar,Gaya,Gaya,"Sara Automobile, Dobhi, Sara Automobile Pvt Ltd, Eicher Agency,Nh−2  Opp:
Punjab National Bank, Suramandal Near Check Post, Dobhi,  Gaya  Pin − 824201",24.525355,84.932182,Combo (CCS-II+CHAdeMO),25.0,25,2
Tata Power,Private,Bihar,Patna,Patna,"Shankar Motors, Patliputra Industrial Area, Shankar Motors Patna, C1,
Behind P & M Mall, Patliputra Industrial Area, Patliputra Colony, Patna, Bihar 800013",25.634199,85.105514,Combo (CCS-II+CHAdeMO),25.0,25,2
Tata Power,Private,Bihar,Bhagalpur,Bhagalpur,"Shankar Motors, Prem Nagar, Ground Floor, Sabour Rd, Near Engineering College, Prem Nagar, Bhagalpur, Bihar 812002",25.252209,87.045029,CCS-II,30.0,30,1
Tata Power,Private,Bihar,Patna,Danapur,"The Panache Banquets, Danapur Khagoul Road, The Panache Banquets,
Danapur Khagoul Road, Near Saguna More, Opp. Samay Hospital Danapur, Patna Bihar- 801503",25.618745,85.041432,CCS-II,30.0,30,1
Tata Power,Private,Bihar,Patna,Danapur,"The Panache Banquets, Danapur Khagoul Road, The Panache Banquets,
Danapur Khagoul Road, Near Saguna More, Opp. Samay Hospital Danapur, Patna Bihar- 801503",25.618745,85.041432,Type-II AC,7.4,7.4,1
Tata Power,Private,Bihar,Patna,Patna,"The Panache, South Gandhi Maidan, The Panache, West Of Ram Gulam Chowk, South Gandhi Maidan, Patna, Bihar 800001",25.615507,85.143893,CCS-II,30.0,30,1
Tata Power,Private,Bihar,Patna,Patna,"The Panache, South Gandhi Maidan, The Panache, West Of Ram Gulam Chowk, South Gandhi Maidan, Patna, Bihar 800001",25.615507,85.143893,Type-II AC,7.4,7.4,1
BPCL,Govt.,Bihar,ROHTAS,KOCHAS,"#, #, , City=KOCHAS, District=ROHTAS SASARAM BIHAR, State=Bihar",25.213017,83.873749,Bharat AC,3.0,3,1
BPCL,Govt.,Bihar,PATNA,NABAUTPUR,"#, #, , City=NABAUTPUR, District=PATNA, State=Bihar",25.494518,84.955255,CCS,120.0,120,2
BPCL,Govt.,Bihar,ROHTAS,SASARAM,"#, #, , City=SASARAM, District=ROHTAS SASARAM BIHAR, State=Bihar",24.949955,84.015799,CCS,60.0,60,2
BPCL,Govt.,Bihar,Kishanganj,THAKURGANJ,"#, #, , City=THAKURGANJ, District=KISHENGANJ, State=Bihar",26.322442,87.904824,CCS,60.0,60,2
BPCL,Govt.,Bihar,SUPAUL,TRIVENIGANJ,"#, #, , City=TRIVENIGANJ, District=SUPAUL, State=Bihar",26.12634,86.90282,CCS,60.0,60,2
BPCL,Govt.,Bihar,NAWADA,NALANDA,"#, HISUA RAJGIR ROAD,BAGODAR, , City=NALANDA, District=NAWADA,
State=Bihar",24.829799,85.419892,Bharat AC,3.0,3,1
BPCL,Govt.,Bihar,PATNA,BAKHTIYARPUR,"#, MAUZA SABNIMA, P.S.- ATHMALGOLA, , City=BAKHTIYARPUR,
District=PATNA, State=Bihar",25.459928,85.537212,CCS,60.0,60,2
BPCL,Govt.,Bihar,KHAGARIA,KHAGARIA,"#, MOUZA PACHRASHI, BELDAUR, , City=KHAGARIA, District=KHAGARIA,
State=Bihar",25.602386,86.793078,Bharat AC,3.0,3,1
BPCL,Govt.,Bihar,AURANGABAD,SIRIS (PRITAMPUR),"A, B, , City=SIRIS (PRITAMPUR), District=AURANGABAD, BIHAR, State=Bihar",24.795773,84.313889,CCS,60.0,60,2
BPCL,Govt.,Bihar,SITAMARHI,SURSAND,"ADALPUR, SURSAND, , City=SURSAND, District=SITAMARHI, State=Bihar",26.65119,85.682753,CCS,60.0,60,2
BPCL,Govt.,Bihar,GOPALGANJ,GOPALGANJ,"ARAR, NEAR MAHABIBRI AKHARA BUS STAND, , City=GOPALGANJ,
District=GOPALGANJ,BIHAR, State=Bihar",26.458452,84.445225,Bharat AC,3.0,3,1
BPCL,Govt.,Bihar,ARWAL,ARWAL,"ARWAL TOWN, NH 110, , City=ARWAL, District=ARWAL, State=Bihar",25.1438,84.3958,Bharat AC,3.0,3,1
BPCL,Govt.,Bihar,Muzaffarpur,MUZAFFARPUR,"AT - BARIA GOLAMBER,MUZAFFARPUR, AT - BARIA GOLAMBER, MUZAFFARPUR, , City=MUZAFFARPUR, District=MUZZAFARPUR, State=Bihar",26.145736,85.360483,CCS,60.0,60,2
BPCL,Govt.,Bihar,GAYA,KUJAPI,"AT  PO  KUJAPI, PS  CHANDAUTI, , City=KUJAPI, District=GAYA, State=Bihar",24.791254,84.993153,CCS,60.0,60,2
BPCL,Govt.,Bihar,SARAN,GOVINDCHAK,"AT & PO GOBINDCHAK MORE, GOBINDCHAK MORE, , City=GOVINDCHAK,
District=SARAN, State=Bihar",25.728679,85.13092,CCS,60.0,60,2
BPCL,Govt.,Bihar,LAKHISARAI,LAKHISARAI,"AT +PO : BALGADAR, PS LAKHISARAI, , City=LAKHISARAI,
District=LAKHISARAI, State=Bihar",25.209887,86.072817,CCS,60.0,60,2
BPCL,Govt.,Bihar,SAMASTIPUR,SAMASTIPUR,"AT ALAMPUR, PO SIMRI, BLOCK VIDYAPATI NAGAR, , City=SAMASTIPUR,
District=SAMASTIPUR, State=Bihar",25.627244,85.778012,Bharat AC,3.0,3,1
BPCL,Govt.,Bihar,SAMASTIPUR,SAMASTIPUR,"AT BHAGWAANPUR KAMLA, THANA-UJIARPUR, , City=SAMASTIPUR,
District=SAMASTIPUR, State=Bihar",25.752116,85.783181,CCS,120.0,120,2
BPCL,Govt.,Bihar,JAMUI,JAMUI,"AT JAMUI TOWN, NARDIH, , City=JAMUI, District=JAMUI, State=Bihar",24.927983,86.20637,Bharat AC,3.0,3,1
BPCL,Govt.,Bihar,JAMUI,JAMUI,"AT MAHULIGARH, GIDDHAUR, , City=JAMUI, District=JAMUI, State=Bihar",24.871321,86.299051,CCS,60.0,60,2
BPCL,Govt.,Bihar,SAMASTIPUR,SAMASTIPUR,"AT MOHIUDDINNAGAR, MOHIUDDINNAGAR, , City=SAMASTIPUR,
District=SAMASTIPUR, State=Bihar",25.581604,85.679708,Bharat AC,3.0,3,1
BPCL,Govt.,Bihar,SIWAN,BASANTHPUR,"AT MURA, PO BASANTPUR, BASANTPUR, , City=BASANTHPUR,
District=SIWAN, State=Bihar",26.17748,84.638812,Bharat AC,3.0,3,1
BPCL,Govt.,Bihar,BHAGALPUR,BHAGALPUR,"AT NARAYANPUR,NH31, POST NARAYANPUR, , City=BHAGALPUR,
District=BHAGALPUR, BIHAR, State=Bihar",25.40404,86.84479,CCS,30.0,30,1
BPCL,Govt.,Bihar,PATNA,NEORA,"AT NEORA ON SIWALA BIHTA ROAD, NEORA, , City=NEORA, District=PATNA,
State=Bihar",25.581101,84.993211,CCS,60.0,60,2
BPCL,Govt.,Bihar,JAMUI,JAMUI,"AT PO VITRA, #, , City=JAMUI, District=JAMUI, State=Bihar",24.758992,86.348355,Bharat AC,3.0,3,1
BPCL,Govt.,Bihar,Purbi Champaran,MOTIHARI,"AT&PO. CHINTAMANPUR(CHAKIA), NH-28, , City=MOTIHARI,
District=CHAMPARAN-EAST, State=Bihar",26.513806,84.965125,CCS,60.0,60,2
BPCL,Govt.,Bihar,DARBHANGA,DARBHANGA,"AT-DHARAURA PO- BAHERA, AT-DHARAURA PO- BAHERA, ,
City=DARBHANGA, District=DARBHANGA, State=Bihar",26.0844,86.116904,CCS,60.0,60,2
BPCL,Govt.,Bihar,ARWAL,ARWAL,"BAIDRABAD, ON NH - 98, , City=ARWAL, District=ARWAL,BIHAR, State=Bihar",25.230061,84.648861,Bharat AC,3.0,3,1
BPCL,Govt.,Bihar,GAYA,GAYA,"BAIRIYA, BAIRIYA, , City=GAYA, District=GAYA, State=Bihar",24.491665,84.884976,CCS,60.0,60,2
BPCL,Govt.,Bihar,ROHTAS,ROHTAS,"BAKNAURA, ROHTAS, , City=ROHTAS, District=ROHTAS, State=Bihar",24.645196,83.969408,Bharat AC,3.0,3,1
BPCL,Govt.,Bihar,ROHTAS,ROHTAS,"BAKNAURA, ROHTAS, , City=ROHTAS, District=ROHTAS, State=Bihar",24.645196,83.969408,CCS,60.0,60,2
BPCL,Govt.,Bihar,Muzaffarpur,MUZAFFARPUR,"BALIA, NH-77, , City=MUZAFFARPUR, District=MUZZAFARPUR, State=Bihar",25.991366,85.375625,CCS,60.0,60,2
BPCL,Govt.,Bihar,Purbi Champaran,MOTIHARI,"BANGRA, BANGRA, , City=MOTIHARI, District=CHAMPARAN-EAST,
State=Bihar",26.460844,84.792255,CCS,60.0,60,2
BPCL,Govt.,Bihar,Purbi Champaran,EAST CHAMPARAN,"BANGRA, NH 28, DHANGARA CHOWK, , City=EAST CHAMPARAN,
District=CHAMPARAN-EAST, State=Bihar",26.382864,84.762891,CCS,60.0,60,2
BPCL,Govt.,Bihar,AURANGABAD,AURANGABAD,"BANTARA, BANTARA, , City=AURANGABAD, District=AURANGABAD,
State=Bihar",25.086254,84.664818,Bharat AC,3.0,3,1
BPCL,Govt.,Bihar,SHEIKHPURA,BARBIGHA,"BARBIGHA, BARBIGHA, , City=BARBIGHA, District=SHEIKHPURA, State=Bihar",25.211208,85.739066,CCS,60.0,60,2
BPCL,Govt.,Bihar,SIWAN,BARAHNI,"BARHANI BAZAR, BARHANI, , City=BARAHNI, District=SIWAN, State=Bihar",26.2608,84.40079,CCS,60.0,60,2
BPCL,Govt.,Bihar,ROHTAS,BIKRAMGANJ,"BASGITIYA, BIKRAMGANJ, , City=BIKRAMGANJ, District=ROHTAS, State=Bihar",25.239894,84.255347,CCS,120.0,120,2
BPCL,Govt.,Bihar,Pashchim Champaran,BETTIAH,"BASWARIYA WARD NO 29, BETTIAH TOWN, , City=BETTIAH,
District=CHAMPARAN-WEST, State=Bihar",26.785958,84.501242,Bharat AC,3.0,3,1
BPCL,Govt.,Bihar,SAMASTIPUR,SAMASTIPUR,"BELSANDITARA, BIBHUTIPUR, , City=SAMASTIPUR, District=SAMASTIPUR,
State=Bihar",25.731792,85.975914,Bharat AC,3.0,3,1
BPCL,Govt.,Bihar,Muzaffarpur,BENIBAD,"BENIBAND, BENIBAND, , City=BENIBAD, District=MUZZAFARPUR, State=Bihar",26.149593,85.701114,CCS,60.0,60,2
BPCL,Govt.,Bihar,SAHARSA,TIRI,"BETWEEN BAIJNATHPUR-MADHEPURA, SAHARSA, , City=TIRI,
District=SAHARSA, State=Bihar",25.8969,86.6775,CCS,60.0,60,2
BPCL,Govt.,Bihar,VAISHALI,BHAGWANPUR,"BHAGWANPUR, BHAGWANPUR, , City=BHAGWANPUR,
District=VAISHALI,BIHAR, State=Bihar",25.84601,85.293741,CCS,60.0,60,2
BPCL,Govt.,Bihar,AURANGABAD,AURANGABAD,"BHAKUARA MORE,DAUDNAGAR, NAVRATAN CHOWK, , City=AURANGABAD,
District=AURANGABAD, State=Bihar",25.016896,84.44375,Bharat AC,3.0,3,1
BPCL,Govt.,Bihar,AURANGABAD,AURANGABAD,"BHAKUARA MORE,DAUDNAGAR, NAVRATAN CHOWK, , City=AURANGABAD,
District=AURANGABAD, State=Bihar",25.016896,84.44375,CCS,60.0,60,2
BPCL,Govt.,Bihar,PATNA,MASAURHA,"BHERARIYA ENGLISH, ON NH 139, PO PALIGANJ, MAHABALIPUR, ,
City=MASAURHA, District=PATNA, State=Bihar",25.311873,84.723735,CCS,120.0,120,2
BPCL,Govt.,Bihar,MADHEPURA,MADHEPURA,"BIHARIGANJ, BIHARIGANJ, , City=MADHEPURA, District=MADHEPURA,
State=Bihar",25.726865,86.977717,Bharat AC,3.0,3,1
BPCL,Govt.,Bihar,BHOJPUR,BIHIYA,"BIHIA JAGDISHPUR ROAD, #, , City=BIHIYA, District=BHOJPUR, State=Bihar",25.581305,84.46038,CCS,60.0,60,2
BPCL,Govt.,Bihar,PATNA,BIHTA,"BIHTA, NH30, GOKULPUR, KORHAR, , City=BIHTA, District=PATNA,BIHAR,
State=Bihar",25.59187,84.865395,CCS,60.0,60,2
BPCL,Govt.,Bihar,PATNA,PATNA,"BIKRAM, BIKRAM, , City=PATNA, District=PATNA, State=Bihar",25.45431,84.866105,CCS,60.0,60,2
BPCL,Govt.,Bihar,SARAN,DATRAPARSAULI,"BISHUNPURA, PS PO ISUAPUR, , City=DATRAPARSAULI, District=SARAN,
State=Bihar",26.01247,84.79416,Bharat AC,3.0,3,1
BPCL,Govt.,Bihar,Kishanganj,KISHANGANJ,"BLOCK CHOWK, MOUZA SIMALBARI, , City=KISHANGANJ,
District=KISHENGANJ, State=Bihar",26.132406,87.925925,Bharat AC,3.0,3,1
BPCL,Govt.,Bihar,Kishanganj,KISHANGANJ,"BLOCK CHOWK, MOUZA SIMALBARI, , City=KISHANGANJ,
District=KISHENGANJ, State=Bihar",26.132406,87.925925,CCS,60.0,60,2
BPCL,Govt.,Bihar,PATNA,PATNA,"BORING CANAL ROAD, BHARAT PETROLEUM CORP. LIMITED, , City=PATNA,
District=PATNA,BIHAR, State=Bihar",25.619474,85.110118,CCS,60.0,60,2
BPCL,Govt.,Bihar,BANKA,BANKA,"BOUSI, SH-19, BANKA, , City=BANKA, District=BANKA, State=Bihar",24.819074,87.021746,CCS,120.0,120,2
BPCL,Govt.,Bihar,Muzaffarpur,MUZAFFARPUR,"BRAHAMPURA, BRAHAMPURA, , City=MUZAFFARPUR,
District=MUZZAFARPUR, State=Bihar",26.131987,85.366245,CCS,60.0,60,2
BPCL,Govt.,Bihar,SARAN,"CHAINPUR, MASHRAKH","CHAINPUR, CHAINPUR, , City=CHAINPUR, MASHRAKH, District=SARAN,
State=Bihar",26.121982,84.803094,Bharat AC,3.0,3,1
BPCL,Govt.,Bihar,PATNA,PATNA,"CHAINPURA NISSARPURA, BIKRAM, , City=PATNA, District=PATNA,
State=Bihar",25.402936,84.788902,CCS,60.0,60,2
BPCL,Govt.,Bihar,Purbi Champaran,EAST CHAMPARAN,"CHAKIA, CHAKIA, , City=EAST CHAMPARAN, District=CHAMPARAN-EAST,
State=Bihar",26.44561,85.027784,CCS,60.0,60,2
BPCL,Govt.,Bihar,MADHUBANI,MADHUBANI,"CHANAURAGANJ, JHANJHARPUR, , City=MADHUBANI, District=MADHUBANI,
State=Bihar",26.462796,86.175176,CCS,60.0,60,2
BPCL,Govt.,Bihar,VAISHALI,CHANDALHE,"CHANDALHE, CHANDALHE, , City=CHANDALHE, District=VAISHALI,
State=Bihar",25.716361,85.205948,Bharat AC,3.0,3,1
BPCL,Govt.,Bihar,SAHARSA,SAHARSA,"CHANDAUR ,SAUR BAZAR, SAHARSA, , City=SAHARSA, District=SAHARSA,
State=Bihar",25.914133,86.755129,Bharat AC,3.0,3,1
BPCL,Govt.,Bihar,SAHARSA,SAHARSA,"CHANDAUR ,SAUR BAZAR, SAHARSA, , City=SAHARSA, District=SAHARSA,
State=Bihar",25.914133,86.755129,CCS,60.0,60,2
BPCL,Govt.,Bihar,SARAN,CHAPRA,"CHAPRA SIWAN ROAD, NH-85, , City=CHAPRA, District=SARAN, State=Bihar",25.857208,84.634168,CCS,60.0,60,2
BPCL,Govt.,Bihar,ROHTAS,SASARAM,"CHAUKHANDA CHITAULI, SASARAM, , City=SASARAM, District=ROHTAS,
State=Bihar",24.990022,83.990478,Type II,7.0,7,1
BPCL,Govt.,Bihar,ROHTAS,SASARAM,"CHAUKHANDA CHITAULI, SASARAM, , City=SASARAM, District=ROHTAS,
State=Bihar",24.990022,83.990478,CCS,60.0,60,2
BPCL,Govt.,Bihar,MADHEPURA,MADHEPURA,"COLLEGE CHOWK, COLLEGE CHOWK, , City=MADHEPURA,
District=MADHEPURA, State=Bihar",25.929749,86.795785,CCS,60.0,60,2
BPCL,Govt.,Bihar,BUXAR,BUXAR,"DALSAGAR, BUXAR, , City=BUXAR, District=BUXAR,BIHAR, State=Bihar",25.580365,84.042146,CCS,60.0,60,2
BPCL,Govt.,Bihar,PURNIA,PURNEA,"DAMKA, NH 31, , City=PURNEA, District=PURNIA, State=Bihar",25.79,87.56,CCS,60.0,60,2
BPCL,Govt.,Bihar,PATNA,DANIYAWA,"DANIAWAN, NH-30A, BIHARSHARIF ROAD, , City=DANIYAWA,
District=PATNA, State=Bihar",25.58715,85.188978,CCS,60.0,60,2
BPCL,Govt.,Bihar,BHOJPUR,BHOJPUR,"DHAMANIA, GARHANI, , City=BHOJPUR, District=BHOJPUR, State=Bihar",25.403192,84.575373,CCS,60.0,60,2
BPCL,Govt.,Bihar,ROHTAS,ROHTASH,"DHANKADHA, SASARAM NH2, , City=ROHTASH, District=ROHTAS SASARAM
BIHAR, State=Bihar",24.91812,84.068928,CCS,60.0,60,2
BPCL,Govt.,Bihar,DARBHANGA,DIHLAHI,"DILAHI, DARBHANGA, , City=DIHLAHI, District=DARBHANGA, State=Bihar",26.084957,85.833816,Bharat AC,3.0,3,1
BPCL,Govt.,Bihar,DARBHANGA,DARBHANGA,"DONAR, DARBHANGA, DARBHANGA, , City=DARBHANGA,
District=DARBHANGA, State=Bihar",26.1483,85.908217,Bharat AC,3.0,3,1
BPCL,Govt.,Bihar,MADHEPURA,SINGHESHWAR,"DURGA MANDIR CHOWK, SINGHESHWAR, , City=SINGHESHWAR,
District=MADHEPURA, State=Bihar",25.99275,86.788667,Bharat AC,3.0,3,1
BPCL,Govt.,Bihar,PATNA,PATNA,"FRASER ROAD, FRASER ROAD, , City=PATNA, District=PATNA, State=Bihar",25.609942,85.136206,LEV DC,15.0,7,1
BPCL,Govt.,Bihar,AURANGABAD,SINDURIA,"G.T.ROAD, VILL SINDURIA, PO RAMPUR, #, , City=SINDURIA,
District=AURANGABAD, State=Bihar",24.842951,84.252064,CCS,30.0,30,1
BPCL,Govt.,Bihar,MADHEPURA,TIKULIA,"GADHIYA, NEAR TIKULIYA CHOWK, , City=TIKULIA, District=MADHEPURA,
State=Bihar",25.0,86.0,Bharat AC,3.0,3,1
BPCL,Govt.,Bihar,PATNA,PATNA,"GANAWAN MAUZA, GANAWAN MAUZA, , City=PATNA, District=PATNA,
State=Bihar",25.550849,84.923483,CCS,60.0,60,2
BPCL,Govt.,Bihar,GAYA,BODH GAYA,"GAYA DOBHI ROAD, GAYA DOBHI ROAD, , City=BODH GAYA,
District=GAYA,BIHAR, State=Bihar",24.737073,84.965242,Bharat AC,3.0,3,1
BPCL,Govt.,Bihar,VAISHALI,HAZIPUR,"GHATARO, LALGANJ, SH-74, , City=HAZIPUR, District=VAISHALI, State=Bihar",25.808674,85.199767,Bharat AC,3.0,3,1
BPCL,Govt.,Bihar,BHOJPUR,GIDDHA,"GIDHA INDUSTRIAL GROWTH CENTRE, GIDHA, , City=GIDDHA,
District=BHOJPUR, State=Bihar",25.573239,84.860057,CCS,60.0,60,2
BPCL,Govt.,Bihar,GOPALGANJ,BAIKUNTPUR,"GOPALGANJ, GOPALGANJ, , City=BAIKUNTPUR, District=GOPALGANJ,
State=Bihar",25.994406,85.063452,CCS,60.0,60,2
BPCL,Govt.,Bihar,GOPALGANJ,GOPALGANJ,"GOPALGANJ, GOPALGANJ, , City=GOPALGANJ, District=GOPALGANJ,
State=Bihar",26.361585,84.336134,Bharat AC,3.0,3,1
BPCL,Govt.,Bihar,GOPALGANJ,GOPALGANJ,"GOPALGANJ, GOPALGANJ, , City=GOPALGANJ, District=GOPALGANJ,
State=Bihar",26.475998,84.442858,Bharat AC,3.0,3,1
BPCL,Govt.,Bihar,GAYA,SHERGHATI,"GOPALPUR, BETWEEN DOBHI AND SHERGHATI, , City=SHERGHATI,
District=GAYA, State=Bihar",24.5565,84.834806,Bharat AC,3.0,3,1
BPCL,Govt.,Bihar,AURANGABAD,MADANPUR,"GT ROAD, AT&PO MADANPUR, GT ROAD, AT&PO MADANPUR, ,
City=MADANPUR, District=AURANGABAD, State=Bihar",24.655754,84.587517,CCS,30.0,30,1
BPCL,Govt.,Bihar,PATNA,MOKAMA,"GYASPUR MAUZA, MOKAMA MAIN ROAD, , City=MOKAMA, District=PATNA,
State=Bihar",25.395508,85.921125,Bharat AC,3.0,3,1
BPCL,Govt.,Bihar,VAISHALI,CHAKSIKANDAR,"HAJIPUR- JANDAHA ROAD, CHAKSIKANDAR, , City=CHAKSIKANDAR,
District=VAISHALI,BIHAR, State=Bihar",25.683621,85.354371,CCS,60.0,60,2
BPCL,Govt.,Bihar,VAISHALI,PHULWARIA- MAHUA,"HAJIPUR- MAHUA ROAD, HAJIPUR, , City=PHULWARIA- MAHUA,
District=VAISHALI, State=Bihar",25.804453,85.384136,Bharat AC,3.0,3,1
BPCL,Govt.,Bihar,Purbi Champaran,HARSIDHI,"HARSIDIH, HARSIDIH, , City=HARSIDHI, District=CHAMPARAN-EAST,
State=Bihar",26.678522,84.719837,Bharat AC,3.0,3,1
BPCL,Govt.,Bihar,DARBHANGA,DARBHANGA,"INFRONT OF BIJULI HALT,BYPASS ROAD, INFRONT OF BIJULI HALT,BYPASS
ROAD, , City=DARBHANGA, District=DARBHANGA, State=Bihar",26.188415,85.978451,CCS,120.0,120,2
BPCL,Govt.,Bihar,BHOJPUR,JAGDISHPUR,"JAGDISHPUR, JAGDISHPUR, , City=JAGDISHPUR, District=BHOJPUR,
State=Bihar",25.479209,84.429162,CCS,60.0,60,2
BPCL,Govt.,Bihar,Muzaffarpur,JAINTPUR,"JAINTPUR, JAINTPUR, , City=JAINTPUR, District=MUZZAFARPUR, State=Bihar",26.102233,85.129933,CCS,60.0,60,2
BPCL,Govt.,Bihar,LAKHISARAI,LAKHISARAI,"JAMUI MORE, VILL-KHAIRI, P.O.-LAKHISARAI, , City=LAKHISARAI,
District=LAKHISARAI, State=Bihar",25.20919,86.1141,CCS,60.0,60,2
BPCL,Govt.,Bihar,MUNGER,NAWAGARHI,"JANAKI NAGAR,  NAWAGADI, JANAKI NAGAR, , City=NAWAGARHI,
District=MUNGER, State=Bihar",25.34867,86.523807,CCS,60.0,60,2
BPCL,Govt.,Bihar,PURNIA,BANMANKHI,"JANKINAGAR, BANMANKHI, , City=BANMANKHI, District=PURNIA,BIHAR,
State=Bihar",25.887279,87.194627,CCS,60.0,60,2
BPCL,Govt.,Bihar,JEHANABAD,JEHANBAD,"JHUNATI, NEW NH 33, , City=JEHANBAD, District=JEHANABAD, State=Bihar",25.208007,84.897731,Bharat AC,3.0,3,1
BPCL,Govt.,Bihar,PURNIA,PURNEA,"K. NAGAR, K. NAGAR, , City=PURNEA, District=PURNIA, State=Bihar",25.813247,87.402974,CCS,60.0,60,2
BPCL,Govt.,Bihar,DARBHANGA,JALE,"KACHHUA, JALE, , City=JALE, District=DARBHANGA, State=Bihar",26.303325,85.739691,Bharat AC,3.0,3,1
BPCL,Govt.,Bihar,Kaimur (Bhabua),PARSATHUA,"KAITHIA, PARSATHUA, , City=PARSATHUA, District=KAIMUR ,BIHAR,
State=Bihar",25.208061,83.791299,Bharat AC,3.0,3,1
BPCL,Govt.,Bihar,SAMASTIPUR,SAMASTIPUR,"KALYANPURBAMBAIYYA, DAHU CHOWK, , City=SAMASTIPUR,
District=SAMASTIPUR, State=Bihar",25.717557,85.918059,Bharat AC,3.0,3,1
BPCL,Govt.,Bihar,PATNA,PATNA,"KANCHANPUR, KANCHANPUR, , City=PATNA, District=PATNA, State=Bihar",25.444848,85.250937,Bharat AC,3.0,3,1
BPCL,Govt.,Bihar,GAYA,GAYA,"KANDI, MOUZA RASALPUR, , City=GAYA, District=GAYA,BIHAR, State=Bihar",24.854217,85.003611,CCS,30.0,30,1
BPCL,Govt.,Bihar,SAMASTIPUR,SAMASTIPUR,"KANHAIYA CHOWK, JITWARPUR, , City=SAMASTIPUR, District=SAMASTIPUR,
State=Bihar",25.854294,85.803955,Bharat AC,3.0,3,1
BPCL,Govt.,Bihar,VAISHALI,BELKUNDA,"KANHAULI DHANRAJ, MAHUA, , City=BELKUNDA, District=VAISHALI,
State=Bihar",25.754534,85.301138,Bharat AC,3.0,3,1
BPCL,Govt.,Bihar,Muzaffarpur,MUZAFFARPUR,"KARJA ON NH102, KARJA ON NH102, , City=MUZAFFARPUR,
District=MUZZAFARPUR,BIHAR, State=Bihar",26.094805,85.238678,CCS,120.0,120,2
BPCL,Govt.,Bihar,ROHTAS,KARWANDIA,"KARWANDIA, KARWANDIA, , City=KARWANDIA, District=ROHTAS,
State=Bihar",24.905861,84.177375,CCS,60.0,60,2
BPCL,Govt.,Bihar,BHOJPUR,ARA,"KAYAMNAGAR, CIRCLE KOILWAR, , City=ARA, District=BHOJPUR, State=Bihar",25.582136,84.712752,Bharat AC,3.0,3,1
BPCL,Govt.,Bihar,BHOJPUR,ARA,"KAYAMNAGAR, CIRCLE KOILWAR, , City=ARA, District=BHOJPUR, State=Bihar",25.582136,84.712752,CCS,60.0,60,2
BPCL,Govt.,Bihar,JEHANABAD,JEHANABAD,"KHAITAN ROAD, JEHANABAD, , City=JEHANABAD, District=JEHANABAD,
State=Bihar",25.244075,85.000191,CCS,60.0,60,2
BPCL,Govt.,Bihar,ARARIA,ARARIA,"KHATA 55 KHESHRA 204, CHHOTA MATIYARI, , City=ARARIA,
District=ARARIA, State=Bihar",25.998082,87.516004,CCS,60.0,60,2
BPCL,Govt.,Bihar,SARAN,PARSA,"KHORIPAKAR, SH 73, , City=PARSA, District=SARAN, State=Bihar",25.970281,84.936671,Bharat AC,3.0,3,1
BPCL,Govt.,Bihar,PURNIA,PURNEA,"KHUSKIBAG, P.O.- PURNEA, , City=PURNEA, District=PURNEA, State=Bihar",25.78547,87.51751,Bharat AC,3.0,3,1
BPCL,Govt.,Bihar,PURNIA,PURNEA,"KHUSKIBAG, P.O.- PURNEA, , City=PURNEA, District=PURNEA, State=Bihar",25.78547,87.51751,CCS,60.0,60,2
BPCL,Govt.,Bihar,BHAGALPUR,KISANPUR,"KISANPUR, NH33, , City=KISANPUR, District=BHAGALPUR, State=Bihar",25.237563,86.854327,CCS,60.0,60,2
BPCL,Govt.,Bihar,SITAMARHI,NANPUR,"KOILI, NANPUR, , City=NANPUR, District=SITAMARHI, State=Bihar",26.438473,85.648758,Bharat AC,3.0,3,1
BPCL,Govt.,Bihar,GOPALGANJ,GOPALGANJ,"KUCHAIKOT, KUCHAIKOT, , City=GOPALGANJ, District=GOPALGANJ,
State=Bihar",26.55061,84.33939,CCS,60.0,60,2
BPCL,Govt.,Bihar,VAISHALI,HAZIPUR,"KUSHAR KHAS, MAHUA, KUSHAHAR CHOWK, SH49, , City=HAZIPUR,
District=VAISHALI, State=Bihar",25.807268,85.433416,Bharat AC,3.0,3,1
BPCL,Govt.,Bihar,LAKHISARAI,LAKHISARAI,"LAKHISARAI, LAKHISARAI, , City=LAKHISARAI, District=LAKHISARAI,
State=Bihar",25.155161,86.09406,Bharat AC,3.0,3,1
BPCL,Govt.,Bihar,LAKHISARAI,LAKHISARAI,"LAKHISARAI, LAKHISARAI, , City=LAKHISARAI, District=LAKHISARAI,
State=Bihar",25.155161,86.09406,CCS,60.0,60,2
BPCL,Govt.,Bihar,PATNA,DULHIN BAZAAR,"LALA BHADSARA, LALA BHADSARA, , City=DULHIN BAZAAR, District=PATNA,
State=Bihar",25.365975,84.846865,Bharat AC,3.0,3,1
BPCL,Govt.,Bihar,PATNA,MASAURHI,"LALA BIGHA, NH - 83, PATNA - GAYA ROAD, , City=MASAURHI,
District=PATNA, State=Bihar",25.320864,85.030139,CCS,60.0,60,2
BPCL,Govt.,Bihar,MADHUBANI,BENIPATTI,"MADUBANI-BENIPATTI STATE HIGHWAY, #, , City=BENIPATTI,
District=MADHUBANI, State=Bihar",26.447289,85.931245,CCS,60.0,60,2
BPCL,Govt.,Bihar,KATIHAR,HARDA,"MAHINATPUR,MUSAPUR, KORHA, , City=HARDA, District=KATIHAR,
State=Bihar",25.652731,87.40667,CCS,120.0,120,2
BPCL,Govt.,Bihar,BEGUSARAI,BEGUSARAI,"MANJHUAL ROAD, HARDIYA, P.O.- BEGUSARAI, , City=BEGUSARAI,
District=BEGUSARAI, State=Bihar",25.422501,86.121225,CCS,60.0,60,2
BPCL,Govt.,Bihar,GAYA,GAYA,"MATIHANI, NEW NH 22, , City=GAYA, District=GAYA, State=Bihar",24.650674,84.949413,Bharat AC,3.0,3,1
BPCL,Govt.,Bihar,GAYA,GAYA,"MATIHANI, NEW NH 22, , City=GAYA, District=GAYA, State=Bihar",24.650674,84.949413,CCS,60.0,60,2
BPCL,Govt.,Bihar,SHEIKHPURA,SHEIKHPURA,"MAUR, BARBIGHA, , City=SHEIKHPURA, District=SHEIKHPURA, State=Bihar",25.2,85.75,CCS,60.0,60,2
BPCL,Govt.,Bihar,GOPALGANJ,BATHUA BAZAAR,"MAUZA - BATHUA BAZAR, P.O.- BATHUA BAZAR, P.S.- PHULWARIA, ,
City=BATHUA BAZAAR, District=GOPALGANJ, State=Bihar",26.471442,84.237675,CCS,60.0,60,2
BPCL,Govt.,Bihar,PATNA,PATNA,"MAUZA ALIPUR BIHITA, MAUZA ALIPUR BIHITA, , City=PATNA,
District=PATNA, State=Bihar",25.462,85.451,CCS,30.0,30,1
BPCL,Govt.,Bihar,BHOJPUR,GARHANI,"MAUZA GARHANI,POST GARHANI, P.S CHARPOKHRI, , City=GARHANI,
District=BHOJPUR, State=Bihar",25.403618,84.548332,CCS,60.0,60,2
BPCL,Govt.,Bihar,PATNA,PATNA,"MAUZA MAHABALIPUR, PS PALIGANJ, , City=PATNA, District=PATNA,
State=Bihar",25.327217,84.736464,CCS,120.0,120,2
BPCL,Govt.,Bihar,PATNA,PATNA,"MAUZA MOGULPURA, ANCHAL BAKHTIYARPUR, , City=PATNA,
District=PATNA, State=Bihar",25.456499,85.481156,CCS,30.0,30,1
BPCL,Govt.,Bihar,PATNA,BARH,"MAUZA NAWADAH, AT BARH, , City=BARH, District=PATNA, State=Bihar",25.475203,85.707436,CCS,60.0,60,2
BPCL,Govt.,Bihar,BHOJPUR,ARA,"MAUZA RAJPUR,THANA IMADPUR,, PIRO BIHTA ROAD, , City=ARA,
District=BHOJPUR, State=Bihar",25.210463,84.466598,Bharat AC,3.0,3,1
BPCL,Govt.,Bihar,MADHUBANI,MADHUBANI,"MAUZA SAPTA, SAPTA MAIN ROAD, GANDHI CHOWK BALUA, ANANT
NAGAR, , City=MADHUBANI, District=MADHUBANI,BIHAR, State=Bihar",26.34549,86.086089,Bharat AC,3.0,3,1
BPCL,Govt.,Bihar,Purbi Champaran,MEHSI,"MEHSI(NH-28), AT&PO. MEHSI,, , City=MEHSI, District=CHAMPARAN-EAST,
State=Bihar",26.363423,85.09938,CCS,60.0,60,2
BPCL,Govt.,Bihar,KATIHAR,KATIHAR,"MIRCHAIBARI, P.O.- KATIHAR, , City=KATIHAR, District=KATIHAR, State=Bihar",25.541534,87.567805,CCS,60.0,60,2
BPCL,Govt.,Bihar,PURNIA,MIRGANJ CHOWK,"MIRGANJ CHOWK, KURSELA SARSI ROAD, , City=MIRGANJ CHOWK,
District=PURNIA, State=Bihar",25.752483,87.278274,Bharat AC,3.0,3,1
BPCL,Govt.,Bihar,GOPALGANJ,MIRGANJ,"MIRGANJ, MIRGANJ, , City=MIRGANJ, District=GOPALGANJ, State=Bihar",26.382115,84.350696,CCS,60.0,60,2
BPCL,Govt.,Bihar,GOPALGANJ,MIRGANJ,"MIRGANJ, MIRGANJ, , City=MIRGANJ, District=GOPALGANJ, State=Bihar",26.361587,84.336122,Bharat AC,3.0,3,1
BPCL,Govt.,Bihar,PATNA,MASSAURHI,"MOHALLA MASAURHI, PO MASAURHI, , City=MASAURHI, District=PATNA,
State=Bihar",25.349921,85.042462,Bharat AC,3.0,3,1
BPCL,Govt.,Bihar,GOPALGANJ,MOHAMMADPUR,"MOHAMMODPUR ON NH 28, MOHAMMODPUR GOPALGANJ, ,
City=MOHAMMADPUR, District=GOPALGANJ, State=Bihar",26.348019,84.710595,CCS,60.0,60,2
BPCL,Govt.,Bihar,BEGUSARAI,BEGUSARAI,"MOSADPUR, NH-31, BIHAR, , City=BEGUSARAI, District=BEGUSARAI,
State=Bihar",25.428548,86.095219,CCS,120.0,120,2
BPCL,Govt.,Bihar,PATNA,"BIRPUR, MOTEPUR","MOTEPUR ON NH98, NEW NH139, , City=BIRPUR, MOTEPUR,
District=PATNA,BIHAR, State=Bihar",25.502595,84.963548,CCS,60.0,60,2
BPCL,Govt.,Bihar,Purbi Champaran,EAST CHAMPARAN,"MOTOJHEEL ROAD MOTIHARI, MOTOJHEEL ROAD MOTIHARI, ,
City=MOTIHARI, District=CHAMPARAN-EAST,BIHAR, State=Bihar",26.652277,84.916254,Bharat AC,3.0,3,1
BPCL,Govt.,Bihar,SUPAUL,BAPTIYAHI,"MOUZA - SARAIGARH, PS - KISHANPUR, , City=BAPTIYAHI, District=SUPAUL,
State=Bihar",26.284752,86.712864,CCS,60.0,60,2
BPCL,Govt.,Bihar,Kaimur (Bhabua),BHABHUA,"MOUZA BARE,NEW NH219, BHABHUA, , City=BHABHUA, District=KAIMUR,
State=Bihar",25.097544,83.622375,Bharat AC,3.0,3,1
BPCL,Govt.,Bihar,Kaimur (Bhabua),BHABHUA,"MOUZA BARE,NEW NH219, BHABHUA, , City=BHABHUA, District=KAIMUR,
State=Bihar",25.097544,83.622375,CCS,120.0,120,2
BPCL,Govt.,Bihar,LAKHISARAI,LAKHISARAI,"MOUZA- RAMPUR, NH-80, , City=LAKHISARAI, District=LAKHISARAI,
State=Bihar",25.184992,86.144263,CCS,60.0,60,2
BPCL,Govt.,Bihar,MADHEPURA,MURLIGANJ,"MURLIGANJ, SH-91, , City=MURLIGANJ, District=MADHEPURA, State=Bihar",25.884212,86.983589,Bharat AC,3.0,3,1
BPCL,Govt.,Bihar,VAISHALI,GORUL,"MUSTAFUR HERSHER, ON NH77, , City=GORUL, District=VAISHALI,
State=Bihar",25.925664,85.292544,CCS,120.0,120,2
BPCL,Govt.,Bihar,Muzaffarpur,MUZAFFARPUR,"MUZAFFARPUR, MUZAFFARPUR, , City=MUZAFFARPUR,
District=MUZZAFARPUR, State=Bihar",26.121639,85.381156,Bharat AC,3.0,3,1
BPCL,Govt.,Bihar,PURNIA,PANDERPUR,"NABI CHOWK, MOJIB MARKET, , City=PANDERPUR, District=PURNIA,
State=Bihar",26.033771,87.711435,Bharat AC,3.0,3,1
BPCL,Govt.,Bihar,NALANDA,NALANDA,"NALANDA, NALANDA, , City=NALANDA, District=NALANDA, State=Bihar",25.155191,85.488524,Bharat AC,3.0,3,1
BPCL,Govt.,Bihar,NALANDA,NALANDA,"NALANDA, NALANDA, , City=NALANDA, District=NALANDA, State=Bihar",25.155191,85.488524,CCS,120.0,120,2
BPCL,Govt.,Bihar,Pashchim Champaran,NARKATIGANJ,"NARKATIAGANJ, NARKATIAGANJ, , City=NARKATIGANJ,
District=CHAMPARAN-WEST, State=Bihar",27.096379,84.473304,Bharat AC,3.0,3,1
BPCL,Govt.,Bihar,JAMUI,JAMUI,"NAUDIHA, KHAIRA, , City=JAMUI, District=JAMUI, State=Bihar",24.87098,86.20314,Bharat AC,3.0,3,1
BPCL,Govt.,Bihar,BHAGALPUR,BHAGALPUR,"NAUGACHIA, P.O.- NAUGACHIA, , City=BHAGALPUR, District=BHAGALPUR,
BIHAR, State=Bihar",25.382969,87.082396,CCS,30.0,30,1
BPCL,Govt.,Bihar,BUXAR,BUXAR,"NEAR BUXAR RAILWAY STATION, BUXAR, , City=BUXAR,
District=BUXAR,BIHAR, State=Bihar",25.570719,83.972941,CCS,60.0,60,2
BPCL,Govt.,Bihar,ROHTAS,BIKRAMGANJ,"NEAR MANI MORI, PO BIKRAMGANJ, , City=BIKRAMGANJ, District=ROHTAS,
State=Bihar",25.181797,84.231319,CCS,120.0,120,2
BPCL,Govt.,Bihar,SUPAUL,SUPAUL,"NEAR MIDDLE SCHOOL CHAUHATTTA SUPAU, NH-327A SUPAUL, ,
City=SUPAUL, District=SUPAUL, State=Bihar",26.127237,86.607914,CCS,120.0,120,2
BPCL,Govt.,Bihar,Purbi Champaran,EAST CHAMPARAN,"NEAR OLD ICP CUSTOMS, RAXAUL, , City=EAST CHAMPARAN,
District=CHAMPARAN-EAST, State=Bihar",26.989141,84.853104,CCS,60.0,60,2
BPCL,Govt.,Bihar,SHEOHAR,SHEOHAR,"NH 104 AT SHEOHAR, PS SHEOHAR, , City=SHEOHAR, District=SHEOHAR,
State=Bihar",26.506156,85.286075,CCS,60.0,60,2
BPCL,Govt.,Bihar,VAISHALI,HAZIPUR,"NH 19, HAJIPUR, , City=HAZIPUR, District=VAISHALI, State=Bihar",25.679326,85.237323,CCS,60.0,60,2
BPCL,Govt.,Bihar,PURNIA,PURNEA,"NH 31, NOORGANJ, , City=PURNEA, District=PURNIA, State=Bihar",25.863182,87.759562,CCS,120.0,120,2
BPCL,Govt.,Bihar,PURNIA,PURNEA,"NH-107, JAIL CHOWK, MADHUBANI, #, , City=PURNEA, District=PURNIA,
State=Bihar",25.776919,87.474496,CCS,60.0,60,2
BPCL,Govt.,Bihar,PATNA,BY PASS (DHAWALPURA),"NH-30 DHAWALPURA, PO CITY CHOWK, , City=BY PASS (DHAWALPURA),
District=PATNA, State=Bihar",25.574778,85.231664,CCS,30.0,30,1
BPCL,Govt.,Bihar,BHOJPUR,ARRAH,"NH-30, ARRAH, , City=ARRAH, District=BHOJPUR, State=Bihar",25.562265,84.629059,Bharat AC,3.0,3,1
BPCL,Govt.,Bihar,BHOJPUR,ARRAH,"NH-30, ARRAH, , City=ARRAH, District=BHOJPUR, State=Bihar",25.562265,84.629059,CCS,60.0,60,2
BPCL,Govt.,Bihar,PURNIA,PURNEA,"NH-31, MARANGA, NEAR GROWTH CENTRE, , City=PURNEA,
District=PURNIA, State=Bihar",25.730506,87.458358,CCS,30.0,30,1
BPCL,Govt.,Bihar,ARARIA,ARARIA,"NH-57, FORBESGANJ-SIMRAHA, , City=ARARIA, District=ARARIA, State=Bihar",26.1,86.1,CCS,60.0,60,2
BPCL,Govt.,Bihar,SUPAUL,RAMBISHANPUR RAGHOPUR SUPAUL,"NH-57, RAMBISHANPUR RAGHOPUR, , City=RAMBISHANPUR RAGHOPUR
SUPAUL, District=SUPAUL, State=Bihar",26.311464,86.870929,CCS,60.0,60,2
BPCL,Govt.,Bihar,Muzaffarpur,KURHANI,"NH-77, VILL PO CHANDRAHATTI, , City=KURHANI,
District=MUZZAFARPUR,BIHAR, State=Bihar",26.01065,85.328009,CCS,60.0,60,2
BPCL,Govt.,Bihar,JEHANABAD,JEHANBAD,"NH-83, NER, , City=JEHANBAD, District=JEHANABAD, State=Bihar",25.035321,84.968684,Bharat AC,3.0,3,1
BPCL,Govt.,Bihar,JEHANABAD,JEHANBAD,"NH-83, NER, , City=JEHANBAD, District=JEHANABAD, State=Bihar",25.035321,84.968684,CCS,60.0,60,2
BPCL,Govt.,Bihar,VAISHALI,CHEHRANKALAN,"ON MAHUA MUZAFFARPUR ROAD, CHEHRAKALA, , City=CHEHRANKALAN,
District=VAISHALI, State=Bihar",25.887365,85.388365,CCS,60.0,60,2
BPCL,Govt.,Bihar,Purbi Champaran,DHAKA BAZAAR,"ON MOTIHARI DHAKA ROAD, ON MOTIHARI DHAKA ROAD, , City=DHAKA
BAZAAR, District=CHAMPARAN-EAST, State=Bihar",26.672526,85.152906,Bharat AC,3.0,3,1
BPCL,Govt.,Bihar,MADHUBANI,JHANJHARPUR,"ON NH-27, BALNI MEHATH, , City=JHANJHARPUR, District=MADHUBANI,
State=Bihar",26.275204,86.252709,CCS,120.0,120,2
BPCL,Govt.,Bihar,Purbi Champaran,MOTIHARI,"ON NH-28,BARIARPUR, MOTIHARI BYPASS, ON NH-28,BARIARPUR, MOTIHARI BYPASS, , City=MOTIHARI, District=CHAMPARAN-EAST,
State=Bihar",26.626847,84.917005,CCS,120.0,120,2
BPCL,Govt.,Bihar,Pashchim Champaran,BETTIAH,"ON NH28B BAIDHNATHPUR, BETTIAH, ON NH28B BAIDHNATHPUR, BETTIAH,
, City=BETTIAH, District=CHAMPARAN-WEST, State=Bihar",26.764204,84.596707,CCS,60.0,60,2
BPCL,Govt.,Bihar,VAISHALI,DIGHIKALA,"ON NH-77, HARIPUR HARISHANKAR, , City=DIGHIKALA,
District=VAISHALI,BIHAR, State=Bihar",25.733745,85.245408,CCS,60.0,60,2
BPCL,Govt.,Bihar,BHAGALPUR,BHAGALPUR,"ON SH19 DUMKA ROAD, JAGDISHPUR, , City=BHAGALPUR,
District=BHAGALPUR, State=Bihar",25.12361,86.986382,Bharat AC,3.0,3,1
BPCL,Govt.,Bihar,SAHARSA,SAHARSA,"PADAMPUR KATIYA, #, , City=SAHARSA, District=SAHARSA, State=Bihar",25.968679,86.599694,Bharat AC,3.0,3,1
BPCL,Govt.,Bihar,Pashchim Champaran,BAGAHA,"PARAS NAGAR, BAGAHA, , City=BAGAHA, District=CHAMPARAN-WEST,
State=Bihar",27.099782,84.081116,CCS,60.0,60,2
BPCL,Govt.,Bihar,MUNGER,BARIARPUR,"PARSANDO, MADHUBAN, , City=BARIARPUR, District=MUNGER, State=Bihar",25.176976,86.571314,CCS,60.0,60,2
BPCL,Govt.,Bihar,BHOJPUR,PIRO,"PIRO, PIRO BIHTA ROAD, , City=PIRO, District=BHOJPUR, State=Bihar",25.310867,84.403599,Bharat AC,3.0,3,1
BPCL,Govt.,Bihar,MADHUBANI,LADANIA,"PLOT NO 1283,1282,1234,1235(OLD), VILL- MAHTHA, P.S- LADANIA, ,
City=LADANIA, District=MADHUBANI, State=Bihar",26.606344,86.31359,CCS,60.0,60,2
BPCL,Govt.,Bihar,GOPALGANJ,SONBARSA,"PLOT NO 1315 ON NH-28, PS BARAULI, , City=SONBARSA,
District=GOPALGANJ, State=Bihar",26.388234,84.592298,CCS,120.0,120,2
BPCL,Govt.,Bihar,BHAGALPUR,BHAGALPUR,"PO & THANA SANHAULA, #, , City=BHAGALPUR, District=BHAGALPUR,
State=Bihar",25.095325,87.160678,Bharat AC,3.0,3,1
BPCL,Govt.,Bihar,Pashchim Champaran,BETTIAH,"PO BHAIRWAN, PS BALTHAR, , City=BETTIAH, District=CHAMPARAN-WEST,
State=Bihar",27.022501,84.632797,CCS,60.0,60,2
BPCL,Govt.,Bihar,PURNIA,PURNEA,"PURNEA ZERO MILE, KASBA, , City=PURNEA, District=PURNIA, State=Bihar",25.788544,87.531614,CCS,60.0,60,2
BPCL,Govt.,Bihar,SARAN,"KARAN KUDARIA,RAJAPATTI","RAJAPATTI, MASHRAKH, , City=KARAN KUDARIA,RAJAPATTI, District=SARAN,
State=Bihar",26.213083,84.793947,Bharat AC,3.0,3,1
BPCL,Govt.,Bihar,KATIHAR,KATIHAR,"RAM RAHIM CHOWK, DURGASTHAN, , City=KATIHAR, District=KATIHAR,
BIHAR, State=Bihar",25.539869,87.579011,Bharat AC,3.0,3,1
BPCL,Govt.,Bihar,KATIHAR,KATIHAR,"RAM RAHIM CHOWK, DURGASTHAN, , City=KATIHAR, District=KATIHAR,
BIHAR, State=Bihar",25.539869,87.579011,CCS,60.0,60,2
BPCL,Govt.,Bihar,BEGUSARAI,BEGUSARAI,"RAMJANPUR, P.O- BEGUSARAI, LAKHO, , City=BEGUSARAI,
District=BEGUSARAI, State=Bihar",25.411867,86.194694,CCS,30.0,30,1
BPCL,Govt.,Bihar,Muzaffarpur,MUZAFFARPUR,"SADATPUR, NH 27, , City=MUZAFFARPUR, District=MUZZAFARPUR,
State=Bihar",26.164273,85.348671,CCS,60.0,60,2
BPCL,Govt.,Bihar,SIWAN,SIWAN,"SAGAR SULTANPUR, SH 73, , City=SIWAN, District=SIWAN, State=Bihar",26.133656,84.750567,Bharat AC,3.0,3,1
BPCL,Govt.,Bihar,SAHARSA,SAHARSA,"SAHARSA, P.O.- SAHARSA, , City=SAHARSA, District=SAHARSA,BIHAR,
State=Bihar",25.877081,86.597366,Bharat AC,3.0,3,1
BPCL,Govt.,Bihar,MADHUBANI,SAKRI,"SAKRI CHOWK,, RAZA BAZAR,SAMANPURA PATNA, , City=SAKRI,
District=MADHUBANI, State=Bihar",26.217125,86.07968,CCS,60.0,60,2
BPCL,Govt.,Bihar,Purbi Champaran,MOTIHARI,"SARAIYAN, MADHUBAN, , City=MOTIHARI, District=CHAMPARAN-EAST,
State=Bihar",26.43872,85.147483,Bharat AC,3.0,3,1
BPCL,Govt.,Bihar,Purbi Champaran,MOTIHARI,"SH 54, MISRAULIA, , City=MOTIHARI, District=CHAMPARAN-EAST,
State=Bihar",26.686507,85.041735,CCS,60.0,60,2
BPCL,Govt.,Bihar,ROHTAS,ROHTAS,"SH-12,ARRAH SASARAM ROAD, NOKHA, , City=ROHTAS, District=ROHTAS,
State=Bihar",25.093333,84.114722,CCS,60.0,60,2
BPCL,Govt.,Bihar,NALANDA,ISLAMPUR,"SH-4, ICCHOS, , City=ISLAMPUR, District=NALANDA, State=Bihar",25.137488,85.21698,Bharat AC,3.0,3,1
BPCL,Govt.,Bihar,PATNA,PATNA,"SHARIFAGANJ MOHALLA, MALSALAMI THANA, , City=PATNA,
District=PATNA, State=Bihar",25.578453,85.251806,Bharat AC,3.0,3,1
BPCL,Govt.,Bihar,SHEOHAR,SHEOHAR,"SHEOHAR -PIPRAHI ROAD,NEAR THANA, SHEOHAR -PIPRAHI ROAD,NEAR
THANA, , City=SHEOHAR, District=SHEOHAR, State=Bihar",26.523495,85.298152,Bharat AC,3.0,3,1
BPCL,Govt.,Bihar,Muzaffarpur,MUZAFFARPUR,"SHERPUR NARAYANPUR ANANT, SHERPUR NARAYANPUR ANANT, ,
City=MUZAFFARPUR, District=MUZZAFARPUR,BIHAR, State=Bihar",26.083835,85.40109,CCS,60.0,60,2
BPCL,Govt.,Bihar,MADHUBANI,MADHUBANI,"SIJOULIA BRAHMPUR, NH-57, , City=MADHUBANI, District=MADHUBANI,
State=Bihar",26.340957,86.44181,CCS,120.0,120,2
BPCL,Govt.,Bihar,MADHEPURA,SINGHESHWAR BAZAR,"SINGHESWAR BAZAR, MADHEPURA, , City=SINGHESHWAR BAZAR,
District=MADHEPURA,BIHAR, State=Bihar",25.988271,86.792339,CCS,120.0,120,2
BPCL,Govt.,Bihar,BEGUSARAI,BEGUSARAI,"SINGHUAL POKHAR, P.O.- ULAO, , City=BEGUSARAI, District=BEGUSARAI,
State=Bihar",25.420282,86.116816,CCS,30.0,30,1
BPCL,Govt.,Bihar,BEGUSARAI,BEGUSARAI,"SINGHUAL POKHAR, P.O.- ULAO, , City=SINGHUAL POKHAR,
District=BEGUSARAI, State=Bihar",25.420457,86.12174,CCS,60.0,60,2
BPCL,Govt.,Bihar,DARBHANGA,SINGHWARA,"SINGHWARA, SINGHWARA, , City=SINGHWARA, District=DARBHANGA,
State=Bihar",26.190938,85.733405,Bharat AC,3.0,3,1
BPCL,Govt.,Bihar,AURANGABAD,DAUDNAGAR,"SIPHA, LOCATED ON NH-98(NEW NH139), AURANGABAD, ,
City=DAUDNAGAR, District=AURANGABAD, State=Bihar",25.05079,84.42406,CCS,60.0,60,2
BPCL,Govt.,Bihar,ROHTAS,SASARAM,"SIRISYA, KARGAHAR, , City=SASARAM, District=ROHTAS, State=Bihar",25.13981,83.92475,CCS,60.0,60,2
BPCL,Govt.,Bihar,SIWAN,SIWAN,"SIWAN, SIWAN, , City=SIWAN, District=SIWAN, State=Bihar",26.22206,84.359035,CCS,60.0,60,2
BPCL,Govt.,Bihar,GOPALGANJ,KATEYA,"SMT. USHA SINGH, KHURHURIYA, , City=KATEYA, District=GOPALGANJ,
State=Bihar",26.563371,84.084848,Bharat AC,3.0,3,1
BPCL,Govt.,Bihar,SARAN,SONIA,"SONIA, #, , City=SONIA, District=SARAN, State=Bihar",25.896038,84.602777,CCS,120.0,120,2
BPCL,Govt.,Bihar,DARBHANGA,SONKI,"SONKI, SONKI, , City=SONKI, District=DARBHANGA, State=Bihar",26.144804,85.921669,Bharat AC,3.0,3,1
BPCL,Govt.,Bihar,LAKHISARAI,SURAJGARHA,"SURAJGARHA, NH-80, , City=SURAJGARHA, District=LAKHISARAI,BIHAR,
State=Bihar",25.25801,86.237913,CCS,60.0,60,2
BPCL,Govt.,Bihar,GAYA,DOBHI (GAYA),"SURAJMANDAL (NH-2), VIA BARACHATI, , City=GAYA, District=GAYA,BIHAR,
State=Bihar",24.535007,84.904388,CCS,30.0,30,1
BPCL,Govt.,Bihar,SAMASTIPUR,SAMASTIPUR,"TABAKHA KHAS AND, AND BLOCK DALSINGHSARAI, , City=SAMASTIPUR,
District=SAMASTIPUR, State=Bihar",25.663588,85.927858,Bharat AC,3.0,3,1
BPCL,Govt.,Bihar,SAMASTIPUR,TAJPUR,"TAJPUR, P.O.- TAJPUR, , City=TAJPUR, District=SAMASTIPUR, State=Bihar",25.850959,85.668597,CCS,120.0,120,2
BPCL,Govt.,Bihar,NALANDA,BIHARSHARIEF,"TALAWPAR (SOHSARAI), NH-31, , City=BIHARSHARIEF,
District=NALANDA,BIHAR, State=Bihar",25.223219,85.502432,Bharat AC,3.0,3,1
BPCL,Govt.,Bihar,BANKA,AMARPUR,"THANA ROAD,SH85, AMARPUR, , City=AMARPUR, District=BANKA,
State=Bihar",25.041975,86.898929,CCS,60.0,60,2
BPCL,Govt.,Bihar,PURNIA,TIKKAPATI,"TIKKAPATI, TELDIHA, , City=TIKKAPATI, District=PURNIA, State=Bihar",25.520842,87.199931,Bharat AC,3.0,3,1
BPCL,Govt.,Bihar,PATNA,PATNA,"TRANSPORT NAGAR, PATNA BY PASS, , City=PATNA, District=PATNA,
State=Bihar",25.607854,85.151825,CCS,60.0,60,2
BPCL,Govt.,Bihar,PATNA,PATNA,"USRI KHURD/KOTHIYAN, ON DANAPUR - SHIVALA ROAD, , City=PATNA,
District=PATNA, State=Bihar",25.748742,85.255972,CCS,60.0,60,2
BPCL,Govt.,Bihar,VAISHALI,LALGANJ,"VILL AGARPUR, LALGANJ, , City=LALGANJ, District=VAISHALI, State=Bihar",25.856778,85.177943,Bharat AC,3.0,3,1
BPCL,Govt.,Bihar,BUXAR,SONBARSA,"VILL AMARPURI, SONBARSA, , City=SONBARSA, District=BUXAR, State=Bihar",25.422017,84.304876,Bharat AC,3.0,3,1
BPCL,Govt.,Bihar,BUXAR,SONBARSA,"VILL AMARPURI, SONBARSA, , City=SONBARSA, District=BUXAR, State=Bihar",25.422017,84.304876,CCS,60.0,60,2
BPCL,Govt.,Bihar,PATNA,DARWESHPUR,"VILL DARBESHPUR, PO BYAPUR, PS MANER, , City=DARWESHPUR,
District=PATNA, State=Bihar",25.652504,84.941922,CCS,120.0,120,2
BPCL,Govt.,Bihar,Purbi Champaran,MOTIHARI,"VILL SUGAON, PO SUGAON, , City=MOTIHARI, District=CHAMPARAN-EAST,
State=Bihar",26.727756,84.768099,CCS,60.0,60,2
BPCL,Govt.,Bihar,Muzaffarpur,DHOLI,"VILLAGE - RUPAM PATTI CHOWK, PO BISHANPUR BAGHNAGARI PS SAKARA, ,
City=DHOLI, District=MUZZAFARPUR,BIHAR, State=Bihar",25.994644,85.522863,CCS,60.0,60,2
BPCL,Govt.,Bihar,SARAN,DAFTARPUR,"VILLAGE DAFTARPUR, VILLAGE DAFTARPUR, , City=DAFTARPUR,
District=SARAN, State=Bihar",25.733223,84.84792,CCS,60.0,60,2
BPCL,Govt.,Bihar,PURNIA,PURNIA,"VILL-SARWAILY,PO-BARAIDGAH, PS-AMOUR, , City=PURNIA,
District=PURNIA, State=Bihar",25.822542,87.654693,CCS,60.0,60,2
BPCL,Govt.,Bihar,SIWAN,SIWAN,"VILLSURAPUR, P.O CHAPIYA BUJURG, , City=SIWAN, District=SIWAN,
State=Bihar",26.212897,84.373455,Bharat AC,3.0,3,1
BPCL,Govt.,Bihar,SITAMARHI,SONBARSA,"YOGIWANA, YOGIWANA, , City=SONBARSA, District=SITAMARHI, State=Bihar",26.815791,85.56759,CCS,60.0,60,2
Ather,Private,Chandigarh,Chandigarh,Chandigarh,"F-446 Phase 8/B Sector 91 Near Behgal Hospital, Mohali",30.701159,76.682882,LEV DC Charge Point (IS-17017-2-7),3.3,3.3,1
Ather,Private,Chandigarh,Chandigarh,Chandigarh,"F-446 Phase 8/B sector 91 near Behgal Hospital, Mohali",30.701159,76.682882,LEV DC Charge Point (IS-17017-2-7),3.3,3.3,1
Ather,Private,Chandigarh,Chandigarh,Chandigarh,"Plot No. 181/46 , Ground Floor, Palladium Tower, Industrial Area Phase 1, Chandigarh-",30.702634,76.794294,LEV DC Charge Point (IS-17017-2-7),3.3,3.3,1
BHEL,Govt.,Chandigarh,Chandigarh,Chandigarh,"CITCO LPG & Petrol Station, SEC 38 West, Chandigarh, 160036",30.745,76.737,Bharat DC-001,15.0,15,1
Fortum,Private,Chandigarh,Chandigarh,Chandigarh,"Amar Ss, Chandigarh",30.741129,76.724255,CCS-II,60.0,60,1
Fortum,Private,Chandigarh,Chandigarh,Chandigarh,"Vishal Ss, Chandigarh",30.702168,76.786605,CCS-II,60.0,60,1
IOCL,Govt.,Chandigarh,Chandigarh,Chandigarh,Industrial Area Phase-Iii Chandigarh Ut Chandigarh Ut,30.687613,76.825036,Type-II AC,7.4,7.4,1
NTPC,Govt.,Chandigarh,Chandigarh,Chandigarh,Kapoor S S,30.724312,76.77087,Bharat AC-001,10.0,3.3,1
Power bank green,Private,Chandigarh,Chandigarh,Chandigarh,"Rockrose Ac, Chandigarh",30.71804,76.77623,CCS-II,25.0,25,1
Reliance BP,Private,Chandigarh,Chandigarh,Chandigarh,"Nexus Elante, Plot No. 178 -178A, Industrial & Business Park Phase - 1, Chandigarh, 160002",30.707013,76.800313,CCS-II,60.0,60,1
Reliance BP,Private,Chandigarh,Chandigarh,Chandigarh,"Nexus Elante, Plot No. 178 -178A, Industrial & Business Park Phase - 1, Chandigarh, 160002",30.707013,76.800313,Type-II AC,7.5,7.5,1
Sharify,Private,Chandigarh,Chandigarh,Chandigarh,"Nexus Elante Basement 2 (Entry Gate 3), Elante Mall, Csj Infrastructure Pvt. Ltd, # 178, Office Building, 1St Floor, Chandigarh Industrial & Business Park Chandigarh Chandigarh  160002",30.7061,76.801399,CCS-II,60.0,60,1
Tata Power,Private,Chandigarh,Chandigarh,Chandigarh,"Ashwani Automobiles, Industrial Area I, No 54 Phase 2, Industrial Area , Chandigarh- 160002",30.700282,76.789776,CCS-II,60.0,60,1
Tata Power,Private,Chandigarh,Chandigarh,Chandigarh,"Iocl - Coco It Park, Bhagwanpura, It Habitat, Rajiv Gandhi Chandigarh Technology Park, Bhagwanpura, Chandigarh- 160101",30.731143,76.836682,Combo (CCS-II+CHAdeMO),25.0,25,2
Tata Power,Private,Chandigarh,Chandigarh,Chandigarh,"Joshi Hyundai, Plot No. 66, Industrial Area, Phase - 2, Chandigarh-160002",30.700315,76.789482,CCS-II,60.0,60,1
Tata Power,Private,Chandigarh,Chandigarh,Chandigarh,"Rsa Motors, Industrial Area Ii, Plot No.40, Industrial Area, Phase Ii, Chandigarh - 160002",30.699052,76.785531,Combo (CCS-II+CHAdeMO),30.0,30,2
Ather,Private,Chhattisgarh,Raipur,Raipur,"Near Vedanta Balco Medical Center, Sector 24, Nawagaon Parsatti, Naya Raipur, Chhattisgarh",21.134229,81.77231,LEV DC Charge Point (IS-17017-2-7),3.3,3.3,1
Ather,Private,Chhattisgarh,Raipur,Raipur,"Shop No. 12 Jai Shadaram Market Dhamtari Road, Nh30, Raipur, Chhattisgarh",21.188934,81.701523,LEV DC Charge Point (IS-17017-2-7),3.3,3.3,1
Ather,Private,Chhattisgarh,Raipur,Raipur,"Area 36 Road, Airport Rd, Near Raipur, Raipur, Chhattisgarh 492015",21.191177,81.727318,LEV DC Charge Point (IS-17017-2-7),3.3,3.3,1
Ather,Private,Chhattisgarh,Raipur,Raipur,"Sh7, Guru Nanak Nagar, Durg, Chhattisgarh 491001",21.198847,81.288528,LEV DC Charge Point (IS-17017-2-7),3.3,3.3,1
Ather,Private,Chhattisgarh,Raipur,Raipur,"Commercial Complex, Next To Bhilai Scan Centre, Nehru Nagar East, Nehru Nagar, Chhattisgarh",21.206265,81.328537,LEV DC Charge Point (IS-17017-2-7),3.3,3.3,1
Ather,Private,Chhattisgarh,Raipur,Raipur,Vip Rd,21.211133,81.699445,LEV DC Charge Point (IS-17017-2-7),3.3,3.3,1
Ather,Private,Chhattisgarh,Raipur,Raipur,"Nehru Nagar Main Rd, Bhilai, Chhattisgarh 490006",21.217332,81.330205,LEV DC Charge Point (IS-17017-2-7),3.3,3.3,1
Ather,Private,Chhattisgarh,Raipur,Raipur,"Vip Rd, Vishal Nagar, Raipur, Chhattisgarh 492006",21.229719,81.684851,LEV DC Charge Point (IS-17017-2-7),3.3,3.3,1
Ather,Private,Chhattisgarh,Raipur,Raipur,"National Highway 6, Jivan Vihar, Labhandih, Chhattisgarh",21.239994,81.68409,LEV DC Charge Point (IS-17017-2-7),3.3,3.3,1
Ather,Private,Chhattisgarh,Raipur,Raipur,"75, Jalvihar Colony Rd, Civil Lines, Raipur, Chhattisgarh",21.240476,81.657498,LEV DC Charge Point (IS-17017-2-7),3.3,3.3,1
Ather,Private,Chhattisgarh,Raipur,Raipur,"Indraprastha Hotel, Nh53, Kumhari, Near Sai Mandir, Raipur, Chhattisgarh",21.241613,81.496037,LEV DC Charge Point (IS-17017-2-7),3.3,3.3,1
Ather,Private,Chhattisgarh,Raipur,Raipur,"Ec Location:  Atherspace Raipur, Shop No.2, Ground Floor, Plot No. 11/5, Block No. 94, Beside Hotel Mayura, Jai Stambh Chowk, Raipur, Chhattisgarh",21.243932,81.634728,LEV DC Charge Point (IS-17017-2-7),3.3,3.3,1
EESL,Govt.,Chhattisgarh,Raipur,Raipur,"Cbd Mantraly Nava Raipur , Atal Nagar Raipur Dist. 492101 Chhatisgarh",21.175709,81.768714,Bharat DC-001,15.0,15,1
EESL,Govt.,Chhattisgarh,Raipur,Raipur,"Cbd Mantraly Nava Raipur , Atal Nagar Raipur Dist. 492101 Chhatisgarh",21.175709,81.768714,Combo (CCS-II + CHAdeMo + Type II),122.0,50+50+22,3
EESL,Govt.,Chhattisgarh,Raipur,Raipur,"Nranvp, Paryavas Bhawan, North Block, Sector 19, Naya Raypur Marg, Atal Nagar Raipur",21.164407,81.788573,Bharat DC-001,15.0,15,1
EESL,Govt.,Chhattisgarh,Raipur,Raipur,"Nranvp, Paryavas Bhawan, North Block, Sector 19, Naya Raypur Marg, Atal Nagar Raipur",21.164407,81.788573,Combo (CCS-II + CHAdeMo + Type II),122.0,50+50+22,3
HPCL,Govt.,Chhattisgarh,Balod,Dhanora,"14Th Battalion Cafvill- Dhanora, Balod",20.696683,81.367921,Type-II AC,7.4,7.4,1
HPCL,Govt.,Chhattisgarh,Narayanpur,Narayanpur,Benur,19.661884,81.428953,Type-II AC,7.0,7,1
HPCL,Govt.,Chhattisgarh,Balodabazar-Bhatapara,Balodabazar-Bhatapara,Bhatapara,21.72644,81.982034,Type-II AC,7.0,7,1
HPCL,Govt.,Chhattisgarh,Rajnandgaon,Rajnandgaon,Boria Mokasa,20.474374,80.882124,Type-II AC,7.0,7,1
HPCL,Govt.,Chhattisgarh,Jashpur,Farsabahar,Champaa Fuelsfarsabahar,22.507045,83.854484,Type-II AC,7.4,7.4,1
HPCL,Govt.,Chhattisgarh,Balodabazar-Bhatapara,Balodabazar-Bhatapara,Chichirda,21.69463,82.319318,Type-II AC,7.0,7,1
HPCL,Govt.,Chhattisgarh,Kabeerdham,Kabeerdham,Dashrangpur,21.89289,81.366474,Type-II AC,7.0,7,1
HPCL,Govt.,Chhattisgarh,Bilaspur,Bilaspur,Dheka,22.026903,82.223927,Type-II AC,7.0,7,1
HPCL,Govt.,Chhattisgarh,Durg,"Hasda, Durg","G.V. Fuelshasda, Durg",21.304203,81.201021,Type-II AC,7.4,7.4,1
HPCL,Govt.,Chhattisgarh,Gariyaband,Gariyaband,Gariabandh,20.637782,82.059152,Type-II AC,7.0,7,1
HPCL,Govt.,Chhattisgarh,Mahasamund,Mahasamund,"HPCL petrol pump, Mahasamund",21.088821,82.091438,Bharat AC-001,3.0,3,1
HPCL,Govt.,Chhattisgarh,Mahasamund,Mahasamund,"HPCL petrol pump, Mithlesh Mahasamund",21.344202,82.985167,Bharat AC-001,3.0,3,1
HPCL,Govt.,Chhattisgarh,Bilaspur,Bilaspur,"HPCL, bilaspur",22.771148,81.956706,Bharat AC-001,3.0,3,1
HPCL,Govt.,Chhattisgarh,Bilaspur,Bilaspur,"HPCL, D/L - Mahesh,bilaspur",22.086943,82.142549,Bharat AC-001,3.0,3,1
HPCL,Govt.,Chhattisgarh,Jashpur,Jashpur,"HPCL, jashpur",22.985549,83.403776,Bharat AC-001,3.0,3,1
HPCL,Govt.,Chhattisgarh,Korea,Korea,"HPCL, korea",23.713227,81.791338,Bharat AC-001,3.0,3,1
HPCL,Govt.,Chhattisgarh,Mungeli,Mungeli,"HPCL, mungeli",22.125818,81.85884,Bharat AC-001,3.0,3,1
HPCL,Govt.,Chhattisgarh,Bilaspur,Bilaspur,Jhondhra,21.72929,82.340178,Type-II AC,7.0,7,1
HPCL,Govt.,Chhattisgarh,Korba,Korba,Kosamadi,22.36293,82.73158,Type-II AC,7.0,7,1
HPCL,Govt.,Chhattisgarh,Surguja,Devgard,Mahadev Fuelsdevgard,23.164997,83.23332,Type-II AC,7.4,7.4,1
HPCL,Govt.,Chhattisgarh,Korba,Korba,Mandendragarh,23.209524,82.204338,Type-II AC,7.0,7,1
HPCL,Govt.,Chhattisgarh,Rajnandgaon,Rajnandgaon,Manki,21.113343,81.099451,Type-II AC,7.0,7,1
HPCL,Govt.,Chhattisgarh,Uttar Bastar Kanker,Uttar Bastar Kanker,Markatola,20.301791,81.335476,Type-II AC,7.0,7,1
HPCL,Govt.,Chhattisgarh,Balod,Tekapar,"Ms Hsd Geeta Fuels Tekapar, Balod",20.747911,81.237943,Type-II AC,7.4,7.4,1
HPCL,Govt.,Chhattisgarh,Bilaspur,Lagra,Ms Hsd Karan Fuelslagra,22.102627,82.230212,Bharat AC-001,3.3,3.3,1
HPCL,Govt.,Chhattisgarh,Raipur,Baradera,"Ms Hsd Khyati And Taani Fuels           Baradera, Raipur",21.267745,81.758782,Type-II AC,7.4,7.4,1
HPCL,Govt.,Chhattisgarh,Raipur,"Kabirchowk, Raipur","Ms Hsd N R Fuels                         Kabirchowk, Raipur",21.251111,81.619544,Type-II AC,7.4,7.4,1
HPCL,Govt.,Chhattisgarh,Raipur,"Tatiband, Raipur","Ms Hsd Raipur Fuels           Tatiband, Raipur",21.259866,81.575454,Type-II AC,7.4,7.4,1
HPCL,Govt.,Chhattisgarh,Raipur,Amaseoni,"Ms Hsd Shanti Petroleum                 Amaseoni, Raipur",21.2804,81.70449,Type-II AC,7.4,7.4,1
HPCL,Govt.,Chhattisgarh,Raipur,"Gogaon, Raipur","Ms Hsd Shanvi Fuels                      Gogaon, Raipur",21.28017,81.605732,Type-II AC,7.4,7.4,1
HPCL,Govt.,Chhattisgarh,Raipur,"Bhatagaon, Raipur","Ms Hsd Shri Bhomiyaji Petroleum         Bhatagaon, Raipur",21.216851,81.624415,Type-II AC,7.4,7.4,1
HPCL,Govt.,Chhattisgarh,Dakshin Bastar Dantewada,Gamawada,Ms/Hsd Gajlu Guruji Petroleum           Gamawada,18.819822,81.331573,Bharat AC-001,3.3,3.3,1
HPCL,Govt.,Chhattisgarh,Bastar,Amoda,"Ms/Hsd Hp Dhansir Fuels                 Amoda,",20.378205,81.576802,Bharat AC-001,3.3,3.3,1
HPCL,Govt.,Chhattisgarh,Sukma,Chindgarh,Ms/Hsd Hp Kalamraj Fuels Chindgarh      Chindgarh,18.523759,81.755475,Bharat AC-001,3.3,3.3,1
HPCL,Govt.,Chhattisgarh,Dhamtari,Semra,Ms/Hsd Hp Parwati Fuels                 Semra,20.944431,81.614391,Bharat AC-001,3.3,3.3,1
HPCL,Govt.,Chhattisgarh,Sukma,Sukma,Ms/Hsd J M R Petroleum Hp               Sukma,18.38498,81.669079,Bharat AC-001,3.3,3.3,1
HPCL,Govt.,Chhattisgarh,Bastar,Sohgaon,Ms/Hsd Jai Guru Fuels Pakhanjore        Sohgaon,20.028541,80.641219,Bharat AC-001,3.3,3.3,1
HPCL,Govt.,Chhattisgarh,Bastar,Kanker,Ms/Hsd Mahavir Fuels Hp                 Kanker,20.270758,81.483479,Bharat AC-001,3.3,3.3,1
HPCL,Govt.,Chhattisgarh,Narayanpur,Narayanpur,Ms/Hsd Mitan Police Petrol Pump Hp      Narayanpur,19.732312,81.241286,Type-II AC,7.4,7.4,1
HPCL,Govt.,Chhattisgarh,Mahasamund,Dokarpali,Mshsd Abhishek Fuels Dokarpali,21.135989,82.343065,Type-II AC,7.4,7.4,1
HPCL,Govt.,Chhattisgarh,Surguja,Ambikapur,Mshsd Akshay Fuels                       Ambikapur,23.124071,83.182777,Bharat AC-001,3.3,3.3,1
HPCL,Govt.,Chhattisgarh,Rajnandgaon,Rajnandgaon,"Mshsd Amrit Fuelsvill- Jalbanda, Rajnandgaon",21.36163,81.161051,Type-II AC,7.4,7.4,1
HPCL,Govt.,Chhattisgarh,Raigarh,Darramauda,Mshsd Anguri Petroleum                  Darramauda,21.838875,83.419826,Type-II AC,7.4,7.4,1
HPCL,Govt.,Chhattisgarh,Surguja,Ambikapur,Mshsd Arya Fuels                         Ambikapur,23.122239,83.206306,Bharat AC-001,3.3,3.3,1
HPCL,Govt.,Chhattisgarh,Janjgir-Champa,Birra,Mshsd Ashoka Anmol Petroleum            Birra,21.762288,82.775371,Type-II AC,7.4,7.4,1
HPCL,Govt.,Chhattisgarh,Raigarh,Kunjara,Mshsd Durga Fuels                        Kunjara,22.380372,83.581583,Type-II AC,7.4,7.4,1
HPCL,Govt.,Chhattisgarh,Bastar,Koilibed,Mshsd Durga Petrol Pump                 Koilibed,19.969116,81.005078,Bharat AC-001,3.3,3.3,1
HPCL,Govt.,Chhattisgarh,Korea,Sorga,"Mshsd Girish Fuels, Sorga",23.325624,82.746994,Type-II AC,7.4,7.4,1
HPCL,Govt.,Chhattisgarh,Bilaspur,Seepat,Mshsd J K Fuel Pointseepat,22.154181,82.340636,Type-II AC,7.4,7.4,1
HPCL,Govt.,Chhattisgarh,Rajnandgaon,Dhara,Mshsd Jai Maa Bhavani Fuels             Dhara,21.256563,80.857579,Bharat AC-001,3.3,3.3,1
HPCL,Govt.,Chhattisgarh,Surguja,Rajprui Kala,Mshsd Kamal Fuels                        Rajprui Kala,23.028624,83.078854,Type-II AC,7.4,7.4,1
HPCL,Govt.,Chhattisgarh,Rajnandgaon,Acholi,Mshsd Kunal Fuels                        Acholi,21.194505,80.77222,Bharat AC-001,3.3,3.3,1
HPCL,Govt.,Chhattisgarh,Durg,Rengadabri,Mshsd Maa Bhagwati Fuel Station Rengadabri,20.769682,80.903587,Bharat AC-001,3.3,3.3,1
HPCL,Govt.,Chhattisgarh,Raipur,Limtara,Mshsd Masih Fuels Limtara,21.73751,81.792891,Type-II AC,7.4,7.4,1
HPCL,Govt.,Chhattisgarh,Raipur,"Siltara, Raipur","Mshsd Minocha And Company    Siltara, Raipur",21.239125,81.675456,Type-II AC,7.4,7.4,1
HPCL,Govt.,Chhattisgarh,Raipur,"Dumartalab, Raipur","Mshsd N. S. Fuelsdumartalab, Raipur",21.260322,81.583149,Type-II AC,7.4,7.4,1
HPCL,Govt.,Chhattisgarh,Jashpur,Jharapara,Mshsd Nanhu Bhagat Fuels                Jharapara,22.541296,83.764173,Type-II AC,7.4,7.4,1
HPCL,Govt.,Chhattisgarh,Raigarh,Gopimahka,Mshsd Nikhil Fuelsgopimahka,21.990427,83.08665,Bharat AC-001,3.3,3.3,1
HPCL,Govt.,Chhattisgarh,Rajnandgaon,Rajnandgaon,Mshsd Ramgopal Fuelsambagad Chowki -Rajnandgaon,20.821037,80.746943,Type-II AC,7.4,7.4,1
HPCL,Govt.,Chhattisgarh,Janjgir-Champa,Sukhapali,Mshsd Ramkrishna Fuels                  Sukhapali,21.785033,83.014298,Type-II AC,7.4,7.4,1
HPCL,Govt.,Chhattisgarh,Durg,Gudhiyari,Mshsd Sameer Hp Fuels                   Gudhiyari,21.010109,81.412911,Bharat AC-001,3.3,3.3,1
HPCL,Govt.,Chhattisgarh,Durg,"Murmunda, Durg","Mshsd Shiv Sai Fuelsmurmunda, Durg",21.317867,81.454542,Type-II AC,7.4,7.4,1
HPCL,Govt.,Chhattisgarh,Bilaspur,Dhaurabhata,"Mshsd Shiva Fuels, Dhaurabhata",21.948103,82.021489,Type-II AC,7.4,7.4,1
HPCL,Govt.,Chhattisgarh,Surguja,Belkota,Mshsd Shree Ram Belkota Service Centrebelkota,23.024014,83.377925,Type-II AC,7.4,7.4,1
HPCL,Govt.,Chhattisgarh,Balrampur-Ramanujganj,Wadrafnagar,Mshsd Shree Vishwanath Fuels Wadrafnagar,23.760753,83.1985,Type-II AC,7.4,7.4,1
HPCL,Govt.,Chhattisgarh,Janjgir-Champa,Akaltara,Mshsd Shri Bodhram Fuels Alaktara,22.027523,82.415077,Type-II AC,7.4,7.4,1
HPCL,Govt.,Chhattisgarh,Surguja,Ambikapur,Mshsd Shri Kripa Fuelsambikapur,23.133974,83.189563,Bharat AC-001,3.3,3.3,1
HPCL,Govt.,Chhattisgarh,Raigarh,Kharsia Town,Mshsd Shri Malu Ram Fuels               Kharsia Town,21.977671,83.109885,Bharat AC-001,3.3,3.3,1
HPCL,Govt.,Chhattisgarh,Rajnandgaon,Kaureenbhata,Mshsd Sidak Fuels                        Kaureenbhata,21.083945,81.021285,Bharat AC-001,3.3,3.3,1
HPCL,Govt.,Chhattisgarh,Bilaspur,Dagori,"Mshsd Siddham Fuels, Dagori",21.904784,82.066794,Bharat AC-001,3.3,3.3,1
HPCL,Govt.,Chhattisgarh,Balrampur-Ramanujganj,Kamaari,Mshsd Uma Shankar Petroleum             Kamaari,23.321106,83.528043,Type-II AC,7.4,7.4,1
HPCL,Govt.,Chhattisgarh,Dhamtari,Bodra,Mshsd Vijay Fuels Bodra,20.754892,81.414501,Bharat AC-001,3.3,3.3,1
HPCL,Govt.,Chhattisgarh,Raipur,Raipur,Mshsd Vishwa Bharti Fuels              Raipur,21.373932,81.666774,Type-II AC,7.4,7.4,1
HPCL,Govt.,Chhattisgarh,Rajnandgaon,Rajnandgaon,Muretitola,20.709731,80.739719,Type-II AC,7.0,7,1
HPCL,Govt.,Chhattisgarh,Raipur,Raipur,"Near Hp Lpg Filling Plant,  Mandir Hasaud 492101",21.226757,81.782417,CCS-II,30.0,30,1
HPCL,Govt.,Chhattisgarh,Kabeerdham,Kabeerdham,Odiyakalan,21.891373,81.174748,Type-II AC,7.0,7,1
HPCL,Govt.,Chhattisgarh,Raipur,Raipur,Opp Railway Station Mandir Hasaud,21.201539,81.700487,CCS-II,30.0,30,1
HPCL,Govt.,Chhattisgarh,Raipur,Raipur,"P.O. Ravigram,  Telibandha",21.239503,81.67563,CCS-II,30.0,30,1
HPCL,Govt.,Chhattisgarh,Dakshin Bastar Dantewada,Dakshin Bastar Dantewada,Pandripani,19.062689,81.960077,Type-II AC,7.0,7,1
HPCL,Govt.,Chhattisgarh,Jashpur,Sanna,R G Fuelssanna,22.942,83.645,Type-II AC,7.4,7.4,1
HPCL,Govt.,Chhattisgarh,Bemetara,Bemetara,Rakhi,21.595203,81.356017,Type-II AC,7.0,7,1
HPCL,Govt.,Chhattisgarh,Korba,Korba,Sarai Singar,22.30004,82.552539,Type-II AC,7.0,7,1
HPCL,Govt.,Chhattisgarh,Bemetara,"Vill- Basni, Bemetra","Sharma Highway Filling Stationvill- Basni, Bemetra",21.657066,81.600655,Type-II AC,7.4,7.4,1
IOCL,Govt.,Chhattisgarh,Bilaspur,Bilaspur,Near Bus Standpendrash-4 Tehsil Pendra Road Sh 4 Dist. Bilaspurc.G.,22.769559,81.954691,LEV AC Charge point,3.3,3.3,1
IOCL,Govt.,Chhattisgarh,Bilaspur,Bilaspur,Vill- Hirri(Bilha Mode) Raipur Bilaspur Road Distt Bilaspur,21.948683,82.023428,CCS-II,30.0,30,1
IOCL,Govt.,Chhattisgarh,Surguja,Surguja,Ambedkar Chowk Banaras Road Ambikapur Dist Surguja Cg,23.1323,83.1818,LEV AC Charge point,3.3,3.3,1
IOCL,Govt.,Chhattisgarh,Mungeli,Mungeli,At: Mohabhatta Tehsil: Pathariya Dist: Mungeli,21.882167,81.956791,Type-II AC,7.4,7.4,1
IOCL,Govt.,Chhattisgarh,Rajnandgaon,Rajnandgaon,At:Arjunda Post:Arjunda Tehsil- Balod,20.94,81.2,LEV AC Charge point,3.3,3.3,1
IOCL,Govt.,Chhattisgarh,Bilaspur,Bilaspur,Bilaspur Sipat Roadmopka Mopka Bilaspur,22.0922,82.2123,LEV AC Charge point,3.3,3.3,1
IOCL,Govt.,Chhattisgarh,Raigarh,Raigarh,Dhimrapur Chowk Raigarh Cg,21.914772,83.387054,LEV AC Charge point,3.3,3.3,1
IOCL,Govt.,Chhattisgarh,Mahasamund,Mahasamund,Gram Jagdeeshpur Bilaspur Basna Road Dist Mahasamund,21.3411,82.7647,LEV AC Charge point,3.3,3.3,1
IOCL,Govt.,Chhattisgarh,Bilaspur,Bilaspur,Gram Mangla Tehsil Bilaspur Dist Bilaspur,22.098853,82.130352,LEV AC Charge point,3.3,3.3,1
IOCL,Govt.,Chhattisgarh,Mahasamund,Mahasamund,Gram Pirda Tehsil Pithora Distt Mahasamund,21.3714,82.7585,LEV AC Charge point,3.3,3.3,1
IOCL,Govt.,Chhattisgarh,Durg,Durg,Gram Sikolabhata Tehsil Durg Dist Durg,21.2155,81.2943,LEV AC Charge point,3.3,3.3,1
IOCL,Govt.,Chhattisgarh,Balrampur-Ramanujganj,Balrampur,Hn 116 Ward No 2 Ramanujganj Dist- Balrampur,23.808062,83.688008,LEV AC Charge point,3.3,3.3,1
IOCL,Govt.,Chhattisgarh,Durg,Durg,Indian Oil Dealer Vill Kodiya Tah Dhamdha,21.34486,81.346504,LEV AC Charge point,3.3,3.3,1
IOCL,Govt.,Chhattisgarh,Mahasamund,Mahasamund,Indian Oil Dealer Vill Mohka Basana To Tosgaon Road Tah Basana,21.2959,82.9247,LEV AC Charge point,3.3,3.3,1
IOCL,Govt.,Chhattisgarh,Jashpur,Jashpur,Indian Oil Dealer Vill Tapkara Tah Farshabahar,22.503287,83.949542,LEV AC Charge point,3.3,3.3,1
IOCL,Govt.,Chhattisgarh,Balod,Balod,Indian Oil Dealer Village-  Arjund Tehsil Gunderdehi Dist. Balod On Rajnandgaon- Arjunda On Sh-23 Ro,20.957912,81.190194,LEV AC Charge point,3.3,3.3,1
IOCL,Govt.,Chhattisgarh,Rajnandgaon,Rajnandgaon,Indian Oil Dealer Village-  Dudiya Tehsil Rajnandgaon Dist. Rajnandga On Damoda - Dudiya Road,21.25086,81.161211,LEV AC Charge point,3.3,3.3,1
IOCL,Govt.,Chhattisgarh,Mungeli,Mungeli,Indian Oil Dealer Village- Deori Tehsil  Mungeli Dist. Mungeli On Bilaspur - Mungeli Road On Nh 13,22.08152,81.721206,LEV AC Charge point,3.3,3.3,1
IOCL,Govt.,Chhattisgarh,Bilaspur,Bilaspur,Indian Oil Dealer Village- Jarhabh Tehsil Bilaspur  District Bilaspur On Indu Chowk Rajiv Gandhi Chowk Ro,22.078498,82.140546,LEV AC Charge point,3.3,3.3,1
IOCL,Govt.,Chhattisgarh,Raipur,Raipur,Indian Oil Dealer Village Jhanki Tah Abhanpur,21.078758,81.749795,LEV AC Charge point,3.3,3.3,1
IOCL,Govt.,Chhattisgarh,Balod,Balod,Indian Oil Dealer Village Kannewad Tehsil Balod Dis On Purur - Balod Road On Nh-930,20.692998,81.311972,LEV AC Charge point,3.3,3.3,1
IOCL,Govt.,Chhattisgarh,Raipur,Raipur,Indian Oil Dealer Village Patewa Tah Abhanpur,20.979613,81.820394,LEV AC Charge point,3.3,3.3,1
IOCL,Govt.,Chhattisgarh,Surguja,Surguja,Indian Oil Retail Outlet Vill: Gangapur Khurd Gaurav Path,23.113271,83.182313,LEV AC Charge point,3.3,3.3,1
IOCL,Govt.,Chhattisgarh,Durg,Durg,Krishna Nagar Nh 6 Supela Bhilai Dist.Durg(C.G.),21.20605,81.342709,LEV AC Charge point,3.3,3.3,1
IOCL,Govt.,Chhattisgarh,Bilaspur,Bilaspur,Kumhari Marwahi Dist-Bilaspur,23.002182,82.054573,LEV AC Charge point,3.3,3.3,1
IOCL,Govt.,Chhattisgarh,Balodabazar-Bhatapara,Balodabazar,Limahi Sakri To Baloda Bazar Dist-Baloda Bazar,21.641291,82.178953,LEV AC Charge point,3.3,3.3,1
IOCL,Govt.,Chhattisgarh,Dhamtari,Dhamtari,Magarlod Dist-Dhamtari Magarlod,20.75449,81.85146,LEV AC Charge point,3.3,3.3,1
IOCL,Govt.,Chhattisgarh,Janjgir-Champa,Janjgir,Main Road Sakti Sakti Distt.Janjgir Champa,22.022993,82.956367,LEV AC Charge point,3.3,3.3,1
IOCL,Govt.,Chhattisgarh,Mungeli,Mungeli,Mungeli Man-2 Tehsil Mungeli Dist Mungeli,22.070648,81.683673,LEV AC Charge point,3.3,3.3,1
IOCL,Govt.,Chhattisgarh,Durg,Durg,Nandini  Ahiwara Distt. Durg Chattisgarh,21.354888,81.394063,LEV AC Charge point,3.3,3.3,1
IOCL,Govt.,Chhattisgarh,Durg,Durg,Nandini Road Chavni Chowk Bhilai Dist.Durg C.G.,21.22155,81.380794,LEV AC Charge point,3.3,3.3,1
IOCL,Govt.,Chhattisgarh,Mahasamund,Mahasamund,Near Lic Building Main Road Mahasamund Mahasamund,21.117376,82.086628,LEV AC Charge point,3.3,3.3,1
IOCL,Govt.,Chhattisgarh,Raipur,Raipur,Near Rly Stn Tilda Tilda Distt. Raipur(C.G.),21.553446,81.796807,LEV AC Charge point,3.3,3.3,1
IOCL,Govt.,Chhattisgarh,Durg,Durg,Near Science College Durg (Cg) Durg (Cg),21.1947,81.296,LEV AC Charge point,3.3,3.3,1
IOCL,Govt.,Chhattisgarh,Bilaspur,Bilaspur,Near Secl Hqsipat Road Seepat Road Cg-495006,22.09553,82.16876,LEV AC Charge point,3.3,3.3,1
IOCL,Govt.,Chhattisgarh,Rajnandgaon,Rajnandgaon,Nh-6 Ge Road Bagh Nadi Dist-Rajnandgaon(Cg),21.0728,80.4553,CCS-II,60.0,60,1
IOCL,Govt.,Chhattisgarh,Rajnandgaon,Rajnandgaon,Nh-6 Ge Road Rajnandgaon City Dist Rajnandgaon (C.G),21.099071,81.04528,LEV AC Charge point,3.3,3.3,1
IOCL,Govt.,Chhattisgarh,Mahasamund,Mahasamund,Nh-6 Pithora Mahasamund Chattisgarh,21.2537,82.5221,LEV AC Charge point,3.3,3.3,1
IOCL,Govt.,Chhattisgarh,Durg,Durg,Nh-6 Vill. Janjgiri Kumhari Dist. Durg (Cg) Cg-490042,21.2426,81.4975,LEV AC Charge point,3.3,3.3,1
IOCL,Govt.,Chhattisgarh,Bemetara,Bemetara,Odiya (Bemetara-Kawardha Road) Tehsil-Thankhamhariya Dist-Bemetara,21.8684,81.4049,LEV AC Charge point,3.3,3.3,1
IOCL,Govt.,Chhattisgarh,Raipur,Raipur,Samoda Dist-Raipur Chhatishgarh,21.280485,82.071248,LEV AC Charge point,3.3,3.3,1
IOCL,Govt.,Chhattisgarh,Raigarh,Raigarh,Stone No 56 To 59 Vill - Timarlaga Raigarh Sarangarh Road,21.6994,83.2173,LEV AC Charge point,3.3,3.3,1
IOCL,Govt.,Chhattisgarh,Janjgir-Champa,Janjgir,Tarodakaltara Akaltara Distt.Janjgir Champa,21.994493,82.431585,LEV AC Charge point,3.3,3.3,1
IOCL,Govt.,Chhattisgarh,Raipur,Raipur,Tekari Bridge Vidhan Sabha Road Raipur,21.319396,81.685076,LEV AC Charge point,3.3,3.3,1
IOCL,Govt.,Chhattisgarh,Janjgir-Champa,Janjgir,Tirupati Refractory Near Railway Station Champa,22.0174,82.8643,LEV AC Charge point,3.3,3.3,1
IOCL,Govt.,Chhattisgarh,Korba,Korba,Transport Nagar Korba Cg,22.359055,82.708695,LEV AC Charge point,3.3,3.3,1
IOCL,Govt.,Chhattisgarh,Mahasamund,Mahasamund,Vill & Post Bhanwarpur Tah.Basna Diat. Mahasamund,21.3638,82.898,LEV AC Charge point,3.3,3.3,1
IOCL,Govt.,Chhattisgarh,Bemetara,Bemetara,Vill. &  Post Berla Distt. Durg (Cg) Cg,21.522535,81.477692,LEV AC Charge point,3.3,3.3,1
IOCL,Govt.,Chhattisgarh,Bemetara,Bemetara,Vill. Kobia Nh-12A Bametara Dist. Durg C.G.,21.690417,81.552992,LEV AC Charge point,3.3,3.3,1
IOCL,Govt.,Chhattisgarh,Kondagaon,Kondagaon,Vill: Aasna Tehsil: Jagdalpur Dist: Bastar,19.111287,82.041204,LEV AC Charge point,3.3,3.3,1
IOCL,Govt.,Chhattisgarh,Raipur,Raipur,Vill: Banrasi Tehsil: Raipur Dist: Raipur,21.192432,81.707092,LEV AC Charge point,3.3,3.3,1
IOCL,Govt.,Chhattisgarh,Janjgir-Champa,Janjgir,Vill: Bhurkadih Teh: Champa Dist: Janjgir Champa,22.050535,82.8094,LEV AC Charge point,3.3,3.3,1
IOCL,Govt.,Chhattisgarh,Bijapur,Bijapur,Vill: Jaitalur Tehsil: Bijapur Dist: Bijapur,18.815327,80.795204,LEV AC Charge point,3.3,3.3,1
IOCL,Govt.,Chhattisgarh,Kondagaon,Kondagaon,Vill: Kondagaon Tehsil: Kondagaon Dist: Kondagaon,19.615147,81.66603,LEV AC Charge point,3.3,3.3,1
IOCL,Govt.,Chhattisgarh,Bastar,Bastar,Vill: Markel Tehsil: Jagdalpur Dist: Bastar,19.071574,82.128655,LEV AC Charge point,3.3,3.3,1
IOCL,Govt.,Chhattisgarh,Raigarh,Raigarh,Vill: Milupara Tehsil: Tamnar Dist: Raigarh,22.18943,83.519393,LEV AC Charge point,3.3,3.3,1
IOCL,Govt.,Chhattisgarh,Dhamtari,Dhamtari,Vill: Mohlai Tehsil: Nagri Dist: Dhamtari,20.647443,81.648438,LEV AC Charge point,3.3,3.3,1
IOCL,Govt.,Chhattisgarh,Korba,Korba,Vill: Semipali Tehsil-Korba Dist-Korba,22.2771,82.7192,LEV AC Charge point,3.3,3.3,1
IOCL,Govt.,Chhattisgarh,Bilaspur,Bilaspur,Vill: Siltara Tehsil: Siltara Dist: Bilaspur,22.208187,81.831127,LEV AC Charge point,3.3,3.3,1
IOCL,Govt.,Chhattisgarh,Korba,Korba,Village : Birda Tehsil : Katghora Dist-Korba,22.268866,82.643752,LEV AC Charge point,3.3,3.3,1
IOCL,Govt.,Chhattisgarh,Janjgir-Champa,Janjgir,Village Baijalpur Tehsil Baloda Dist. Janjgir Champa,22.097475,82.61131,LEV AC Charge point,3.3,3.3,1
IOCL,Govt.,Chhattisgarh,Bilaspur,Bilaspur,Village Bartori Tehsil Bilha Dist. Bilaspur,21.867698,82.15191,Type-II AC,7.4,7.4,1
IOCL,Govt.,Chhattisgarh,Bilaspur,Bilaspur,Village Bartori Tehsil Bilha Dist. Bilaspur,21.883127,82.131363,LEV AC Charge point,3.3,3.3,1
IOCL,Govt.,Chhattisgarh,Raipur,Raipur,Village Bhurkoni Tehsil Raipur Dist. Raipur,21.313495,81.708052,LEV AC Charge point,3.3,3.3,1
IOCL,Govt.,Chhattisgarh,Surguja,Surguja,Village Chathirma Tehsil Ambikapur Dist. Surguja,23.174382,83.142507,LEV AC Charge point,3.3,3.3,1
IOCL,Govt.,Chhattisgarh,Raipur,Raipur,Village Chhachhanpairi Tehsil Abhanpur Dist. Raipur,21.116581,81.667162,LEV AC Charge point,3.3,3.3,1
IOCL,Govt.,Chhattisgarh,Raipur,Raipur,Village Chhatuna Mandir Hasaud Dist Raipur,21.2277,81.7944,CCS-II,60.0,60,1
IOCL,Govt.,Chhattisgarh,Bemetara,Bemetara,Village Deoker Tehsil Saja Dist Bemetara,21.572812,81.31966,LEV AC Charge point,3.3,3.3,1
IOCL,Govt.,Chhattisgarh,Balod,Balod,Village Dharmi Tehsil Gunderdehi Dist. Balod,20.998685,81.28929,LEV AC Charge point,3.3,3.3,1
IOCL,Govt.,Chhattisgarh,Rajnandgaon,Rajnandgaon,Village Gandai Tehsil Chhuikhadan Dist Rajnandgaon,21.667768,81.102634,LEV AC Charge point,3.3,3.3,1
IOCL,Govt.,Chhattisgarh,Balod,Balod,Village Gunderdehi Tehsil Gunderdehi Dist. Balod,20.954597,81.294034,LEV AC Charge point,3.3,3.3,1
IOCL,Govt.,Chhattisgarh,Bilaspur,Bilaspur,Village Jhal Tehsil Bilha Dist Bilaspur,21.897316,82.153632,Type-II AC,7.4,7.4,1
IOCL,Govt.,Chhattisgarh,Mungeli,Mungeli,Village Kamta Tehsil Mungeli Dist Bilaspur,22.058395,81.685431,LEV AC Charge point,3.3,3.3,1
IOCL,Govt.,Chhattisgarh,Kabeerdham,Kawardha,Village Kapadah Tehsil Pandaria Dist Kawardha,22.236806,81.531551,LEV AC Charge point,3.3,3.3,1
IOCL,Govt.,Chhattisgarh,Rajnandgaon,Rajnandgaon,Village Kaurin Bhata Tehsil Rajnandgaon Dist. Rajnandgaon,21.081686,81.018719,LEV AC Charge point,3.3,3.3,1
IOCL,Govt.,Chhattisgarh,Manendragarh-Chirmiri-B haratpur(M C B),Manendrchimrbaratpur,Village Khongapani Tehsil Manendragarh Dist. Koria,23.203621,82.15664,LEV AC Charge point,3.3,3.3,1
IOCL,Govt.,Chhattisgarh,Bilaspur,Bilaspur,Village Kirari Tehsil Masturi Dist Bilaspur,22.01331,82.274485,CCS-II,60.0,60,1
IOCL,Govt.,Chhattisgarh,Surajpur,Surajpur,Village Patappur Tehsil Patappur Dist. Surajpur,23.47311,83.211,LEV AC Charge point,3.3,3.3,1
IOCL,Govt.,Chhattisgarh,Balrampur-Ramanujganj,Balrampur,Village Raghunath Nagar Tehsil Wadrafnagar Dist. Balrampur,23.836014,82.929626,LEV AC Charge point,3.3,3.3,1
IOCL,Govt.,Chhattisgarh,Surajpur,Surajpur,Village Ramanujnagar Tehsil Ramanujnagar Dist Surajpur,23.152626,82.724289,LEV AC Charge point,3.3,3.3,1
IOCL,Govt.,Chhattisgarh,Sarangarh-Bilaigarh,Sarangarh-Bilaigarh,Village Sarangarh Tehsil Sarangarh Dist. Raigarh,21.609823,83.084317,LEV AC Charge point,3.3,3.3,1
IOCL,Govt.,Chhattisgarh,Rajnandgaon,Rajnandgaon,Village Sevtatola Tehsil Dongargaon Dist. Rajnandgaon,20.964795,80.839832,Type-II AC,7.4,7.4,1
IOCL,Govt.,Chhattisgarh,Balod,Balod,Village Sikosa Tehsil Gunderdehi Dist Balod,20.870857,81.276665,LEV AC Charge point,3.3,3.3,1
IOCL,Govt.,Chhattisgarh,Bilaspur,Bilaspur,Village Tifra Tehsil Bilaspur Dist Bilaspur,22.05954,82.130353,LEV AC Charge point,3.3,3.3,1
IOCL,Govt.,Chhattisgarh,Surguja,Surguja,Village: Ambikapur Tehsil: Ambikapur Dist: Surguja,23.124359,83.206289,LEV AC Charge point,3.3,3.3,1
IOCL,Govt.,Chhattisgarh,Durg,Durg,Village: Anjora Tehsil: Durg Dist: Durg,21.161033,81.224627,LEV AC Charge point,3.3,3.3,1
IOCL,Govt.,Chhattisgarh,Surajpur,Surajpur,Village: Bhaourhi Tehsil:Bhhaiyathan Dist: Surajpur,23.311163,82.768555,LEV AC Charge point,3.3,3.3,1
IOCL,Govt.,Chhattisgarh,Bastar,Kanker,Village: Chote Kapsi Tehsil: Pakhanjore Dist: Kanker,20.079809,80.672163,LEV AC Charge point,3.3,3.3,1
IOCL,Govt.,Chhattisgarh,Balodabazar-Bhatapara,Balodabazar,Village: Deori Tehsil: Bhatapara Dist: Baloda Bazar,21.764248,81.934653,LEV AC Charge point,3.3,3.3,1
IOCL,Govt.,Chhattisgarh,Balrampur-Ramanujganj,Balrampur,Village: Dhanora Tehsil: Balrampur Dist: Balrampur,23.621637,83.626851,LEV AC Charge point,3.3,3.3,1
IOCL,Govt.,Chhattisgarh,Mahasamund,Mahasamund,Village: Ghodari Tehsil-Mahasamund Dist: Mahasamund,21.1592,82.0334,LEV AC Charge point,3.3,3.3,1
IOCL,Govt.,Chhattisgarh,Bilaspur,Bilaspur,Village: Ghutku Tehsil: Takhatpur Dist: Bilaspur,22.178122,82.08726,LEV AC Charge point,3.3,3.3,1
IOCL,Govt.,Chhattisgarh,Janjgir-Champa,Janjgir,Village: Kalmi Tehsil: Malkharoda Dist: Janjgir Champa,21.862528,82.976714,LEV AC Charge point,3.3,3.3,1
IOCL,Govt.,Chhattisgarh,Korba,Korba,Village: Korba Tehsil: Korba Dist: Korba,22.342417,82.700772,LEV AC Charge point,3.3,3.3,1
IOCL,Govt.,Chhattisgarh,Balod,Balod,Village: Limora Tehsil: Gunderdehi Dist: Balod,20.909381,81.292069,LEV AC Charge point,3.3,3.3,1
IOCL,Govt.,Chhattisgarh,Jashpur,Jashpur,Village: Pakargaon Tehsil: Pathalgaon Dist: Jashpur,22.562342,83.517197,LEV AC Charge point,3.3,3.3,1
IOCL,Govt.,Chhattisgarh,Korba,Korba,Village: Patadi Tehsil: Korba Dist: Korba,22.243365,82.733973,LEV AC Charge point,3.3,3.3,1
IOCL,Govt.,Chhattisgarh,Korea,Koria,Village: Ratanpur Tehsil: Khadgawan Dist: Korea,23.039598,82.410614,LEV AC Charge point,3.3,3.3,1
IOCL,Govt.,Chhattisgarh,Mungeli,Mungeli,Village: Rehutatehsil: Mungeli Raipur Road Mungeli Dist: Mungeli,22.032918,81.69125,LEV AC Charge point,3.3,3.3,1
IOCL,Govt.,Chhattisgarh,Janjgir-Champa,Janjgir,Village: Risda Tehsil: Champa Dist: Janjgir Champa,21.996597,82.78485,LEV AC Charge point,3.3,3.3,1
IOCL,Govt.,Chhattisgarh,Korba,Korba,Village: Rumgera Tehsil: Korba Dist: Korba,22.4076,82.7211,LEV AC Charge point,3.3,3.3,1
IOCL,Govt.,Chhattisgarh,Surguja,Surguja,Village: Salhia Tehsil: Udiapur Dist: Surguja,22.856064,82.785851,LEV AC Charge point,3.3,3.3,1
IOCL,Govt.,Chhattisgarh,Surajpur,Surajpur,Village: Songara Tehsil: Pratppur Dist: Surajpur,23.315272,83.085029,LEV AC Charge point,3.3,3.3,1
IOCL,Govt.,Chhattisgarh,Raigarh,Raigarh,Village: Terrum Tehsil: Gharghoda Dist: Raigarh,22.2075,83.3428,LEV AC Charge point,3.3,3.3,1
IOCL,Govt.,Chhattisgarh,Bemetara,Bemetara,Village:Dadhi Tehsil: Bemetara Dist: Bemetara,21.8871,81.4701,LEV AC Charge point,3.3,3.3,1
IOCL,Govt.,Chhattisgarh,Janjgir-Champa,Janjgir,Village:Khapridih Bamnidih Tehsil:Champa,21.9171,82.7184,LEV AC Charge point,3.3,3.3,1
IOCL,Govt.,Chhattisgarh,Janjgir-Champa,Janjgir,Village-Sonthi Post Shakti Dist Janjgir Champa,22.009917,82.969199,LEV AC Charge point,3.3,3.3,1
IOCL,Govt.,Chhattisgarh,Janjgir-Champa,Janjgir,Ward No 10 Dabhra Kh No 4306/01 Vill Shukdha D Shukdha Dabhra Janjgir Champa C.G 4,21.878637,83.083499,LEV AC Charge point,3.3,3.3,1
Magenta mobility,Private,Chhattisgarh,Bilaspur,Chichirda,"Mshsd N.R.Y. Fuels,Chichirda",21.69463,82.31954,Type-II AC,7.4,7.4,1
Magenta mobility,Private,Chhattisgarh,Balod,Bhatapara,"Mshsd Sukriti Fuels, Bhatapara",21.72644,81.98199,Type-II AC,7.4,7.4,1
Magenta mobility,Private,Chhattisgarh,Bilaspur,Jhondhra,"Mshsd Vriddhi Fuels,Jhondhra",21.72929,82.34013,Type-II AC,7.4,7.4,1
Magenta mobility,Private,Chhattisgarh,Korba,Sarai Singar,"Mshsd Hp Bhumi Fuels,Sarai Singar",22.30004,82.55258,Type-II AC,7.4,7.4,1
Magenta mobility,Private,Chhattisgarh,Korba,Kosamadi,"Mshsd Shree Energies Hp,Kosamadi",22.36293,82.73153,Type-II AC,7.4,7.4,1
OLA,Private,Chhattisgarh,Raipur,Raipur,"Ravi Gram,Telibandha,Raipur",21.23959,81.6779,LEV DC Charge Point (IS-17017-2-6),7.0,7,1
Sharify,Private,Chhattisgarh,Durg,Bhilai,Nh6 Mumbai Kolkata Highway Charoda Bhilai Chhattisgarh  490025,21.2181,81.449303,LEV AC Charge point,3.3,3.3,1
Tata Power,Private,Chhattisgarh,Raipur,Raipur,"Bahubali Motors, Transport Nagar, Mumbai - Kolkata Hwy, Beside M.P Dhaba, Transport Nagar, Tatibandh, Raipur, Chhattisgarh 492099",21.25679,81.559445,CCS-II,30.0,30,1
Tata Power,Private,Chhattisgarh,Raipur,Raipur,"Bhasin Ventures, Telibandha, Nh-6, Near Chokra Nala, Labhandi Rd, Opp.
M.S. Petrol Pump P.O, Ravigram, Telibandha, Raipur, Chhattisgarh 492006",21.237817,81.689615,CCS-II,30.0,30,1
Tata Power,Private,Chhattisgarh,Bilaspur,Bilaspur,"Goyal Coal Sizing, Pendridih, Village: Sara Pendridih Seepat, Bilaspur By-Pass, Chhattisgarh 495330",22.013661,82.048799,CCS-II,30.0,30,1
Tata Power,Private,Chhattisgarh,Raipur,Raipur,"Hotel Celebration, Devendra Nagar, Jail Rd, Near Shri Gurugovind Singh Chowk, Devendra Nagar, Raipur, Chhattisgarh 492009",21.255898,81.637838,CCS-II,30.0,30,1
Tata Power,Private,Chhattisgarh,Raipur,Raipur,"Hotel Celebration, Devendra Nagar, Jail Rd, Near Shri Gurugovind Singh Chowk, Devendra Nagar, Raipur, Chhattisgarh 492009",21.255898,81.637838,Type-II AC,7.4,7.4,1
Tata Power,Private,Chhattisgarh,Rajnandgaon,Rajnandgao,"Hotel Chhattisgarh Palace, Nh53, National Highway No 53, Tumdibod, Nathu Nawagaon, Chhattisgarh 491557",21.080442,80.872043,CCS-II,30.0,30,1
Tata Power,Private,Chhattisgarh,Raigarh,Jagdalpur,"Jagdalpur Motors, Geedam Road, Geedam Rd, Pandripan, Chhattisgarh 492099",19.06578,81.963596,CCS-II,30.0,30,1
Tata Power,Private,Chhattisgarh,Raipur,Raipur,"Le Roi, Raipur, Raipur Railway Station, Loco Colony, Gudhiyari, Raipur, Chattisgarh - 492009",21.255366,81.62943,CCS-II,30.0,30,1
Tata Power,Private,Chhattisgarh,Raipur,Raipur,"Le Roi, Raipur, Raipur Railway Station, Loco Colony, Gudhiyari, Raipur, Chattisgarh - 492009",21.255366,81.62943,Type-II AC,7.4,7.4,1
Tata Power,Private,Chhattisgarh,Raipur,Raipur,"Mg Raipur, Ring Road, Ring Road No.1, Raipura, Chattisgarh Raipur-492099",21.237907,81.585515,Combo (CCS-II+CHAdeMO),25.0,25,2
Tata Power,Private,Chhattisgarh,Raipur,Raipur,"Prince Guest House & Restaurant, Transport Nagar, In Front Of Parking No 6 Transport Nagar, Rawa Bata, Raipur, Chhattisgarh 492003",21.319443,81.637297,CCS-II,30.0,30,1
Tata Power,Private,Chhattisgarh,Rajnandgaon,Rajnandgaon,"Sairam Automobiles & Services Pvt Ltd, Nh6 , Near Mahaveer College Of Ayurvedic Science,  Sundra, Chhattisgarh 491441",21.11037,81.093326,CCS-II,30.0,30,1
Tata Power,Private,Chhattisgarh,Durg,Bhilai,"Sairam Automobiles, Krishna Nagar, Sairam Auto G. E Road, Krishna Nagar, Supela, Bhilai, Chhattisgarh 490023",21.216539,81.401487,Combo (CCS-II+CHAdeMO),25.0,25,2
Tata Power,Private,Chhattisgarh,Durg,Khursipar,"Sairam Automobiles, Light Industrial Area,  Zone Iii, Light Industrial Area, Khursipar, Chhattisgarh 490011",21.206036,81.341861,Combo (CCS-II+CHAdeMO),25.0,25,2
Tata Power,Private,Chhattisgarh,Raipur,Raipur,"Sayaji Hotels Limited, Raipur, Ge Road, Behind Magneto Mall, Raipur − 492006",21.24549,81.685753,CCS-II,30.0,30,1
Tata Power,Private,Chhattisgarh,Raipur,Raipur,"Sayaji Hotels Limited, Raipur, Ge Road, Behind Magneto Mall, Raipur − 492006",21.24549,81.685753,Type-II AC,7.4,7.4,1
BPCL,Govt.,Chhattisgarh,KORBA,KATGHORA,"#, #, , City=KATGHORA, District=KORBA, State=Chhattisgarh",22.696831,82.372857,CCS,60.0,60,2
BPCL,Govt.,Chhattisgarh,RAIPUR,MUJGHAN,"-, -, , City=MUJGHAN, District=RAIPUR, State=Chhattisgarh",21.175208,81.661291,CCS,60.0,60,2
BPCL,Govt.,Chhattisgarh,RAIPUR,ABHANPUR,"ABHANPUR, DHAMTARI ROAD, , City=ABHANPUR, District=RAIPUR,
State=Chhattisgarh",21.043405,81.732243,CCS,30.0,30,1
BPCL,Govt.,Chhattisgarh,RAIPUR,RAIPUR,"AMANAKA, AMANAKA, , City=RAIPUR, District=RAIPUR, State=Chhattisgarh",21.25304,81.598625,CCS,60.0,60,2
BPCL,Govt.,Chhattisgarh,RAIPUR,RAIPUR,"AMASEONI, NEAR VIDHANSABHA BRIDGE, , City=RAIPUR, District=RAIPUR,
State=Chhattisgarh",21.28622,81.719795,Bharat AC,3.0,3,1
BPCL,Govt.,Chhattisgarh,JASHPUR,BAGICHA,"AMBIKAPUR ROAD, #, , City=BAGICHA, District=JASHPUR, State=Chhattisgarh",22.967009,83.638043,CCS,60.0,60,2
BPCL,Govt.,Chhattisgarh,KORBA,KATGHORA,"AMBIKAPUR ROAD, KATGHORA, , City=KATGHORA, District=KORBA,
State=Chhattisgarh",22.521121,82.545945,CCS,60.0,60,2
BPCL,Govt.,Chhattisgarh,RAIPUR,SILTARA VILL SANKARA PHASE II,"AMENITIES AREA, PHASE II,, INDUSTRIAL GROWTH CENTRE, , City=SILTARA
VILL SANKARA PHASE II, District=RAIPUR, State=Chhattisgarh",21.36463,81.663592,CCS,30.0,30,1
BPCL,Govt.,Chhattisgarh,SURAJPUR,PRATAPPUR,"AT AMANDON, PRATAPPUR, , City=PRATAPPUR, District=SURAJPUR,
State=Chhattisgarh",23.484682,83.202188,CCS,30.0,30,1
BPCL,Govt.,Chhattisgarh,Balodabazar-Bhatapara,BALODA BAZAR,"BALODABAZAR, RAIPUR - BALODA BAZAR ROAD, , City=BALODA BAZAR,
District=BALODABAZAR, State=Chhattisgarh",21.652376,82.171898,CCS,60.0,60,2
BPCL,Govt.,Chhattisgarh,RAIPUR,RAIPUR,"BHARAT PETROLEUM DEALERS, VILLAGE - KAGDEHI, , City=RAIPUR,
District=RAIPUR, State=Chhattisgarh",21.285737,82.0858,CCS,30.0,30,1
BPCL,Govt.,Chhattisgarh,Balodabazar-Bhatapara,BALODABAZAR,"BHARSELI ON SH 10, BALODABAZAR, , City=BALODABAZAR,
District=BALODABAZAR, State=Chhattisgarh",21.672521,82.104442,Bharat AC,3.0,3,1
BPCL,Govt.,Chhattisgarh,DHAMTARI,SIHAWA,"BHITARRAS,SIHAWA,NAGRI, #, , City=SIHAWA, District=DHAMTARI,
State=Chhattisgarh",20.310686,81.907735,Bharat AC,3.0,3,1
BPCL,Govt.,Chhattisgarh,BIJAPUR,BIJAPUR,"BIJAPUR ON NH-63, BIJAPUR, , City=BIJAPUR, District=BIJAPUR,
State=Chhattisgarh",18.848945,80.802766,CCS,60.0,60,2
BPCL,Govt.,Chhattisgarh,Kabeerdham,BIRKONA,"BIRKONA,  TAHSIL-KAWARDHA, #, , City=BIRKONA, District=KAWARDHA,
State=Chhattisgarh",21.975607,81.31434,CCS,30.0,30,1
BPCL,Govt.,Chhattisgarh,Khairagarh-Chhuikhadan-Gandai,KHAIRAGARH,"BLCOK NO.1, CIVIL LINES, SH5, , City=KHAIRAGARH, District=KHAIRGARH
CHHUIKHADA, State=Chhattisgarh",21.428183,80.973909,Bharat AC,3.0,3,1
BPCL,Govt.,Chhattisgarh,RAIGARH,NAWA,"CHAAL-GHARGHODA ROAD SH17, NAWAPARA TE, , City=NAWA,
District=RAIGARH, State=Chhattisgarh",22.14303,83.244378,CCS,60.0,60,2
BPCL,Govt.,Chhattisgarh,BILASPUR,CHAKARBHATA,"CHAKARBHATA, BODRI, , City=CHAKARBHATA, District=BILASPUR,
State=Chhattisgarh",22.011675,82.098867,CCS,60.0,60,2
BPCL,Govt.,Chhattisgarh,Janjgir-Champa,CHAMPA,"CHAMPA, TEHSIL CHAMPA, , City=CHAMPA, District=JANJGIR CHAMPA,
State=Chhattisgarh",22.029487,82.651756,Bharat AC,3.0,3,1
BPCL,Govt.,Chhattisgarh,Balodabazar-Bhatapara,CHANDERI,"CHANDERI,, SIMGA BILASPUR RD, NH-30, , City=CHANDERI,
District=BALODABAZAR, State=Chhattisgarh",21.687731,81.764455,CCS,30.0,30,1
BPCL,Govt.,Chhattisgarh,Janjgir-Champa,PAMGARH,"CHANDIPARA, TEHSIL PAMGARH, , City=PAMGARH, District=JANJGIR
CHAMPA, State=Chhattisgarh",21.88423,82.434741,Bharat AC,3.0,3,1
BPCL,Govt.,Chhattisgarh,BILASPUR,BILASPUR,"CHANTIDIH, SEEPAT CHOWK TO MOPKA, , City=BILASPUR,
District=BILASPUR, State=Chhattisgarh",22.09772,82.16346,Type II,7.0,7,1
BPCL,Govt.,Chhattisgarh,RAIGARH,RAIGARH,"CHHATAMUDA CHOWK, ORISSA ROAD, , City=RAIGARH, District=RAIGARH,
State=Chhattisgarh",21.872869,83.388349,CCS,60.0,60,2
BPCL,Govt.,Chhattisgarh,BEMETARA,BHILAI,"DEOKAR, FROM DHAMDA TO DEOKAR ON LHS, , City=BHILAI,
District=BEMETARA, State=Chhattisgarh",21.551313,81.322489,CCS,60.0,60,2
BPCL,Govt.,Chhattisgarh,BILASPUR,DHAURABHATHA,"DHAURABHATHA, TEHSIL BILHA, , City=DHAURABHATHA, District=BILASPUR,
State=Chhattisgarh",21.952006,82.024619,CCS,30.0,30,1
BPCL,Govt.,Chhattisgarh,RAIPUR,RAIPUR,"DUMARTARAI, RAIPUR, , City=RAIPUR, District=RAIPUR, State=Chhattisgarh",21.199371,81.68706,Bharat AC,3.0,3,1
BPCL,Govt.,Chhattisgarh,KORBA,DUMMARKACHHAR,"DUMMARKACHHAR, KORBA, , City=DUMMARKACHHAR, District=KORBA,
State=Chhattisgarh",22.38088,82.35676,CCS,60.0,60,2
BPCL,Govt.,Chhattisgarh,DURG,DURG,"DURG - DHAMDA ROAD, DURG, , City=DURG, District=DURG,
State=Chhattisgarh",21.217629,81.294993,CCS,60.0,60,2
BPCL,Govt.,Chhattisgarh,DURG,KUMHARI,"G E ROAD,, G E ROAD,, , City=KUMHARI, District=DURG, State=Chhattisgarh",21.249634,81.523178,CCS,30.0,30,1
BPCL,Govt.,Chhattisgarh,Rajnandgaon,URAIDABRI,"GARM URAIDABRI, NH-6, , City=URAIDABRI, District=RAJANANDGAON,
State=Chhattisgarh",21.073928,80.755603,CCS,30.0,30,1
BPCL,Govt.,Chhattisgarh,BASTAR,GIROLA,"GRAM GIROLA, POST JAIDGIRI, BLOCK BHAKAWAND, , City=GIROLA,
District=BASTAR, State=Chhattisgarh",19.32559,82.162,Bharat AC,3.0,3,1
BPCL,Govt.,Chhattisgarh,Rajnandgaon,CHICHOLA,"GRAM NAGAR KOHRA, RAJNANDGAON, , City=CHICHOLA,
District=RAJANANDGAON,CHHATTI, State=Chhattisgarh",21.077015,80.687042,CCS,30.0,30,1
BPCL,Govt.,Chhattisgarh,Sarangarh-Bilaigarh,SARSIWA,"GRAM SARSIWA, TEHSIL BHILAIGARH, , City=SARSIWA, District=SARANGARH
BILAIGARH, State=Chhattisgarh",21.637661,82.937024,CCS,60.0,60,2
BPCL,Govt.,Chhattisgarh,BALOD,GURUR,"GULMOHAR COLONY, BALOD ROAD, , City=GURUR, District=BALOD,
State=Chhattisgarh",20.688234,81.395639,CCS,60.0,60,2
BPCL,Govt.,Chhattisgarh,BASTAR,JAGDALPUR,"GURUGOVIND SINGH CHOWK, GURUGOVIND SINGH CHOWK, ,
City=JAGDALPUR, District=BASTAR, State=Chhattisgarh",19.082948,82.014667,CCS,60.0,60,2
BPCL,Govt.,Chhattisgarh,JASHPUR,PATHALGAON,"JASHPUR ROAD NH43, PATHALGAON, , City=PATHALGAON,
District=JASHPUR, State=Chhattisgarh",22.559844,83.500266,Bharat AC,3.0,3,1
BPCL,Govt.,Chhattisgarh,SURGUJA,LAKHANPUR,"JUNA LAKHANPUR, SURGUJA, , City=LAKHANPUR, District=SURGUJA,
State=Chhattisgarh",22.984802,83.046861,CCS,30.0,30,1
BPCL,Govt.,Chhattisgarh,RAIPUR,ABHANPUR,"K.NO.621 & 623, RAIPUR - ABHANPUR ROAD, , City=ABHANPUR,
District=RAIPUR,CHHATTISGARH, State=Chhattisgarh",21.078794,81.75195,CCS,30.0,30,1
BPCL,Govt.,Chhattisgarh,Balodabazar-Bhatapara,KASDOL,"KASDOL, KASDOL-SIRPUR ROAD, , City=KASDOL, District=BALODABAZAR,
State=Chhattisgarh",21.623098,82.421815,Bharat AC,3.0,3,1
BPCL,Govt.,Chhattisgarh,Kabeerdham,KAWARDHA,"KAWARDHA-RAIPUR ROAD, NH 30, , City=KAWARDHA, District=KAWARDHA,
State=Chhattisgarh",21.926884,81.344231,Bharat AC,3.0,3,1
BPCL,Govt.,Chhattisgarh,RAIGARH,KHARSIA TOWN,"KHARSIA TOWN, RAIGARH, , City=KHARSIA TOWN, District=RAIGARH,
State=Chhattisgarh",21.97834,83.1187,Bharat AC,3.0,3,1
BPCL,Govt.,Chhattisgarh,BASTAR,JAGDALPUR,"KHUTPADAR NH63, #, , City=JAGDALPUR, District=BASTAR,
State=Chhattisgarh",19.071964,82.126322,CCS,60.0,60,2
BPCL,Govt.,Chhattisgarh,DHAMTARI,DHAMTARI,"KODEBODE, KURUD, , City=DHAMTARI, District=DHAMTARI,
State=Chhattisgarh",20.922048,81.691611,Bharat AC,3.0,3,1
BPCL,Govt.,Chhattisgarh,Kabeerdham,PANDARIA,"KUKDUR ROAD, PANDARIA, , City=PANDARIA, District=KAWARDHA,
State=Chhattisgarh",22.226869,81.405407,Bharat AC,3.0,3,1
BPCL,Govt.,Chhattisgarh,DURG,MURMUNDA,"KUMHARI - AIHWARA MAIN RAOD, BLOCK DHAMDA, MURMUNDA, ,
City=MURMUNDA, District=DURG, State=Chhattisgarh",21.304113,81.469221,CCS,60.0,60,2
BPCL,Govt.,Chhattisgarh,BALOD,BALOD,"LATABOD, SH-07, , City=BALOD, District=BALOD, State=Chhattisgarh",20.77708,81.25166,CCS,60.0,60,2
BPCL,Govt.,Chhattisgarh,JASHPUR,JASHPUR,"LAVAKERA ROAD, VILL&PO-KOTBA, TEHSIL-PATHALGAON, , City=JASHPUR,
District=JASHPUR, State=Chhattisgarh",22.430769,83.756327,Bharat AC,3.0,3,1
BPCL,Govt.,Chhattisgarh,DHAMTARI,MAGARLOD,"MAGARLOD, MAGARLOD, , City=MAGARLOD, District=DHAMTARI,
State=Chhattisgarh",20.760004,81.852056,CCS,60.0,60,2
BPCL,Govt.,Chhattisgarh,MAHASAMUND,DARGAON,"MAHASAMUND TO BAGHBARA RD, DARGAON, , City=DARGAON,
District=MAHASAMUND, State=Chhattisgarh",21.06835,82.36158,CCS,30.0,30,1
BPCL,Govt.,Chhattisgarh,MAHASAMUND,BASNA,"MAIN ROAD BASNA, RHS BASNA TO SARAIPALLI, , City=BASNA,
District=MAHASAMUND, State=Chhattisgarh",21.280205,82.83275,Bharat AC,3.0,3,1
BPCL,Govt.,Chhattisgarh,BILASPUR,GRAM JARELI GRAM PANCHAYAT KHAP,"MAIN ROAD JARELI, TAKHATPUR, , City=GRAM JARELI GRAM PANCHAYAT
KHAPRI, District=BILASPUR, State=Chhattisgarh",22.130873,81.899187,CCS,30.0,30,1
BPCL,Govt.,Chhattisgarh,Rajnandgaon,RAJNANDGAON,"MATHPARA- POWER HOUSE ROAD,, RAJNANDGAON, , City=RAJNANDGAON,
District=RAJANANDGAON, State=Chhattisgarh",21.094148,81.042729,CCS,30.0,30,1
BPCL,Govt.,Chhattisgarh,RAIPUR,RAIPUR,"MOWA, NEAR MOWA POLICE STATION, , City=RAIPUR, District=RAIPUR,
State=Chhattisgarh",21.267454,81.670197,Bharat AC,3.0,3,1
BPCL,Govt.,Chhattisgarh,Janjgir-Champa,MULMULA,"MULMULA - PAMGARH ROAD, TEHSIL PAMGARH, , City=MULMULA,
District=JANJGIR CHAMPA, State=Chhattisgarh",21.9257,82.3496,CCS,60.0,60,2
BPCL,Govt.,Chhattisgarh,BASTAR,NAKTI SEMRA,"NAKTI SEMRA, JAGDALPUR, , City=NAKTI SEMRA, District=BASTAR,
State=Chhattisgarh",19.071468,82.075086,CCS,60.0,60,2
BPCL,Govt.,Chhattisgarh,BEMETARA,BEMETARA,"NAVAGARH CHOWK, BEMETRA, , City=BEMETARA, District=BEMETARA,
State=Chhattisgarh",21.734158,81.535732,CCS,60.0,60,2
BPCL,Govt.,Chhattisgarh,SURGUJA,SITAPUR,"NEAR AGRASEN BHAVAN, MAIN ROAD, SITAPUR, , City=SITAPUR,
District=SURGUJA, State=Chhattisgarh",22.794621,83.486614,CCS,60.0,60,2
BPCL,Govt.,Chhattisgarh,RAIPUR,RAIPUR,"NEAR AMBUJA MALL, NEAR MOWA POLICE STATION, , City=RAIPUR,
District=RAIPUR, State=Chhattisgarh",21.270722,81.678685,Type II,7.0,7,1
BPCL,Govt.,Chhattisgarh,DURG,BHILAI,"NEAR BORIA GATE, SECTOR 4 BSP TOWNSHIP, , City=BHILAI, District=DURG,
State=Chhattisgarh",21.189339,81.36592,CCS,30.0,30,1
BPCL,Govt.,Chhattisgarh,Rajnandgaon,RAJNANDGAON,"NEAR BUS STAND, BHAGAT SINGH CHOWK, , City=RAJNANDGAON,
District=RAJNANDGAON, State=Chhattisgarh",21.100836,81.045799,CCS,60.0,60,2
BPCL,Govt.,Chhattisgarh,RAIPUR,PARAGAON,"NEAR DHILLON DHABA, PARAGAON, NH06, , City=PARAGAON,
District=RAIPUR, State=Chhattisgarh",21.1825,81.99671,CCS,60.0,60,2
BPCL,Govt.,Chhattisgarh,RAIPUR,RASANI,"NEAR FAUJI DHABHA, TEHSIL ARANG, , City=RASANI, District=RAIPUR,
CHHATTISGARH, State=Chhattisgarh",21.192745,81.967782,CCS,30.0,30,1
BPCL,Govt.,Chhattisgarh,RAIPUR,LAKHOLI,"NH 06 VILLAGE GUJRA, TAH ARANG, R, NH6, , City=RAIPUR,
District=RAIPUR,CHHATTISGARH, State=Chhattisgarh",21.20588,81.87223,CCS,30.0,30,1
BPCL,Govt.,Chhattisgarh,BILASPUR,PENDRIDIH,"NH 200 RAIPUR ROAD, TEHSIL BILHA, , City=PENDRIDIH, District=BILASPUR,
State=Chhattisgarh",21.989241,82.064659,CCS,60.0,60,2
BPCL,Govt.,Chhattisgarh,MAHASAMUND,MAHASAMUND,"NH 323, VILLAGE LABHRAKHURD, , City=MAHASAMUND,
District=MAHASAMUND, State=Chhattisgarh",21.09212,82.111337,CCS,60.0,60,2
BPCL,Govt.,Chhattisgarh,MAHASAMUND,BHAGBAHARA,"NH 353, MAIN ROAD, , City=BHAGBAHARA,
District=MAHASAMUND,CHHATTISG, State=Chhattisgarh",21.040723,82.392145,CCS,60.0,60,2
BPCL,Govt.,Chhattisgarh,DURG,DURG,"NH 6, DURG BYPASS, DURG, , City=DURG, District=DURG, State=Chhattisgarh",21.211185,81.25856,CCS,30.0,30,1
BPCL,Govt.,Chhattisgarh,KORBA,KATGHORA,"NH111, MAIN ROAD, , City=KATGHORA, District=KORBA, State=Chhattisgarh",22.485155,82.532898,Bharat AC,3.0,3,1
BPCL,Govt.,Chhattisgarh,RAIGARH,NAHARPALI,"NH-200, KM STONE 269/6,, NAHARPALI, TEHSIL KHARSIA, , City=NAHARPALI,
District=RAIGARH, State=Chhattisgarh",21.990129,83.221693,CCS,60.0,60,2
BPCL,Govt.,Chhattisgarh,Rajnandgaon,MANK1,"NH-6, BHIALI TO RAJNANDGAON, MANKI, , City=MANKI,
District=RAJANANDGAON,CHHATTI, State=Chhattisgarh",21.11367,81.10268,CCS,30.0,30,1
BPCL,Govt.,Chhattisgarh,SURAJPUR,BISHRAMPUR,"NH78, MANENDRAGADH ROAD, , City=BISHRAMPUR, District=SURAJPUR,
State=Chhattisgarh",23.181161,82.954154,CCS,30.0,30,1
BPCL,Govt.,Chhattisgarh,JASHPUR,JASPURNAGAR,"NH78, RAIGARH CROSSING, , City=JASPURNAGAR, District=JASHPUR,
State=Chhattisgarh",22.872312,84.155892,CCS,30.0,30,1
BPCL,Govt.,Chhattisgarh,RAIPUR,RAIPUR,"OPP. IND AREA, BHANPURI, BILASPUR ROAD, RING RD II, , City=RAIPUR,
District=RAIPUR, State=Chhattisgarh",21.294947,81.635969,Type II,7.0,7,1
BPCL,Govt.,Chhattisgarh,DURG,UTAI,"PATAN ROAD, PATAN ROAD, , City=UTAI, District=DURG, State=Chhattisgarh",21.119205,81.386045,CCS,60.0,60,2
BPCL,Govt.,Chhattisgarh,BILASPUR,BILASPUR CITY,"PRATAP TALKIES CHOWK, TILAK ROAD, , City=BILASPUR CITY,
District=BILASPUR, State=Chhattisgarh",22.087585,82.149049,CCS,60.0,60,2
BPCL,Govt.,Chhattisgarh,Janjgir-Champa,RAHOUD,"RAHAUD, TEHSIL PAMGARH, , City=RAHOUD, District=JANJGIR CHAMPA,
State=Chhattisgarh",21.8259,82.50102,CCS,60.0,60,2
BPCL,Govt.,Chhattisgarh,Balrampur-Ramanujganj,RAMANUJGANJ,"RAMANUJGANJ, RAMANUJGANJ, , City=RAMANUJGANJ,
District=BALRAMPUR, State=Chhattisgarh",23.803932,83.691926,Bharat AC,3.0,3,1
BPCL,Govt.,Chhattisgarh,DURG,DURG,"RAMER PARA WARD-12, DURG, , City=DURG, District=DURG,
State=Chhattisgarh",21.444145,81.336853,CCS,60.0,60,2
BPCL,Govt.,Chhattisgarh,BILASPUR,RATANPUR,"RATANPUR, TEHSIL KOTA, , City=RATANPUR, District=BILASPUR,
State=Chhattisgarh",22.29537,82.161269,Bharat AC,3.0,3,1
BPCL,Govt.,Chhattisgarh,RAIPUR,RAIPUR,"RAVI GRAM, TELIBANDHA, , City=RAIPUR, District=RAIPUR,
State=Chhattisgarh",21.239593,81.677895,LEV DC,15.0,7,1
BPCL,Govt.,Chhattisgarh,RAIPUR,RAIPUR,"RAVI GRAM, TELIBANDHA, , City=RAIPUR, District=RAIPUR,
State=Chhattisgarh",21.239593,81.677895,CCS,30.0,30,1
BPCL,Govt.,Chhattisgarh,RAIPUR,RAIPUR,"RAWAHATA, RAWABHATA, , City=RAIPUR, District=RAIPUR,
State=Chhattisgarh",21.315833,81.639605,CCS,30.0,30,1
BPCL,Govt.,Chhattisgarh,RAIPUR,RAIPUR,"RING ROAD 1, BHATAGAON CHOWK, , City=RAIPUR, District=RAIPUR,
State=Chhattisgarh",21.2265,81.613282,Type II,7.0,7,1
BPCL,Govt.,Chhattisgarh,RAIPUR,RAIPUR,"RO AT DEVPURI, VILLAGE TIKRAPARA, , City=RAIPUR, District=RAIPUR,
State=Chhattisgarh",21.213856,81.662577,Type II,7.0,7,1
BPCL,Govt.,Chhattisgarh,RAIPUR,RAIPUR,"RR1, SARONA, RAIPUR, , City=RAIPUR, District=RAIPUR, State=Chhattisgarh",21.24332,81.579622,CCS,30.0,30,1
BPCL,Govt.,Chhattisgarh,RAIPUR,MALOD,"S.NO. 185/3, MALAUD, , City=MALOD, District=RAIPUR, State=Chhattisgarh",21.435104,81.752632,Bharat AC,3.0,3,1
BPCL,Govt.,Chhattisgarh,BILASPUR,SAKRI,"SAKRI BYPASS, BELMUNDI, , City=SAKRI, District=BILASPUR,
State=Chhattisgarh",22.041927,82.056513,CCS,60.0,60,2
BPCL,Govt.,Chhattisgarh,DURG,BHILAI,"SECTOR 6 BSP TOWNSHIP, NEAR MASJID, J.P. CHOWK, , City=BHILAI,
District=DURG, State=Chhattisgarh",21.202778,81.349168,CCS,30.0,30,1
BPCL,Govt.,Chhattisgarh,Janjgir-Champa,PAMGARH,"SEWREENARAYAN ROAD, PAMGARH, DIST-JANJGIR, , City=PAMGARH,
District=JANJGIR CHAMPA, State=Chhattisgarh",21.863935,82.462182,CCS,60.0,60,2
BPCL,Govt.,Chhattisgarh,KORBA,CHOTIA,"SH - 2A,, VILLAGE LAMNA, , City=CHOTIA, District=KORBA,CHHATTISGARH,
State=Chhattisgarh",22.745932,82.484431,CCS,60.0,60,2
BPCL,Govt.,Chhattisgarh,MUNGELI,MUNGELI,"SH-7, BILASPUR ROAD,, , City=MUNGELI, District=MUNGELI,
State=Chhattisgarh",22.07797,81.710905,CCS,60.0,60,2
BPCL,Govt.,Chhattisgarh,BILASPUR,BILASPUR,"SH-7, VILLAGE USLAPUR, MUNGELI ROAD, , City=BILASPUR,
District=BILASPUR, State=Chhattisgarh",22.09923,82.107984,CCS,60.0,60,2
BPCL,Govt.,Chhattisgarh,RAIPUR,RAIPUR,"SHEJBAHAR, OLD DHAMTARI ROAD, , City=RAIPUR, District=RAIPUR,
State=Chhattisgarh",21.17699,81.660563,Type II,7.0,7,1
BPCL,Govt.,Chhattisgarh,DURG,SILODA,"SILODA, G.E. ROAD, , City=SILODA, District=DURG, State=Chhattisgarh",21.186774,81.214603,CCS,60.0,60,2
BPCL,Govt.,Chhattisgarh,Balodabazar-Bhatapara,SIMGA,"SIMGA, BILASPUR RAIPUR ROAD, , City=SIMGA, District=BALODABAZAR,
State=Chhattisgarh",21.62562,81.704976,CCS,60.0,60,2
BPCL,Govt.,Chhattisgarh,SUKMA,SUKMA,"SUKMA, SUKMA, , City=SUKMA, District=SUKMA, CHHATTISGARH,
State=Chhattisgarh",18.3991,81.6595,CCS,60.0,60,2
BPCL,Govt.,Chhattisgarh,Janjgir-Champa,SUKULPARA,"SUKULPARA, NEAR KHAROD, , City=SUKULPARA, District=JANJGIR CHAMPA,
State=Chhattisgarh",21.737197,82.56935,Bharat AC,3.0,3,1
BPCL,Govt.,Chhattisgarh,KOREA,BAIKUNTHPUR,"TALVAPARA, ON NH43, MAIN ROAD, BAIKUNTHPUR, , City=BAIKUNTHPUR,
District=KOREA, State=Chhattisgarh",23.285922,82.554353,CCS,60.0,60,2
BPCL,Govt.,Chhattisgarh,GaurelaPendraMarwahi,PENDRA,"VIDYA NAGAR, SH 7, OPPOSITE-DURGA MANDIR, , City=PENDRA,
District=GaurelaPendraMarwahi, State=Chhattisgarh",22.781518,81.97009,CCS,60.0,60,2
BPCL,Govt.,Chhattisgarh,RAIGARH,RAIGARH,"VILAGE TARAIMAL, RAIGARH-AMBIKAPUR ROAD, , City=RAIGARH,
District=RAIGARH, State=Chhattisgarh",22.02205,83.376555,CCS,60.0,60,2
BPCL,Govt.,Chhattisgarh,KORBA,BANJARI,"VILL BANJARI, TEH PODIUP, , City=BANJARI, District=KORBA,
State=Chhattisgarh",22.694823,82.511305,CCS,60.0,60,2
BPCL,Govt.,Chhattisgarh,DHAMTARI,KURUD,"VILL- KURUD ON NAYAPARA BYPASS ROAD, KURUD, , City=KURUD,
District=DHAMTARI, State=Chhattisgarh",20.838862,81.729214,Bharat AC,3.0,3,1
BPCL,Govt.,Chhattisgarh,SURGUJA,AMBIKAPUR,"VILL NAMNAKALA,, NEAR KENDRIYA VIDYALAYA ON NH43, ,
City=AMBIKAPUR, District=SURGUJA, State=Chhattisgarh",23.1397,83.1599,Type II,7.0,7,1
BPCL,Govt.,Chhattisgarh,SURGUJA,AMBIKAPUR,"VILL NAMNAKALA,, NEAR KENDRIYA VIDYALAYA ON NH43, ,
City=AMBIKAPUR, District=SURGUJA, State=Chhattisgarh",23.1397,83.1599,CCS,60.0,60,2
BPCL,Govt.,Chhattisgarh,Sakti,POTA MALKHARODA,"VILLAGE & POST-POTA,, SAKTI-MALKHARODA ROAD, , City=POTA
MALKHARODA, District=SAKTI, State=Chhattisgarh",21.902393,82.988142,CCS,60.0,60,2
BPCL,Govt.,Chhattisgarh,BASTAR,JAGDALPUR,"VILLAGE ASNA, VILLAGE ASNA, , City=JAGDALPUR, District=BASTAR,
State=Chhattisgarh",19.108268,82.030761,CCS,30.0,30,1
BPCL,Govt.,Chhattisgarh,RAIGARH,RAIGARH,"VILLAGE BHALUMAR, GHARGHODA, , City=RAIGARH, District=RAIGARH,
State=Chhattisgarh",22.114,83.3363,CCS,60.0,60,2
BPCL,Govt.,Chhattisgarh,KONDAGAON,AMRAVATI,"VILLAGE- CHOTE AMRAVATI, SH-26, , City=AMRAVATI,
District=KONDAGAON, State=Chhattisgarh",19.6094,81.9437,CCS,60.0,60,2
BPCL,Govt.,Chhattisgarh,Khairagarh-Chhuikhadan-Gandai,KHAIRAGARH ROAD,"VILLAGE CHUIKHADAN, KHAIRAGARH ROAD, , City=KHAIRAGARH ROAD,
District=KHAIRGARH CHHUIKHADA, State=Chhattisgarh",21.51193,80.993649,Bharat AC,3.0,3,1
BPCL,Govt.,Chhattisgarh,Rajnandgaon,RAJNANDGAON,"VILLAGE CIVIL LINE,NAZUL NAGAR, CHICHOLA -RAJNANDGAON, , City=RAJNANDGAON, District=RAJANANDGAON,CHHATTI,
State=Chhattisgarh",21.096809,81.025651,CCS,30.0,30,1
BPCL,Govt.,Chhattisgarh,DHAMTARI,KURUD,"VILLAGE DANDESARA, ON NH 30, , City=KURUD, District=DHAMTARI,
State=Chhattisgarh",20.818046,81.687006,CCS,30.0,30,1
BPCL,Govt.,Chhattisgarh,RAIGARH,DHARAMJAIGARH,"VILLAGE GERSA, TEHSIL DHARAMJAIGARH, , City=DHARAMJAIGARH,
District=RAIGARH, State=Chhattisgarh",22.34488,83.224,CCS,60.0,60,2
BPCL,Govt.,Chhattisgarh,DHAMTARI,NAGRI,"VILLAGE KALLEMETA, DHAMTARI, , City=NAGRI, District=DHAMTARI,
State=Chhattisgarh",20.415653,81.910453,CCS,60.0,60,2
BPCL,Govt.,Chhattisgarh,RAIPUR,RAIPUR,"VILLAGE KANHERA, TATIBANDH-DHANELI NEW BYPASS, , City=RAIPUR,
District=RAIPUR, State=Chhattisgarh",21.335394,81.621727,CCS,30.0,30,1
BPCL,Govt.,Chhattisgarh,Uttar Bastar Kanker,NAWAGAON,"VILLAGE NATHIYANAWAGAON, NH30, , City=NAWAGAON, District=KANKER,
State=Chhattisgarh",20.332493,81.457382,CCS,60.0,60,2
BPCL,Govt.,Chhattisgarh,BILASPUR,PANDHI,"VILLAGE PANDHI, BILASPUR - SIPAT ROAD, , City=PANDHI, District=BILASPUR,
State=Chhattisgarh",22.10691,82.24252,CCS,60.0,60,2
BPCL,Govt.,Chhattisgarh,Balodabazar-Bhatapara,BALODABAZAR,"VILLAGE PANGAON, BALODABAZAR, , City=BALODABAZAR,
District=BALODABAZAR, State=Chhattisgarh",21.648265,82.212536,Bharat AC,3.0,3,1
BPCL,Govt.,Chhattisgarh,RAIPUR,SADDU,"VILLAGE SADDU, NH30(OLD NH 200), BILASPUR ROAD, DIST RAIPUR, ,
City=SADDU, District=RAIPUR, State=Chhattisgarh",21.516451,81.694107,CCS,30.0,30,1
BPCL,Govt.,Chhattisgarh,SURGUJA,AMBIKAPUR,"VILLAGE SARWAR, POST - B BHITTIKALA, , City=AMBIKAPUR,
District=SURGUJA, State=Chhattisgarh",23.08863,83.16592,CCS,60.0,60,2
BPCL,Govt.,Chhattisgarh,SURAJPUR,SURAJPUR,"VILLAGE SONGARA, PO LATORI, TEH PRATAPPUR, , City=SURAJPUR,
District=SURAJPUR, State=Chhattisgarh",22.754119,82.482448,CCS,60.0,60,2
BPCL,Govt.,Chhattisgarh,RAIPUR,RAIPUR,"VILLAGE-BHUMIYA, TEHSIL TILDA, DIST RAIPUR, , City=RAIPUR,
District=RAIPUR, State=Chhattisgarh",21.565062,81.6997,CCS,60.0,60,2
BPCL,Govt.,Chhattisgarh,MAHASAMUND,TUMGAON,"VILLAGE-TUMGAON, TEHSIL AARNAG, , City=TUMGAON,
District=MAHASAMUND, State=Chhattisgarh",21.196921,82.12853,Bharat AC,3.0,3,1
BPCL,Govt.,Chhattisgarh,Rajnandgaon,RAJANANDGAON,"VILL-BANBHEDI, TEH-DONGARGAON, RAJNANDGAON, ,
City=RAJANANDGAON, District=RAJANANDGAON, State=Chhattisgarh",21.092746,80.964189,CCS,60.0,60,2
Ather,Private,Delhi,West Delhi,Delhi,"A-116, Sanjay Colony Bhatti Mines, New Delhi",28.43165,77.225236,LEV DC Charge Point (IS-17017-2-7),3.3,3.3,1
Ather,Private,Delhi,West Delhi,Delhi,"J-222, Block J , South Sainik Farm",28.49867,77.219573,LEV DC Charge Point (IS-17017-2-7),3.3,3.3,1
Ather,Private,Delhi,West Delhi,Delhi,"Sangam Vihar, New Delhi",28.499614,77.247892,LEV DC Charge Point (IS-17017-2-7),3.3,3.3,1
Ather,Private,Delhi,West Delhi,Delhi,"Balhara Marg Hospital, Plot 176, Ignou Main Rd,",28.509554,77.202535,LEV DC Charge Point (IS-17017-2-7),3.3,3.3,1
Ather,Private,Delhi,West Delhi,Delhi,"S1, Pocket S, Okhla Industrial Area, Okhla Phase 2, New Delhi",28.537506,77.272697,LEV DC Charge Point (IS-17017-2-7),3.3,3.3,1
Ather,Private,Delhi,West Delhi,Delhi,"Jk Equirent Healthcare Solutions,M-17,Kalkaji Near Punjab And Sindh Bank",28.538306,77.260553,LEV DC Charge Point (IS-17017-2-7),3.3,3.3,1
Ather,Private,Delhi,West Delhi,Delhi,221 Subhash Khand Giri Nagar Kalkaji New Delhi,28.538621,77.263239,LEV DC Charge Point (IS-17017-2-7),3.3,3.3,1
Ather,Private,Delhi,West Delhi,Delhi,"Plot No 20, Village Bamnoli",28.546609,77.029147,LEV DC Charge Point (IS-17017-2-7),3.3,3.3,1
Ather,Private,Delhi,West Delhi,Delhi,"60 A, Amritpuri Garhi, East Of Kailash New Delhi",28.559526,77.253265,LEV DC Charge Point (IS-17017-2-7),3.3,3.3,1
Ather,Private,Delhi,West Delhi,Delhi,"A-32, Feroze Gandhi Rd, Lajpat Nagar Ii, Delhi",28.570513,77.236889,LEV DC Charge Point (IS-17017-2-7),3.3,3.3,1
Ather,Private,Delhi,West Delhi,Delhi,"Shree Balajee Service Satation,Near Post Office Main Road. New Delhi1",28.571878,76.9079,LEV DC Charge Point (IS-17017-2-7),3.3,3.3,1
Ather,Private,Delhi,West Delhi,Delhi,"G 31-35, Manish Plaza, Sector 11 Dwarka, New Delhi, Delhi",28.58667,77.04571,LEV DC Charge Point (IS-17017-2-7),3.3,3.3,1
Ather,Private,Delhi,West Delhi,Delhi,"Shop No  22, Pawar E Rickshaw Parking, Sarai Sohal, Palam,  Mangla Puri",28.591446,77.088425,LEV DC Charge Point (IS-17017-2-7),3.3,3.3,1
Ather,Private,Delhi,West Delhi,Delhi,"A135,Mahavir Enclave I, Mahavir Enclave Part 2,",28.596019,77.082226,LEV DC Charge Point (IS-17017-2-7),3.3,3.3,1
Ather,Private,Delhi,West Delhi,Delhi,"Main Road,Shri Shyam Electricals, Rawta More, Jaffarpur Kalan, South  West Delhi,",28.597911,76.915702,LEV DC Charge Point (IS-17017-2-7),3.3,3.3,1
Ather,Private,Delhi,West Delhi,Delhi,"Opposite Indian Bank, Gopal Extension Ii, Khaira, New Delhi, Delhi",28.599269,76.966832,LEV DC Charge Point (IS-17017-2-7),3.3,3.3,1
Ather,Private,Delhi,West Delhi,Delhi,"K-1/107/13/3/18/1 Ground Floor, Block Rz B, Raja Puri, Uttam Nagar, New Delhi,",28.603191,77.056961,LEV DC Charge Point (IS-17017-2-7),3.3,3.3,1
Ather,Private,Delhi,West Delhi,Delhi,"Bpcl, Basco Colony, Arya Nagar, Najafgarh, South West Delhi,",28.608504,76.9525,LEV DC Charge Point (IS-17017-2-7),3.3,3.3,1
Ather,Private,Delhi,West Delhi,Delhi,"Next To Honda Showroom, New Patpar Ganj Rd, Haji Colony, Block D, Patparganj, New Delhi, Delhi 110092",28.617517,77.287198,LEV DC Charge Point (IS-17017-2-7),3.3,3.3,1
Ather,Private,Delhi,West Delhi,Delhi,"B-3 Gulab Bhagh, Metro Pillar Number 727, Near Nawada Metro Station",28.620208,77.045676,LEV DC Charge Point (IS-17017-2-7),3.3,3.3,1
Ather,Private,Delhi,West Delhi,Delhi,"B-57, Arjun Park, Najafgarh,",28.623659,77.009621,LEV DC Charge Point (IS-17017-2-7),3.3,3.3,1
Ather,Private,Delhi,West Delhi,Delhi,"House No, 433-434, Blk-F, Jj Colony, Budh Nagar,Inder Puri,New Ddlhi,",28.631413,77.144561,LEV DC Charge Point (IS-17017-2-7),3.3,3.3,1
Ather,Private,Delhi,West Delhi,Delhi,B 13 Manak Vihar Station Beriwala Bagh Shamshan Road New Delhi,28.63321,77.109397,LEV DC Charge Point (IS-17017-2-7),3.3,3.3,1
Ather,Private,Delhi,West Delhi,Delhi,"A 221 Road No 6, D Block, Connaught Place, New Delhi, 110037",28.633714,77.221904,LEV DC Charge Point (IS-17017-2-7),3.3,3.3,1
Ather,Private,Delhi,West Delhi,Delhi,"No 173, Patparganj Industrial Area, Patparganj, New Delhi, Delhi 110092",28.641716,77.314751,LEV DC Charge Point (IS-17017-2-7),3.3,3.3,1
Ather,Private,Delhi,West Delhi,Delhi,"1328 Shri Ram Market Gali Chhipiyan Maliwara Chandni Chowk, Old Delhi, New Delhi, 110006",28.654529,77.229023,LEV DC Charge Point (IS-17017-2-7),3.3,3.3,1
Ather,Private,Delhi,West Delhi,Delhi,"S-223, Nihal Vihar Near James Convent School, Behind Mother Dairy, Satsang Road New Delhi",28.664663,77.065956,LEV DC Charge Point (IS-17017-2-7),3.3,3.3,1
Ather,Private,Delhi,West Delhi,Delhi,"313/94-B, Gali Number 12, Tulsi Nagar, Onkar Nagar North West Delhi",28.672018,77.162491,LEV DC Charge Point (IS-17017-2-7),3.3,3.3,1
Ather,Private,Delhi,West Delhi,Delhi,"B-1, Oberoi Building, Dilshad Garden, Main Gt Road, (Opposite Dilshad Garden Metro Station), New Delhi - 110095",28.676468,77.321119,LEV DC Charge Point (IS-17017-2-7),3.3,3.3,1
Ather,Private,Delhi,West Delhi,Delhi,"S/O,Vijender Singh, H.No. 320, Village Ghevra, Nangloi Jat",28.693908,76.995796,LEV DC Charge Point (IS-17017-2-7),3.3,3.3,1
Ather,Private,Delhi,West Delhi,Delhi,"A 11, Gt Karnal Rd, Near Vinayak Hospital, Block A, Gujranwala Town, Delhi, 110009",28.699008,77.183327,LEV DC Charge Point (IS-17017-2-7),3.3,3.3,1
Ather,Private,Delhi,West Delhi,Delhi,"B-307, Outer Ring Rd, Block B, Saraswati Vihar, Pitam Pura, Delhi, 110034",28.699359,77.123984,LEV DC Charge Point (IS-17017-2-7),3.3,3.3,1
Ather,Private,Delhi,West Delhi,Delhi,"Maharishi Dayanand Marg, Block An",28.70165,77.162467,LEV DC Charge Point (IS-17017-2-7),3.3,3.3,1
Ather,Private,Delhi,West Delhi,Delhi,"M.L.Sethi Service Station,Sector 5 Rohini Delhi, North West Delhi,",28.718123,77.110403,LEV DC Charge Point (IS-17017-2-7),3.3,3.3,1
Ather,Private,Delhi,West Delhi,Delhi,"Shop No. 3,Begumpur,Main Kanjawala Road Opp, Rohini Sector-22",28.721316,77.065637,LEV DC Charge Point (IS-17017-2-7),3.3,3.3,1
Ather,Private,Delhi,West Delhi,Delhi,"Shop No 4,5,6  Libas Pur Gt Karnal Road Delhi",28.75304,77.149154,LEV DC Charge Point (IS-17017-2-7),3.3,3.3,1
Ather,Private,Delhi,West Delhi,Delhi,"A-111, Gali Number 1, Khera Garhi, Khera Kalan,",28.769838,77.11837,LEV DC Charge Point (IS-17017-2-7),3.3,3.3,1
BECIL,Govt.,Delhi,West Delhi,Delhi,Community Center 61 Basant Nagar Basant Lok Delhi 110027,28.523124,77.207793,Bharat DC-001,15.0,15,1
BECIL,Govt.,Delhi,West Delhi,Delhi,Speedways Service Centre Iocl Pump Jail Road Hari Nagar Mayapuri Opposite Delhi 110064,28.56059,77.207123,Bharat DC-001,15.0,15,1
E-Fill,Private,Delhi,West Delhi,Delhi,"Police Station, B-80, Maya Puri Industrial Area Phase-1, Behind Maya Puri",28.626038,77.122172,Type-II AC,7.4,7.4,1
E-Fill,Private,Delhi,West Delhi,Delhi,"Rz-37, Raghu Nagar Pankha Road",28.61175,77.05972,Type-II AC,7.4,7.4,1
EESL,Govt.,Delhi,West Delhi,Delhi,"Sdmc Parking, The Janak Commercial Complex, Janakpuri, Delhi-110058",28.610622,77.094787,Type-II AC,22.0,22,1
EESL,Govt.,Delhi,West Delhi,Delhi,"Sdmc Parking, The Janak Commercial Complex, Janakpuri, Delhi-110058",28.610622,77.094787,CHAdeMO,25.0,25,1
EESL,Govt.,Delhi,West Delhi,Delhi,"Sdmc Parking, The Janak Commercial Complex, Janakpuri, Delhi-110058",28.610622,77.094787,Bharat DC-001,15.0,15,1
EESL,Govt.,Delhi,West Delhi,Delhi,"Sdmc Parking, The Janak Commercial Complex, Janakpuri, Delhi-110058",28.610622,77.094787,Combo (CCS-II + CHAdeMo + Type II),142.0,60+60+22,3
Electriva,Private,Delhi,West Delhi,Delhi,"Esi Hospital Towards Dnd, New Delhi, Delhi 110015",28.659159,77.129267,Bharat AC-001,3.3,3.3,1
Electriva,Private,Delhi,West Delhi,Delhi,"J2, 8, Block J, Rajouri Garden, New Delhi, Delhi 110027",28.647521,77.119354,CCS-II,60.0,30,1
Electriva,Private,Delhi,West Delhi,Delhi,"Rajouri Garden Towards Punjabi Bagh, New Delhi, Delhi 110027",28.64389,77.127124,Bharat AC-001,3.3,3.3,1
Fortum,Private,Delhi,West Delhi,Delhi,"Mg Shivaji Marg Plot No 13 Shivaji Marg, Motinagar, Beside Amp Jaguar-West Delhi",28.662029,77.152564,Combo (CCS-II+CHAdeMO),50.0,50,2
HPCL,Govt.,Delhi,West Delhi,Delhi,Kirtinagar,28.653662,77.147395,CCS-II,60.0,60,1
IOCL,Govt.,Delhi,West Delhi,Delhi,"""Vill. Ghewra Nh 10 Near Km Stone 26 New Delhi Rohtak Road""",28.684334,76.999477,CCS-II,60.0,60,1
IOCL,Govt.,Delhi,West Delhi,Delhi,Hari Nagar Ghantaghar Road Delhi,28.62257,77.110507,CCS-II,60.0,60,1
IOCL,Govt.,Delhi,West Delhi,Delhi,Janakpurin Delhi Janakpuri N Delhi,28.628354,77.079356,CCS-II,30.0,30,1
KAZAM,Private,Delhi,West Delhi,Delhi,"A-699,Raghubir Nagar Road,Vishnu Garden,New Delhi,Delhi,110018",28.65367,77.114486,LEV AC Charge point,3.3,3.3,1
KAZAM,Private,Delhi,West Delhi,Delhi,"B-61,Satguru Ram Singh Road,Mansarover Garden,New Delhi,Delhi,110015",28.641628,77.135982,LEV AC Charge point,3.3,3.3,1
KAZAM,Private,Delhi,West Delhi,Delhi,"Bindapur,Delhi,Delhi,110059",28.612813,77.062855,LEV AC Charge point,3.3,3.3,1
KAZAM,Private,Delhi,West Delhi,Delhi,"Block 10, Block 11, Rajouri Garden, New Delhi, Delhi, 110027",28.636228,77.121234,LEV AC Charge point,3.3,3.3,1
KAZAM,Private,Delhi,West Delhi,Delhi,"Block 10, Press Colony, Mayapuri, Delhi, 110027-Charger-1",28.63648,77.12292,LEV AC Charge point,3.3,3.3,1
KAZAM,Private,Delhi,West Delhi,Delhi,"Block 10, Press Colony, Mayapuri, Delhi, 110027-Charger-2",28.636499,77.122872,LEV AC Charge point,3.3,3.3,1
KAZAM,Private,Delhi,West Delhi,Delhi,"Block 13, Press Colony, Mayapuri, New Delhi, Delhi, 110027- Charger-1",28.63666,77.122474,LEV AC Charge point,3.3,3.3,1
KAZAM,Private,Delhi,West Delhi,Delhi,"Block 13, Press Colony, Mayapuri, New Delhi, Delhi, 110027- Charger-2",28.636372,77.123189,LEV AC Charge point,3.3,3.3,1
KAZAM,Private,Delhi,West Delhi,Delhi,"Block 13, Press Colony, Mayapuri, New Delhi, Delhi, 110027- Charger-3",28.636581,77.12267,LEV AC Charge point,3.3,3.3,1
KAZAM,Private,Delhi,West Delhi,Delhi,"Block 13, Press Colony, Mayapuri, New Delhi, Delhi, 110027- Charger-4",28.636657,77.122651,LEV AC Charge point,3.3,3.3,1
KAZAM,Private,Delhi,West Delhi,Delhi,"Block B, Mayapuri Industrial Area Phase I, Mayapuri, New Delhi, Delhi 110064-Charger-1",28.62616,77.124042,LEV AC Charge point,3.3,3.3,1
KAZAM,Private,Delhi,West Delhi,Delhi,"Block B, Mayapuri Industrial Area Phase I, Mayapuri, New Delhi, Delhi 110064-Charger-2",28.626111,77.124107,LEV AC Charge point,3.3,3.3,1
KAZAM,Private,Delhi,West Delhi,Delhi,"Fateh Nagar,New Delhi,Delhi,110018",28.63171,77.102737,LEV AC Charge point,3.3,3.3,1
KAZAM,Private,Delhi,West Delhi,Delhi,"Hari Nagar,New Delhi,Delhi,110064",28.62102,77.104003,LEV AC Charge point,3.3,3.3,1
KAZAM,Private,Delhi,West Delhi,Delhi,"Kirti Nagar,Delhi,Delhi,110015",28.643288,77.139389,LEV AC Charge point,3.3,3.3,1
KAZAM,Private,Delhi,West Delhi,Delhi,"Kunwar Singh Nagar, Kamruddin Nagar, Delhi, 110041-Charger-1",28.66963,77.053757,LEV AC Charge point,3.3,3.3,1
KAZAM,Private,Delhi,West Delhi,Delhi,"Kunwar Singh Nagar, Kamruddin Nagar, Delhi, 110041-Charger-2",28.669691,77.053519,LEV AC Charge point,3.3,3.3,1
KAZAM,Private,Delhi,West Delhi,Delhi,"Kunwar Singh Nagar, Kamruddin Nagar, Delhi, 110041-Charger-3",28.669743,77.053537,LEV AC Charge point,3.3,3.3,1
KAZAM,Private,Delhi,West Delhi,Delhi,"Kunwar Singh Nagar, Kamruddin Nagar, Delhi, 110041-Charger-4",28.669769,77.053388,LEV AC Charge point,3.3,3.3,1
KAZAM,Private,Delhi,West Delhi,Delhi,"Mangolpuri,Delhi,Delhi,110041",28.683427,77.086034,LEV AC Charge point,3.3,3.3,1
KAZAM,Private,Delhi,West Delhi,Delhi,"Nangloi Saiyed Road,Paschim Vihar,New Delhi,Delhi,110087",28.661159,77.084349,LEV AC Charge point,3.3,3.3,1
KAZAM,Private,Delhi,West Delhi,Delhi,"Paschim Vihar,New Delhi,Delhi,110026",28.666527,77.112401,LEV AC Charge point,3.3,3.3,1
KAZAM,Private,Delhi,West Delhi,Delhi,"Press Corner,New Delhi,Delhi,110027",28.635745,77.120291,LEV AC Charge point,3.3,3.3,1
KAZAM,Private,Delhi,West Delhi,Delhi,"Raj Nagar,New Delhi,Delhi,110059",28.620483,77.069833,LEV AC Charge point,3.3,3.3,1
NTPC,Govt.,Delhi,West Delhi,Delhi,Rajauri Garden Metro Station Pink Line,28.64958,77.122191,Bharat AC-001,10.0,3.3,1
OK Green,Private,Delhi,West Delhi,Delhi,Basment 1 And 2 District Center Janakpuri Below Delhi 110058,28.630705,77.081854,Bharat AC-001,3.3,3.3,1
Okaya,Private,Delhi,West Delhi,Delhi,Uttam Nagar East Metro Station -2,28.626722,77.065972,CCS-II,60.0,60,1
PGCIL,Govt.,Delhi,West Delhi,Delhi,Satya S Stn,28.627112,77.100766,Bharat DC-001,15.0,15,1
REIL,Govt.,Delhi,West Delhi,Delhi,"Speedways,Jail Roadnear Hari Nagar Depot Lock No 363 (Issue Seals)",28.62333,77.101619,Bharat AC-001,10.0,3.3,1
REIL,Govt.,Delhi,West Delhi,Delhi,Uttam Nagar East Metro Station -4,28.626722,77.065972,Bharat AC-001,10.0,3.3,1
Reliance BP,Private,Delhi,West Delhi,Delhi,"Reliance Mall, Community Center Appartment, Block-A, Vikaspuri, West Delhi",28.63248,77.06817,CCS-II,60.0,60,1
Reliance BP,Private,Delhi,West Delhi,Delhi,"Reliance Mall, Community Center Appartment, Block-A, Vikaspuri, West Delhi",28.63248,77.06817,LEV AC Charge point,3.3,3.3,1
Reliance BP,Private,Delhi,West Delhi,Delhi,"Reliance Mall, Community Center Appartment, Block-A, Vikaspuri, West Delhi",28.63248,77.06817,Bharat DC-001,30.0,15,1
Reliance BP,Private,Delhi,West Delhi,Delhi,"Reliance Mall, Community Center Appartment, Block-A, Vikaspuri, West Delhi",28.63248,77.06817,Type-II AC,11.0,11,1
Sharify,Private,Delhi,West Delhi,Delhi,Dwarka Sec 10 Metro Station Sector 10 Delhi Delhi  110075,28.581657,77.056221,CCS-II,30.0,30,1
Sharify,Private,Delhi,West Delhi,Delhi,Uttam Nagar East Metro Station -3,28.627161,77.065742,CCS-II,60.0,60,1
Sharify,Private,Delhi,West Delhi,Delhi,Uttam Nagar East Metro Station -3,28.627161,77.065742,Bharat DC-001,15.0,15,1
Smart e Trasure,Private,Delhi,West Delhi,Delhi,Uttam Nagar East Metro Station -1,28.626722,77.065972,Bharat AC-001,10.0,3.3,1
Sun mobility,Private,Delhi,West Delhi,Delhi,"Bindapur Terminal Binda Pur Road Delhi, Delhi Is 110059",28.6087,77.06639,Bharat AC-001,10.0,3.3,1
Sun mobility,Private,Delhi,West Delhi,Delhi,"Bindapur Terminal Binda Pur Road Delhi, Delhi Is 110059",28.6087,77.06639,Bharat DC-001,15.0,15,1
Sun mobility,Private,Delhi,West Delhi,Delhi,"Kair Village, New Delhi, Delhi 110043",28.61,76.93,Bharat AC-001,10.0,3.3,1
Sun mobility,Private,Delhi,West Delhi,Delhi,"Kair Village, New Delhi, Delhi 110043",28.61,76.93,Bharat DC-001,15.0,15,1
Sun mobility,Private,Delhi,West Delhi,Delhi,"Najafgarh Rd, Meenakshi Garden, Ashok Nagar, New Delhi, Delhi 110018",28.64,77.1,Bharat AC-001,10.0,3.3,1
Sun mobility,Private,Delhi,West Delhi,Delhi,"Najafgarh Road, Block F, Nawada House Complex, New Delhi, Delhi, 110059",28.61,77.03,Bharat AC-001,10.0,3.3,1
Sun mobility,Private,Delhi,West Delhi,Delhi,"Najafgarh Road, Block F, Nawada House Complex, New Delhi, Delhi, 110059",28.61,77.03,Bharat DC-001,15.0,15,1
Sun mobility,Private,Delhi,West Delhi,Delhi,"Najafgarh Road, Param Puri, Uttam Nagar, New Delhi - 110059",28.62143,77.05544,Bharat AC-001,10.0,3.3,1
Sun mobility,Private,Delhi,West Delhi,Delhi,"Nangli Jalib, Janakpuri, New Delhi, Delhi 110058",28.6332,77.08785,Bharat AC-001,10.0,3.3,1
Sun mobility,Private,Delhi,West Delhi,Delhi,"Shaheed Mangal Pandey Marg, Hari Nagar, New Delhi, Delhi 110064",28.6295,77.10985,Bharat AC-001,10.0,3.3,1
Sun mobility,Private,Delhi,West Delhi,Delhi,"Shaheed Mangal Pandey Marg, Hari Nagar, New Delhi, Delhi 110064",28.6295,77.10985,Bharat DC-001,15.0,15,1
Sun mobility,Private,Delhi,West Delhi,Delhi,Uttam Nagar East Metro Parking,28.62421,77.06497,Bharat AC-001,10.0,3.3,1
Tata Power,Private,Delhi,West Delhi,Delhi,"972 Tpt Coy - Transport Company, Khyber Grid, Station Head Quarter Area, Near Gopinath Circle, Delhi-110010",28.586516,77.129406,Bharat DC-001,15.0,15,1
Tata Power,Private,Delhi,West Delhi,Delhi,"Aepta Golf Course, Delhi Cantt, Aepta, Golf Course Carrippa Marg , Delhi Cantt , Opposite Dhaula Kuan Metro Station, Delhi Cantt 110010",28.593443,77.157211,CCS-II,50.0,25,1
Tata Power,Private,Delhi,West Delhi,Delhi,"Aepta Golf Course, Delhi Cantt, Aepta, Golf Course Carrippa Marg , Delhi Cantt , Opposite Dhaula Kuan Metro Station, Delhi Cantt 110010",28.593443,77.157211,Bharat DC-001,15.0,15,1
Tata Power,Private,Delhi,West Delhi,Delhi,"Air Force Station Basantnagar, Delhi Cantt, H4Hp+867, Aps Colony Rd, Sanjay Vihar, Aps Colony, Delhi Cantonment, New Delhi, Delhi 110010",28.574282,77.094181,CCS-II,30.0,30,1
Tata Power,Private,Delhi,West Delhi,Delhi,"Air Force Station Basantnagar, Delhi Cantt, H4Hp+867, Aps Colony Rd, Sanjay Vihar, Aps Colony, Delhi Cantonment, New Delhi, Delhi 110010",28.574282,77.094181,Type-II AC,7.4,7.4,1
Tata Power,Private,Delhi,West Delhi,Delhi,"Albert Ekka , Albert Ekka ,Khyber Grid, Station Head Quarter Area, Near Gopinath Circle, Delhi-110010",28.595016,77.133357,CCS-II,30.0,30,1
Tata Power,Private,Delhi,West Delhi,Delhi,"Albert Ekka , Albert Ekka ,Khyber Grid, Station Head Quarter Area, Near Gopinath Circle, Delhi-110010",28.595016,77.133357,Bharat DC-001,15.0,15,1
Tata Power,Private,Delhi,West Delhi,Delhi,"Amaryllis, Karol Bagh, Amaryllis, New Rohtak Rd, Block 67, Karol Bagh, New Delhi, Delhi 110005",28.661187,77.196712,Type-II AC,7.4,7.4,1
Tata Power,Private,Delhi,West Delhi,Delhi,"Amaryllis, Karol Bagh, Amaryllis, New Rohtak Rd, Block 67, Karol Bagh, New Delhi, Delhi 110005",28.661187,77.196712,Bharat AC-001,10.0,3.3,1
Tata Power,Private,Delhi,West Delhi,Delhi,"Autovikas, Motinagar, Block B, No. 57, Rama Rd, Moti Nagar, Block B, Najafgarh Road Industrial Area, New Delhi, Delhi 110015",28.66078,77.1536,Bharat DC-001,15.0,15,1
Tata Power,Private,Delhi,West Delhi,Delhi,"Autovikas, Motinagar, Block B, No. 57, Rama Rd, Moti Nagar, Block B, Najafgarh Road Industrial Area, New Delhi, Delhi 110015",28.66078,77.1536,Combo (CCS-II+CHAdeMO),25.0,25,2
Tata Power,Private,Delhi,West Delhi,Delhi,"Croma, Rajouri Garden, Block B, No. 57, Rama Rd, Moti Nagar, Block B, Najafgarh Road Industrial Area, New Delhi, Delhi 110015",28.6459,77.12616,Bharat DC-001,15.0,15,1
Tata Power,Private,Delhi,West Delhi,Delhi,"Dr Ambedkar International Center, Janpath, 15, Janpath, New Delhi-110001",28.617803,77.218184,CCS-II,60.0,60,1
Tata Power,Private,Delhi,West Delhi,Delhi,"Dr Ambedkar International Center, Janpath, 15, Janpath, New Delhi-110001",28.617803,77.218184,Type-II AC,7.4,7.4,1
Tata Power,Private,Delhi,West Delhi,Delhi,"Eil, Bhikaji Cama Place, Ei Bhavan, 1, Bhikaji Cama Place, Rama Krishna Puram, New Delhi, Delhi 110066",28.569491,77.187933,Type-II AC,7.4,7.4,1
Tata Power,Private,Delhi,West Delhi,Delhi,"Eil, Bhikaji Cama Place, Ei Bhavan, 1, Bhikaji Cama Place, Rama Krishna Puram, New Delhi, Delhi 110066",28.569491,77.187933,Bharat AC-001,10.0,3.3,1
Tata Power,Private,Delhi,West Delhi,Delhi,"Gangotri Appartment, Alaknanada, Gangotri Enclave Pocket B Residents Welfare Association (Regd.) Alaknanada, New Delhi-110019",28.524793,77.252787,Type-II AC,7.4,7.4,1
Tata Power,Private,Delhi,West Delhi,Delhi,"Gangotri Appartment, Alaknanada, Gangotri Enclave Pocket B Residents Welfare Association (Regd.) Alaknanada, New Delhi-110019",28.524793,77.252787,Bharat AC-001,10.0,3.3,1
Tata Power,Private,Delhi,West Delhi,Delhi,"Go Auto/ Treo Tata, Safdargunj, A-2/14, Safdarjung Enclave, , Delhi, Delhi - 110029",28.56483,77.18891,Combo (CCS-II+CHAdeMO),25.0,25,2
Tata Power,Private,Delhi,West Delhi,Delhi,"Go Auto/ Treo Tata, Tughlakbad, D-189, Okhla Phase I, Near Hotel Crown Plaza, , Delhi, Delhi - 110020",28.52687,77.27284,Bharat DC-001,15.0,15,1
Tata Power,Private,Delhi,West Delhi,Delhi,"Head Quarter Delhi - Inside Parking, Khyber Grid, Station Head Quarter Area, Near Gopinath Circle, Delhi-110010",28.594784,77.135739,CCS-II,30.0,30,1
Tata Power,Private,Delhi,West Delhi,Delhi,"Head Quarter Delhi - Inside Parking, Khyber Grid, Station Head Quarter Area, Near Gopinath Circle, Delhi-110010",28.594784,77.135739,Bharat DC-001,15.0,15,1
Tata Power,Private,Delhi,West Delhi,Delhi,"Head Quarter Delhi - Outside Parking, Near Gopinath Circle, Head Quarter
Delhi Area (Outside Parking) Manek Shaw Road, Near Gopinath Circle, Delhi Cant 110010",28.593567,77.135157,CCS-II,30.0,30,1
Tata Power,Private,Delhi,West Delhi,Delhi,"Head Quarter Delhi - Outside Parking, Near Gopinath Circle, Head Quarter
Delhi Area (Outside Parking) Manek Shaw Road, Near Gopinath Circle, Delhi Cant 110010",28.593567,77.135157,Bharat DC-001,15.0,15,1
Tata Power,Private,Delhi,West Delhi,Delhi,"Hpcl - Badarpur Service Station, Gazipur, Integrated Freight Complex, Mayur Vihar Phase Iii, Gharoli, Delhi, Uttar Pradesh 110096",28.619703,77.341184,CCS-II,30.0,30,1
Tata Power,Private,Delhi,West Delhi,Delhi,"Hpcl - Batra Oil Co., Singhu Border, Dakha Singhu Border, Karnal Delhi Gt Road Delhi, Ch Ramdev Marg, Marmurpur, Delhi, 110040",28.854465,77.129389,CCS-II,30.0,30,1
Tata Power,Private,Delhi,West Delhi,Delhi,"Hpcl - Deep Fuel Centre, Karkardooma, F-212, Second Floor, Plot No-04,,
Aditya Corporate Plaza, Karkarduma Community Centre, New Delhi, Delhi 110092",28.648746,77.303801,CCS-II,30.0,30,1
Tata Power,Private,Delhi,West Delhi,Delhi,"Hpcl - Puran Service Station, Kirtinagar, Block 3, Kirti Nagar Industrial Area, Kirti Nagar, New Delhi, Delhi 110015",28.653625,77.147498,CCS-II,30.0,30,1
Tata Power,Private,Delhi,West Delhi,Delhi,"Indian Navy, Head Office Building, Indian Navy, Varuna Naval Officers Mess, Shankar Vihar, New Delhi-110057",28.571877,77.13923,CCS-II,30.0,30,1
Tata Power,Private,Delhi,West Delhi,Delhi,"Indian Navy, Head Office Building, Indian Navy, Varuna Naval Officers Mess, Shankar Vihar, New Delhi-110057",28.571877,77.13923,Type-II AC,7.4,7.4,1
Tata Power,Private,Delhi,West Delhi,Delhi,"Indian Navy, Shankar Vihar, Indian Navy, Varuna Naval Officers Mess, Shankar Vihar, New Delhi-110057",28.572117,77.140088,CCS-II,60.0,60,1
Tata Power,Private,Delhi,West Delhi,Delhi,"Indian Navy, Shankar Vihar, Indian Navy, Varuna Naval Officers Mess, Shankar Vihar, New Delhi-110057",28.572117,77.140088,Bharat DC-001,15.0,15,1
Tata Power,Private,Delhi,West Delhi,Delhi,"Indian Navy, Shankar Vihar, Indian Navy, Varuna Naval Officers Mess, Shankar Vihar, New Delhi-110057",28.572117,77.140088,Type-II AC,7.4,7.4,1
Tata Power,Private,Delhi,West Delhi,Delhi,"Iocl - Aman Fill Point, Mayur Vihar, Mayur Vihar Phase Ii, Vinod Nagar East, New Delhi, Delhi 110091",28.621548,77.301882,Bharat DC-001,15.0,15,1
Tata Power,Private,Delhi,West Delhi,Delhi,"Iocl - Bhasin Service Station, Dr Ks Krishnan Road, Dr. K/S Krishnan Road, Near Npl Pusa Institute, New Delhi-110012",28.639738,77.173807,CCS-II,30.0,30,1
Tata Power,Private,Delhi,West Delhi,Delhi,"Iocl - Citi Fuels, Virender Nagar, Opp.-Virender Nagar Near Bharati College New Delhi-110058",28.622486,77.09547,CCS-II,30.0,30,1
Tata Power,Private,Delhi,West Delhi,Delhi,"Iocl - City Auto, Rohini, Plot No. 1-A-3 Distt Centre-I Sector-10 Rohini Delhi - 110085",28.716277,77.117874,Bharat DC-001,15.0,15,1
Tata Power,Private,Delhi,West Delhi,Delhi,"Iocl - Coco Niti Marg, Chanakyapuri, Niti Marg, Chanakyapuri, New Delhi-110021",28.599629,77.195806,Combo (CCS-II+CHAdeMO),25.0,25,2
Tata Power,Private,Delhi,West Delhi,Delhi,"Iocl - Delhi Diesels, Bhajanpura, B-3 Yamuna Vihar, Wazirabad Rd, Block B, Bhajanpura, Tukhmirpur, Delhi-110053",28.703397,77.266668,Bharat DC-001,15.0,15,1
Tata Power,Private,Delhi,West Delhi,Delhi,"Iocl - Gay Service Station, Azadpur, Near Azadpur, New Delhi,110033",28.703312,77.181109,CCS-II,30.0,30,1
Tata Power,Private,Delhi,West Delhi,Delhi,"Iocl - Intimate Filling Station, Soami Nagar, Panchsheel Marg, Soami Nagar North, New Delhi- 110049",28.543012,77.220429,Combo (CCS-II+CHAdeMO),25.0,25,2
Tata Power,Private,Delhi,West Delhi,Delhi,"Iocl - Irwin Petrol Pump, Connaught Place, Baba Kharak Singh Marg,
Connaught Place, Hanuman Road Area, Connaught Place, New Delhi, Delhi 110001",28.62932,77.21262,Combo (CCS-II+CHAdeMO),25.0,25,2
Tata Power,Private,Delhi,West Delhi,Delhi,"Iocl - Kingsway Service Station, Timarpur, The Mall Road, Lock No 985, Banarsi Das Estate, Timarpur, New Delhi, Delhi 110007",28.69664,77.21168,Bharat DC-001,15.0,15,1
Tata Power,Private,Delhi,West Delhi,Delhi,"Iocl - Nineteenth Hole Service Station, Dr Zakir Hussain Ro, Dr. Zakir Hussain Road Near Golf Coursen Delhi Lock Id No. I 343,110003",28.60259,77.237904,CCS-II,30.0,30,1
Tata Power,Private,Delhi,West Delhi,Delhi,"Iocl - Ruchika Service Station, Mayur Vihar, Kondli Gharaoli,  Mayur Vihar Ph-Iii New Delhi-110096",28.603499,77.335422,Combo (CCS-II+CHAdeMO),25.0,25,2
Tata Power,Private,Delhi,West Delhi,Delhi,"Iocl - Sabarwal Service Station, Rk Puram, Tamil Sangam Marg, Sector 5, Rama Krishna Puram, New Delhi-110022",28.564625,77.177461,CCS-II,30.0,30,1
Tata Power,Private,Delhi,West Delhi,Delhi,"Iocl - Satya Service Station, Hari Nagar, L- Block, Hari Nagar, Jail Road New Delhi 110064",28.627659,77.100624,Bharat DC-001,15.0,15,1
Tata Power,Private,Delhi,West Delhi,Delhi,"Iocl - Tikri Gas, Delhi, Rohtak Road, Block C, Tyagi Vihar, Ghevra, Delhi, 110072",28.686885,76.984929,Combo (CCS-II+CHAdeMO),25.0,25,2
Tata Power,Private,Delhi,West Delhi,Delhi,"Iocl - Welcome Motors, Saket, Saket Disst. Centre Saket N.Delhi - 110017",28.527934,77.215635,Combo (CCS-II+CHAdeMO),25.0,25,2
Tata Power,Private,Delhi,West Delhi,Delhi,"Iocl Bedi Saxena Delhi, B-88-5, 86-5, Sat Guru Ram Singh Rd, Block B, Mayapuri Industrial Area Phase I, Mayapuri, New Delhi, Delhi 110064",28.627092,77.121841,CCS-II,25.0,25,1
Tata Power,Private,Delhi,West Delhi,Delhi,"Iocl City Service Centre, Mangolpuri Industrial Area, Road No. 316, Mangolpuri Industrial Area Phase I , New Delhi - 110083",28.688196,77.089945,Bharat DC-001,15.0,15,1
Tata Power,Private,Delhi,West Delhi,Delhi,"Iocl Ganga Petro, Dwarka, Sector 10, Dwarka - 110075",28.579242,77.055408,Bharat DC-001,15.0,15,1
Tata Power,Private,Delhi,West Delhi,Delhi,"Iocl Gee Kay Services, Shahdara, Gt Road, Seelampur, Shahdara - 110032",28.671177,77.270385,Bharat DC-001,15.0,15,1
Tata Power,Private,Delhi,West Delhi,Delhi,"Iocl Hundred Percent Filling & Service Station, Dwarka, Sector 9, Dwarka, New Delhi, Delhi 110073",28.578641,77.05962,Combo (CCS-II+CHAdeMO),25.0,25,2
Tata Power,Private,Delhi,West Delhi,Delhi,"Iocl Paul Motors Delhi, Main Road, Sat Guru Ram Singh Rd, Ms Block, Block F, Mayapuri Industrial Area Phase Ii, Mayapuri, New Delhi, Delhi 110064",28.619867,77.113982,CCS-II,25.0,25,1
Tata Power,Private,Delhi,West Delhi,Delhi,"Iocl Risal Petro Delhi, Burari Rd, Opposite Sta Tpt Authority, Laldora, Jharoda, Jharoda Majra Burari, New Delhi, Delhi 110084",28.732427,77.198625,CCS-II,25.0,25,1
Tata Power,Private,Delhi,West Delhi,Delhi,"Karampura Commercial Complex, Karam Pura, Veer Kunwar Singh Marg, Karampura Market, Karam Pura, New Delhi, Delhi 110015",28.661723,77.147453,Combo (CCS-II+CHAdeMO),25.0,25,2
Tata Power,Private,Delhi,West Delhi,Delhi,"Maharaja Agrasen Technical Education Society, Rohini, Maharaja Agrasen
Technical Education Society, Plot No 1 Psp Area Sector 22 Rohini Delhi 110086",28.720307,77.066223,Type-II AC,7.4,7.4,1
Tata Power,Private,Delhi,West Delhi,Delhi,"Malwa Automobiles, Rohini, Showroom, No. A1, 16, Prashant Vihar Sector 14 Rohini, New Delhi - 110085",28.709289,77.135499,Combo (CCS-II+CHAdeMO),30.0,30,2
Tata Power,Private,Delhi,West Delhi,Delhi,"Mlug Church Mission, Chandni Chowk, 4813, Shyama Prasad Mukherjee
Marg, Cloth Market, Katra Ghel, Khari Baoli, Chandni Chowk, New Delhi, Delhi 110006",28.659752,77.224766,Combo (CCS-II+CHAdeMO),25.0,25,2
Tata Power,Private,Delhi,West Delhi,Delhi,"Mlug Parade Ground, Jama Masjid, Jama Masjid Rd, Meena Bazar, Charkhe Walan, Old Delhi, New Delhi, Delhi 110006",28.653388,77.23547,Combo (CCS-II+CHAdeMO),25.0,25,2
Tata Power,Private,Delhi,West Delhi,Delhi,"Mlug, Asaf Ali Road, Mlug, Mcd Building, Asaf Ali Road, Delhi − 110002",28.640851,77.237511,Combo (CCS-II+CHAdeMO),25.0,25,2
Tata Power,Private,Delhi,West Delhi,Delhi,"Multilevel Stack Parking, Arya Nagar , Multilevel Stack Parking, Arya Nagar , Behind Sheela Cinema, 110092",28.645173,77.216749,Combo (CCS-II+CHAdeMO),25.0,25,2
Tata Power,Private,Delhi,West Delhi,Delhi,"Mvid Mcd Hospital, Mukherjee Nagar, Mvid Mcd Hospital Parking, Tagore Park Extension, Mukherjee Nagar, Delhi, 110009",28.703699,77.204473,CCS-II,30.0,30,1
Tata Power,Private,Delhi,West Delhi,Delhi,"Mvid Mcd Hospital, Mukherjee Nagar, Mvid Mcd Hospital Parking, Tagore Park Extension, Mukherjee Nagar, Delhi, 110009",28.703699,77.204473,Bharat DC-001,15.0,15,1
Tata Power,Private,Delhi,West Delhi,Delhi,"Naniwala Bagh Commercial Complex, Azadpur, Commercial Complex, Gopal Nagar, Azadpur, New Delhi, Delhi 110009",28.709831,77.17765,CCS-II,30.0,30,1
Tata Power,Private,Delhi,West Delhi,Delhi,"Naniwala Bagh Commercial Complex, Azadpur, Commercial Complex, Gopal Nagar, Azadpur, New Delhi, Delhi 110009",28.709831,77.17765,Type-II AC,7.4,7.4,1
Tata Power,Private,Delhi,West Delhi,Delhi,"Narmada Residents, Vasant Kunj, Flat No 1 Narmada Block 2 , Sector D-6 Vasant Kunj New Delhi 110070",28.526806,77.143491,Type-II AC,7.4,7.4,1
Tata Power,Private,Delhi,West Delhi,Delhi,"Netaji Subash Place, Pitampura, Mcd, Netaji Subhash Place, Pitampura, Delhi, 110034",28.691279,77.152396,CCS-II,30.0,30,1
Tata Power,Private,Delhi,West Delhi,Delhi,"Netaji Subash Place, Pitampura, Mcd, Netaji Subhash Place, Pitampura, Delhi, 110034",28.691279,77.152396,Type-II AC,7.4,7.4,1
Tata Power,Private,Delhi,West Delhi,Delhi,"Pacific Mall Jasola, Pacific Mall Jasola, Mlcp Of Pacific Mall, Jasola Apollo Metro Station, New Delhi 110025",28.538,77.282977,CCS-II,60.0,60,1
Tata Power,Private,Delhi,West Delhi,Delhi,"Pacific Mall Jasola, Pacific Mall Jasola, Mlcp Of Pacific Mall, Jasola Apollo Metro Station, New Delhi 110025",28.538,77.282977,Bharat DC-001,15.0,15,1
Tata Power,Private,Delhi,West Delhi,Delhi,"Pacific Mall Jasola, Pacific Mall Jasola, Mlcp Of Pacific Mall, Jasola Apollo Metro Station, New Delhi 110025",28.538,77.282977,Type-II AC,7.4,7.4,1
Tata Power,Private,Delhi,West Delhi,Delhi,"Pacific Mall,  Dwarka, Dwarka Sector 21 Metro Station, Pacific Mall, Sector 22 Rd, Sector 21, Dwarka, New Delhi, Delhi 110077",28.55122,77.056702,Type-II AC,7.4,7.4,1
Tata Power,Private,Delhi,West Delhi,Delhi,"Pacific Mall,  Dwarka, Dwarka Sector 21 Metro Station, Pacific Mall, Sector 22 Rd, Sector 21, Dwarka, New Delhi, Delhi 110077",28.55122,77.056702,Bharat DC-001,15.0,15,1
Tata Power,Private,Delhi,West Delhi,Delhi,"Pacific Mall,  Dwarka, Dwarka Sector 21 Metro Station, Pacific Mall, Sector 22 Rd, Sector 21, Dwarka, New Delhi, Delhi 110077",28.55122,77.056702,Combo (CCS-II+CHAdeMO),25.0,25,2
Tata Power,Private,Delhi,West Delhi,Delhi,"Pacific Mall, Netaji Subash Palace, Pitam Pura, New Delhi, Delhi 110034",28.693341,77.153133,Type-II AC,7.4,7.4,1
Tata Power,Private,Delhi,West Delhi,Delhi,"Pacific Mall, Netaji Subash Palace, Pitam Pura, New Delhi, Delhi 110034",28.693341,77.153133,Bharat DC-001,15.0,15,1
Tata Power,Private,Delhi,West Delhi,Delhi,"Pacific Mall, Netaji Subash Palace, Pitam Pura, New Delhi, Delhi 110034",28.693341,77.153133,Combo (CCS-II+CHAdeMO),25.0,25,2
Tata Power,Private,Delhi,West Delhi,Delhi,"Pacific Mall, Tagore Garden, Najafgarh Rd, Tagore Garden, Tilak Nagar, New Delhi, Delhi 110018",28.642219,77.105891,Type-II AC,7.4,7.4,1
Tata Power,Private,Delhi,West Delhi,Delhi,"Pacific Mall, Tagore Garden, Najafgarh Rd, Tagore Garden, Tilak Nagar, New Delhi, Delhi 110018",28.642219,77.105891,Bharat DC-001,15.0,15,1
Tata Power,Private,Delhi,West Delhi,Delhi,"Pacific Mall, Tagore Garden, Najafgarh Rd, Tagore Garden, Tilak Nagar, New Delhi, Delhi 110018",28.642219,77.105891,Combo (CCS-II+CHAdeMO),25.0,25,2
Tata Power,Private,Delhi,West Delhi,Delhi,"Pvr Naraina, Commercial Complex,  Community Center, Goswami Girdhari
Lal Marg, Industrial Area Phase I, Block B, Naraina Industrial Area Phase 1, Naraina, New Delhi, Delhi 110028",28.632109,77.137268,CCS-II,50.0,25,1
Tata Power,Private,Delhi,West Delhi,Delhi,"Pvr Naraina, Commercial Complex,  Community Center, Goswami Girdhari
Lal Marg, Industrial Area Phase I, Block B, Naraina Industrial Area Phase 1, Naraina, New Delhi, Delhi 110028",28.632109,77.137268,Type-II AC,7.4,7.4,1
Tata Power,Private,Delhi,West Delhi,Delhi,"Ramasharam Service Station, Iocl, Delhi, Mangol Puri Industrial Area Phase I, Pocket B, Industrial Area, Mangolpuri S Block, Delhi, 110083",28.687627,77.085681,Combo (CCS-II+CHAdeMO),25.0,25,2
Tata Power,Private,Delhi,West Delhi,Delhi,"Sab Motors, Mathura Road, A-24/4, Mohan Co-Op. Indl. Estate, Mathura Road, Tekhand, Okhla Phase I, Okhla Industrial Area, Delhi, 110044",28.526356,77.289904,CCS-II,25.0,25,1
Tata Power,Private,Delhi,West Delhi,Delhi,"Sagar Motors, Dilshad Garden, No Zb/43 487 & Zb, 44 487, Dilshad Garden, New Delhi, Delhi 110095",28.676246,77.31768,Combo (CCS-II+CHAdeMO),25.0,25,2
Tata Power,Private,Delhi,West Delhi,Delhi,"Shastri Park, Karol Bagh, Abdul Aziz Rd, Block 8, Wea, Karol Bagh, New Delhi, Delhi 110005",28.647065,77.192235,Combo (CCS-II+CHAdeMO),25.0,25,2
Tata Power,Private,Delhi,West Delhi,Delhi,"Sparsh , Garg Plaza - Dwarka, Rz A- 70, Garg Plaza, Dabri - Palam Road, Dwarka, Delhi, Delhi - 110043",28.60585,77.08133,Combo (CCS-II+CHAdeMO),25.0,25,2
Tata Power,Private,Delhi,West Delhi,Delhi,"Ssensse Hotel, Sec 25, Plot No.28, Pocket 5A, Sector 25, Rohini New Delhi 110085",28.735847,77.093263,CCS-II,30.0,30,1
Tata Power,Private,Delhi,West Delhi,Delhi,"Ssensse Hotel, Sec 25, Plot No.28, Pocket 5A, Sector 25, Rohini New Delhi 110085",28.735847,77.093263,Type-II AC,7.4,7.4,1
Tata Power,Private,Delhi,West Delhi,Delhi,"Sunrise Hyundai, Plot No.22, Patpar Gunj Industrial Area, Delhi 110 092",28.637953,77.311216,CCS-II,60.0,60,1
Tata Power,Private,Delhi,West Delhi,Delhi,"Taj Mahal, Man Singh Rd , Number One, Man Singh Rd, Man Singh Road Area, New Delhi, Delhi 110011",28.605305,77.22382,Type-II AC,7.4,7.4,1
Tata Power,Private,Delhi,West Delhi,Delhi,"Taj Palace, Sardar Patel Marg, 2, Sardar Patel Marg, Diplomatic Enclave, New Delhi 110021",28.595198,77.171439,Type-II AC,7.4,7.4,1
Tata Power,Private,Delhi,West Delhi,Delhi,"Taj Vivanta, Dwarka, Vivanta Sector 21, Metro Station Complex Dwarka New Delhi 110075",28.558418,77.062737,CCS-II,30.0,30,1
Tata Power,Private,Delhi,West Delhi,Delhi,"Taj Vivanta, Dwarka, Vivanta Sector 21, Metro Station Complex Dwarka New Delhi 110075",28.558418,77.062737,Type-II AC,7.4,7.4,1
Tata Power,Private,Delhi,West Delhi,Delhi,"Tanga Stand, Moti Nagar, Mcd Parking, Tanga Stand Road, Motinagar Metro Station, Moti Nagar, Delhi, 110015",28.659123,77.143639,Combo (CCS-II+CHAdeMO),25.0,25,2
Tata Power,Private,Delhi,West Delhi,Delhi,"Tata Communication, Stt - Next Gen Tower, Stt, Next Gen Tower, Opp Savitri Cinema, Gk-1, New Delhi 110048",28.542444,77.240431,Type-II AC,7.4,7.4,1
Tata Power,Private,Delhi,West Delhi,Delhi,"Tata Communication, Tcl - Next Gen Tower, Tcl Limited, Next Gen Tower, Opp Savitri Cinema, Gk-1, New Delhi 110048",28.544664,77.239196,Type-II AC,7.4,7.4,1
Tata Power,Private,Delhi,West Delhi,Delhi,"Tata Communication, Vsb Bangla Sahib Road, Tcl Limited, Vsb Bangla Sahib Road, New Delhi 11001",28.630974,77.207948,Type-II AC,7.4,7.4,1
Tata Power,Private,Delhi,West Delhi,Delhi,"Tauraus Csd Shopping Complex Triveni, Outside Parking, Aepta, Golf Course
Carrippa Marg , Delhi Cantt , Opposite Dhaula Kuan Metro Station, Delhi Cantt 110010",28.58698,77.13658,CCS-II,30.0,30,1
Tata Power,Private,Delhi,West Delhi,Delhi,"The Park, Parliament Street, 15, Parliament Street, New Delhi 110001",28.628909,77.216117,CCS-II,30.0,30,1
Tata Power,Private,Delhi,West Delhi,Delhi,"The Park, Parliament Street, 15, Parliament Street, New Delhi 110001",28.628909,77.216117,Type-II AC,7.4,7.4,1
Tata Power,Private,Delhi,West Delhi,Delhi,"Tml Sagar Motors, Patparganj, Plot No 83, Patparganj Industrial Area, Patparganj, New Delhi, Delhi 110092",28.639154,77.313238,CCS-II,25.0,25,1
Tata Power,Private,Delhi,West Delhi,Delhi,"True North, Mayapuri, A1/1 Mayapuri, Industrial Area, Phase 1, New Delhi 110064",28.633301,77.126961,Combo (CCS-II+CHAdeMO),25.0,25,2
Tata Power,Private,Delhi,West Delhi,Delhi,"Unity One, Janakpuri, Unity One Janakpuri,  Metro Station, Unity One, Najafgarh Rd, Adjacent Janakpuri West, Janakpuri, New Delhi, Delhi 110058",28.628544,77.076152,CCS-II,30.0,30,1
Tata Power,Private,Delhi,West Delhi,Delhi,"Unity One, Janakpuri, Unity One Janakpuri,  Metro Station, Unity One, Najafgarh Rd, Adjacent Janakpuri West, Janakpuri, New Delhi, Delhi 110058",28.628544,77.076152,Type-II AC,7.4,7.4,1
Tata Power,Private,Delhi,West Delhi,Delhi,"Unity One, Rohini, Unity One Rohini,  Bhagwan Mahavir Marg, Swarn Jayanti Park, Sector 10, Rohini, Delhi, 110085",28.716114,77.114588,CCS-II,30.0,30,1
Tata Power,Private,Delhi,West Delhi,Delhi,"Unity One, Rohini, Unity One Rohini,  Bhagwan Mahavir Marg, Swarn Jayanti Park, Sector 10, Rohini, Delhi, 110085",28.716114,77.114588,Type-II AC,7.4,7.4,1
Tata Power,Private,Delhi,West Delhi,Delhi,"Unity One, Shahdara, Unity One Shahdara,  Maharshi Valmiki Marg, Vishwas Nagar Extension, Vishwas Nagar, Shahdara, Delhi, 110032",28.660678,77.297453,CCS-II,30.0,30,1
Tata Power,Private,Delhi,West Delhi,Delhi,"Unity One, Shahdara, Unity One Shahdara,  Maharshi Valmiki Marg, Vishwas Nagar Extension, Vishwas Nagar, Shahdara, Delhi, 110032",28.660678,77.297453,Type-II AC,7.4,7.4,1
Tata Power,Private,Delhi,West Delhi,Delhi,"Vardhaman Times Plaza, Pitampura, Lg 1, Vardhaman Times Plaza, Plot No. 13, Saint Nagar Delhi, Pitampura, Delhi - 110034",28.687418,77.134116,CCS-II,50.0,25,1
Tata Power,Private,Delhi,West Delhi,Delhi,"Vardhaman Times Plaza, Pitampura, Lg 1, Vardhaman Times Plaza, Plot No. 13, Saint Nagar Delhi, Pitampura, Delhi - 110034",28.687418,77.134116,Bharat DC-001,15.0,15,1
Tata Power,Private,Delhi,West Delhi,Delhi,"Vegas, Dwarka, Vegas,  Plot No.6, North, Pocket 1, Sector 14 Dwarka, Dwarka, Delhi, 110075",28.601711,77.029662,CCS-II,30.0,30,1
Tata Power,Private,Delhi,West Delhi,Delhi,"Vegas, Dwarka, Vegas,  Plot No.6, North, Pocket 1, Sector 14 Dwarka, Dwarka, Delhi, 110075",28.601711,77.029662,Type-II AC,7.4,7.4,1
Tata Power,Private,Delhi,West Delhi,Delhi,"Videocon Tower, Jhandewalan, E3/15, Block E3, Jhandewalan Extension, Jhandewalan, New Delhi - 110005",28.644917,77.202514,CCS-II,50.0,25,1
Tata Power,Private,Delhi,West Delhi,Delhi,"Videocon Tower, Jhandewalan, E3/15, Block E3, Jhandewalan Extension, Jhandewalan, New Delhi - 110005",28.644917,77.202514,Bharat DC-001,15.0,15,1
Tata Power,Private,Delhi,West Delhi,Delhi,"Wb Guest House, Chanakyapuri, West Bengal Guest House, 2, Pandit Uma Shankar Dixit Marg, Chanakya Puri, New Delhi - 110021",28.60517,77.192795,CCS-II,30.0,30,1
Tata Power,Private,Delhi,West Delhi,Delhi,"Wedding Souk Local Shopping Centre, Pitampura, Wedding Souk Local, Pitampura, Delhi 110034",28.69351,77.122559,CCS-II,30.0,30,1
Tata Power,Private,Delhi,West Delhi,Delhi,"Wedding Souk Local Shopping Centre, Pitampura, Wedding Souk Local, Pitampura, Delhi 110034",28.69351,77.122559,Type-II AC,7.4,7.4,1
Tata Power,Private,Delhi,West Delhi,Delhi,"Worldmark 1, Aerocity, Worldmark Aerocity, New Delhi  - 110037",28.550629,77.121324,CCS-II,25.0,25,1
Tata Power,Private,Delhi,West Delhi,Delhi,"Worldmark 2, Aerocity, Worldmark Aerocity, New Delhi  - 110037",28.54948,77.12137,CCS-II,30.0,30,1
Tata Power,Private,Delhi,West Delhi,Delhi,"Worldmark 3, Aerocity, Worldmark Aerocity, New Delhi  - 110037",28.551685,77.121667,CCS-II,30.0,30,1
UJOY,Private,Delhi,West Delhi,Delhi,104 B Sanik Enclave Sec 2 Mohan Garden,28.553538,76.952845,LEV AC Charge point,3.3,3.3,1
UJOY,Private,Delhi,West Delhi,Delhi,"114-A, First Floor, Gali No 1, Gupta Enclave, Vikas Nagar, Uttam Nagar New Delhi",28.649141,77.041129,LEV AC Charge point,3.3,3.3,1
UJOY,Private,Delhi,West Delhi,Delhi,124 A Basement K.H.No.-45/22 Baporla Vihar Village Bazorla Near Kalawati School New Delhi 110043,28.635439,77.016159,LEV AC Charge point,3.3,3.3,1
UJOY,Private,Delhi,West Delhi,Delhi,"131, Gopal Nagar P Block, Najafgarh",28.613387,76.964973,LEV AC Charge point,3.3,3.3,1
UJOY,Private,Delhi,West Delhi,Delhi,15 A Enclave Extension Chand Vihar,28.647477,77.035654,LEV AC Charge point,3.3,3.3,1
UJOY,Private,Delhi,West Delhi,Delhi,15A Deep Enclave Extension Chand Vihar,28.64748,77.035689,LEV AC Charge point,3.3,3.3,1
UJOY,Private,Delhi,West Delhi,Delhi,16/2 Roshan Mandi Najafagarh Delhi,28.612558,76.993946,LEV AC Charge point,3.3,3.3,1
UJOY,Private,Delhi,West Delhi,Delhi,1655 B/1C Near Jharoda Bus Stand,28.612783,76.979544,LEV AC Charge point,3.3,3.3,1
UJOY,Private,Delhi,West Delhi,Delhi,"169, Dharampura, Najafgarh, New Delhi  - 110043",28.603373,76.989199,LEV AC Charge point,3.3,3.3,1
UJOY,Private,Delhi,West Delhi,Delhi,19/5 Laxmi Vihar Jain Road,28.62422,77.031288,LEV AC Charge point,3.3,3.3,1
UJOY,Private,Delhi,West Delhi,Delhi,1C Vikas Kunj Ext Mohan Garden Uttam Nagar,28.642763,77.034572,LEV AC Charge point,3.3,3.3,1
UJOY,Private,Delhi,West Delhi,Delhi,251/252 Malika Ganj Near Nigam Pratibha Balika Vidyalay,28.677904,77.20842,LEV AC Charge point,3.3,3.3,1
UJOY,Private,Delhi,West Delhi,Delhi,3/2A Plot N0 10 Amar Park Zakhira Near Ashoka Park Main Metro Station Delhi 110035,28.670974,77.159542,LEV AC Charge point,3.3,3.3,1
UJOY,Private,Delhi,West Delhi,Delhi,305 Pocket 1 Paschim Puri New Delhi 110063 Shop No 2,28.66514,77.113942,LEV AC Charge point,3.3,3.3,1
UJOY,Private,Delhi,West Delhi,Delhi,"4 A Gandhi Park, Deenpur,
Najafgarh, New Delhi-110043 (Behind Bharat Petrol Pump)",28.58842,76.996948,LEV AC Charge point,3.3,3.3,1
UJOY,Private,Delhi,West Delhi,Delhi,50 51 Centre Side Ranjeet Vihar Udaiy Vihar Nikhil Vihar Nilothi Ext,28.657504,77.065893,LEV AC Charge point,3.3,3.3,1
UJOY,Private,Delhi,West Delhi,Delhi,542 T Huts H.M.B. Jwala Puri,28.680664,77.081929,LEV AC Charge point,3.3,3.3,1
UJOY,Private,Delhi,West Delhi,Delhi,"78, Pocket 9, Sector 23, Rohini, Delhi, 110099",28.721847,77.078821,LEV AC Charge point,3.3,3.3,1
UJOY,Private,Delhi,West Delhi,Delhi,80/118 Sanibajar Road Mohan  Garden,28.627989,77.03985,LEV AC Charge point,3.3,3.3,1
UJOY,Private,Delhi,West Delhi,Delhi,80/118 Sanibajar Road Mohan Garden,28.627839,77.039775,LEV AC Charge point,3.3,3.3,1
UJOY,Private,Delhi,West Delhi,Delhi,"86A1 Sainik Enclave , Near Metro Depot",28.61393,77.00504,LEV AC Charge point,3.3,3.3,1
UJOY,Private,Delhi,West Delhi,Delhi,99 Village Ranhola,28.657063,77.041778,LEV AC Charge point,3.3,3.3,1
UJOY,Private,Delhi,West Delhi,Delhi,A 22 Naraina Industrial Area Phase 2,28.64399,77.145996,LEV AC Charge point,3.3,3.3,1
UJOY,Private,Delhi,West Delhi,Delhi,A 5 Dsidc Industrial Area Nangloi Delhi 41,28.682278,77.079279,LEV AC Charge point,3.3,3.3,1
UJOY,Private,Delhi,West Delhi,Delhi,A 5 Dsidc Udyog Nagar Nr Metro Pillar 334 Delhi 41,28.682046,77.079309,LEV AC Charge point,3.3,3.3,1
UJOY,Private,Delhi,West Delhi,Delhi,A 54 Gulab Bagh  App. Pil No 750,28.620677,77.040032,LEV AC Charge point,3.3,3.3,1
UJOY,Private,Delhi,West Delhi,Delhi,A 54 Gulab Bagh App. Matro Pill. 750,28.620065,77.040001,LEV AC Charge point,3.3,3.3,1
UJOY,Private,Delhi,West Delhi,Delhi,A 54 Gulab Bagh App. Matro Pill'750,28.619972,77.039993,LEV AC Charge point,3.3,3.3,1
UJOY,Private,Delhi,West Delhi,Delhi,A-05 Vikas Nagar Main Nala Road New Delhi 110059,28.650018,77.048658,LEV AC Charge point,3.3,3.3,1
UJOY,Private,Delhi,West Delhi,Delhi,A-1 Chottey Lal Park Opp Metro Pillor 342,28.653922,77.134857,LEV AC Charge point,3.3,3.3,1
UJOY,Private,Delhi,West Delhi,Delhi,A-1 Chottey Lal Park Opp Metro Pillor No 342,28.653923,77.134896,LEV AC Charge point,3.3,3.3,1
UJOY,Private,Delhi,West Delhi,Delhi,A-1 Chottey Lal Park Opp Metro Pillor No 343,28.653926,77.134875,LEV AC Charge point,3.3,3.3,1
UJOY,Private,Delhi,West Delhi,Delhi,A-1 D.K Road Mohan Garden,28.621586,77.039727,LEV AC Charge point,3.3,3.3,1
UJOY,Private,Delhi,West Delhi,Delhi,"A-1, Adhyapak Nagar Opposite Baniya Ki Dukaan Najafgarh Road Nangloi Delhi-41",28.669094,77.056564,LEV AC Charge point,3.3,3.3,1
UJOY,Private,Delhi,West Delhi,Delhi,"A-1, D.K Road Mohan Garden",28.621563,77.039703,LEV AC Charge point,3.3,3.3,1
UJOY,Private,Delhi,West Delhi,Delhi,"A-13, Main Najafgarh Road, (Near Nawada Metro Station) Pillar Number 737, Uttam Nagar, N. Delhi-59",28.619959,77.043595,LEV AC Charge point,3.3,3.3,1
UJOY,Private,Delhi,West Delhi,Delhi,A-16 Aman Puri  Opp. Mansa Ram Hospital Nangloi,28.672525,77.05928,LEV AC Charge point,3.3,3.3,1
UJOY,Private,Delhi,West Delhi,Delhi,"A-38, Gulab Bagh,Mohal Gardan, Metro Pillar No 744, Nawada Delhi",28.620252,77.041749,LEV AC Charge point,3.3,3.3,1
UJOY,Private,Delhi,West Delhi,Delhi,A426 Siddhrthi Encvle Bhgwari Garden Mohan Garden Uttam Nager,28.630468,77.031376,LEV AC Charge point,3.3,3.3,1
UJOY,Private,Delhi,West Delhi,Delhi,A-5 Dsidc Industrial Area Nangloi Delhi,28.68218,77.07924,LEV AC Charge point,3.3,3.3,1
UJOY,Private,Delhi,West Delhi,Delhi,"A-5 Dsidc Industrial Area, Nangloi Delhi 41",28.682212,77.079353,LEV AC Charge point,3.3,3.3,1
UJOY,Private,Delhi,West Delhi,Delhi,A5 Vikas Kunj Vikas Nagar  Uttam Nagar New Delhi,28.646176,77.033562,LEV AC Charge point,3.3,3.3,1
UJOY,Private,Delhi,West Delhi,Delhi,A5 Vikas Kunj Vikas Nagar Uttam Nagar New Dwlhi,28.646509,77.032769,LEV AC Charge point,3.3,3.3,1
UJOY,Private,Delhi,West Delhi,Delhi,A992 Jj Colony Pankha Road Uttam Nagar,28.622327,77.067903,LEV AC Charge point,3.3,3.3,1
UJOY,Private,Delhi,West Delhi,Delhi,Arss Mall,28.669045,77.101741,LEV AC Charge point,3.3,3.3,1
UJOY,Private,Delhi,West Delhi,Delhi,Ashok Parak Metro Station Phool Bagh,28.671407,77.1553,LEV AC Charge point,3.3,3.3,1
UJOY,Private,Delhi,West Delhi,Delhi,B 167 Mansarover Garden,28.643656,77.136953,LEV AC Charge point,3.3,3.3,1
UJOY,Private,Delhi,West Delhi,Delhi,"B1 ,35 Sharma Colony Budh Vihar Phase 2",28.721841,77.090707,LEV AC Charge point,3.3,3.3,1
UJOY,Private,Delhi,West Delhi,Delhi,B-205 Shiv Vihar Jj Colony Uttam Nagar,28.640832,77.055862,LEV AC Charge point,3.3,3.3,1
UJOY,Private,Delhi,West Delhi,Delhi,"B28, Nanhepark Uttam Nagar West",28.61465,77.048031,LEV AC Charge point,3.3,3.3,1
UJOY,Private,Delhi,West Delhi,Delhi,"B-523A, Chokhandi Tilak Nagar",28.647569,77.095078,LEV AC Charge point,3.3,3.3,1
UJOY,Private,Delhi,West Delhi,Delhi,"B-88,89 Piple Road Mohan Garden Uttam Nagar",28.622438,77.039365,LEV AC Charge point,3.3,3.3,1
UJOY,Private,Delhi,West Delhi,Delhi,Behind Bandhan Bank,28.635909,77.073223,LEV AC Charge point,3.3,3.3,1
UJOY,Private,Delhi,West Delhi,Delhi,"Block A, Block D, Raja Garden, Delhi, 110015",28.652181,77.127159,LEV AC Charge point,3.3,3.3,1
UJOY,Private,Delhi,West Delhi,Delhi,"Block A, Block Wz, Raja Garden, New Delhi, Delhi, 110015",28.652357,77.127025,LEV AC Charge point,3.3,3.3,1
UJOY,Private,Delhi,West Delhi,Delhi,"Block D, Mansa Ram Park, Uttam Nagar, Delhi, 110059",28.619997,77.040637,LEV AC Charge point,3.3,3.3,1
UJOY,Private,Delhi,West Delhi,Delhi,"Block E, Budella, Vikaspuri, New Delhi, Delhi, 110018",28.640425,77.063933,LEV AC Charge point,3.3,3.3,1
UJOY,Private,Delhi,West Delhi,Delhi,"Block S, Jawalapuri Extension, Paschim Vihar, Delhi, 110087",28.672056,77.078453,LEV AC Charge point,3.3,3.3,1
UJOY,Private,Delhi,West Delhi,Delhi,"Block,F-Extn. Mohan Garden Near Peepal Wala Road",28.623336,77.038587,LEV AC Charge point,3.3,3.3,1
UJOY,Private,Delhi,West Delhi,Delhi,"C-119, Bhagawati Garden Extn. Uttam Nagar New Delhi",28.621892,77.032495,LEV AC Charge point,3.3,3.3,1
UJOY,Private,Delhi,West Delhi,Delhi,C-68 Lic Colony Opp Sayed Gaon Near Gh8,28.661924,77.082027,LEV AC Charge point,3.3,3.3,1
UJOY,Private,Delhi,West Delhi,Delhi,"C-68 Lic Colony, Opp Sayed Gaon Near Gh8",28.661913,77.082193,LEV AC Charge point,3.3,3.3,1
UJOY,Private,Delhi,West Delhi,Delhi,"C-9/12, Som Bazar, Jeevan Park, (Back Side Of Pradhanmantri Jan Ausdi Kendra) Pankha Road Uttam Nagar, New Delhi -110059",28.619262,77.072675,LEV AC Charge point,3.3,3.3,1
UJOY,Private,Delhi,West Delhi,Delhi,Ca-58 Tagore Garden,28.646502,77.113603,LEV AC Charge point,3.3,3.3,1
UJOY,Private,Delhi,West Delhi,Delhi,Chandan Vihar C59,28.674048,77.076771,LEV AC Charge point,3.3,3.3,1
UJOY,Private,Delhi,West Delhi,Delhi,D 4 Nangloi Delhi,28.662451,77.05541,LEV AC Charge point,3.3,3.3,1
UJOY,Private,Delhi,West Delhi,Delhi,"D Block, Vikaspuri",28.638682,77.065238,LEV AC Charge point,3.3,3.3,1
UJOY,Private,Delhi,West Delhi,Delhi,D17 Swarn Park,28.682022,77.041161,LEV AC Charge point,3.3,3.3,1
UJOY,Private,Delhi,West Delhi,Delhi,"D-39, Gali No.-5, New Shyam Nagar, Tilak Nagar, West Delhi, Delhi-110018",28.64423,77.106522,LEV AC Charge point,3.3,3.3,1
UJOY,Private,Delhi,West Delhi,Delhi,Deenpur Extn Main Bijwasan Gurugram Road,28.596527,76.990536,LEV AC Charge point,3.3,3.3,1
UJOY,Private,Delhi,West Delhi,Delhi,Durga Vihar Gurgaon Road Dindarpur Najafgarh New Delhi,28.596191,76.990408,LEV AC Charge point,3.3,3.3,1
UJOY,Private,Delhi,West Delhi,Delhi,Durga Vihar Gurgaon Road Dindarpur Near Bikaner Sweet  Najafgarh Delhi,28.596127,76.990372,LEV AC Charge point,3.3,3.3,1
UJOY,Private,Delhi,West Delhi,Delhi,Dwaraka Piller No. 806,28.619509,77.026023,LEV AC Charge point,3.3,3.3,1
UJOY,Private,Delhi,West Delhi,Delhi,F 234 Vikashuri,28.643034,77.071233,LEV AC Charge point,3.3,3.3,1
UJOY,Private,Delhi,West Delhi,Delhi,F 299 Sahyog Vihar Matiala Near Shanti Garden,28.609239,77.04979,LEV AC Charge point,3.3,3.3,1
UJOY,Private,Delhi,West Delhi,Delhi,F Block Vikas Puri New Delhi,28.640599,77.065951,LEV AC Charge point,3.3,3.3,1
UJOY,Private,Delhi,West Delhi,Delhi,F299 Sahyog Vihar Matiala Near Shanti Garden Dheli,28.609006,77.050141,LEV AC Charge point,3.3,3.3,1
UJOY,Private,Delhi,West Delhi,Delhi,Flat No 1 Pocket B1 Anmol Apartment Loknayak Puram Bakkarwala Mundka New Delhi 110041,28.661271,77.009246,LEV AC Charge point,3.3,3.3,1
UJOY,Private,Delhi,West Delhi,Delhi,G 18 Arss Mall,28.669028,77.10173,LEV AC Charge point,3.3,3.3,1
UJOY,Private,Delhi,West Delhi,Delhi,"G-1 / 370 &371, G-1 Block, Dal Mill Road, Uttam Nagar",28.624978,77.055835,LEV AC Charge point,3.3,3.3,1
UJOY,Private,Delhi,West Delhi,Delhi,"G-1/269 & 270, Near Komal Property Dealer",28.625288,77.056022,LEV AC Charge point,3.3,3.3,1
UJOY,Private,Delhi,West Delhi,Delhi,"Gangotri Apartment, Vikaspuri, Delhi, 110018",28.642815,77.06962,LEV AC Charge point,3.3,3.3,1
UJOY,Private,Delhi,West Delhi,Delhi,Gulmohar Apartment Block,28.637588,77.06483,LEV AC Charge point,3.3,3.3,1
UJOY,Private,Delhi,West Delhi,Delhi,"H.No-106, Ext-3 , Nangloi Delhi",28.681528,77.062554,LEV AC Charge point,3.3,3.3,1
UJOY,Private,Delhi,West Delhi,Delhi,"H.No-106, Ext-3 , Scooter Market",28.681626,77.062533,LEV AC Charge point,3.3,3.3,1
UJOY,Private,Delhi,West Delhi,Delhi,Hari Spare Parts Opposite Bani Camp Nangloi Road,28.633699,77.002907,LEV AC Charge point,3.3,3.3,1
UJOY,Private,Delhi,West Delhi,Delhi,Hno .R407 A Khno. 9/4-2-3 Nihal Vihar Nangloi New Delhi,28.659579,77.06287,LEV AC Charge point,3.3,3.3,1
UJOY,Private,Delhi,West Delhi,Delhi,Hno. 115 Krishna Colony Uttam Nagar,28.631886,77.062062,LEV AC Charge point,3.3,3.3,1
UJOY,Private,Delhi,West Delhi,Delhi,Hno.R 407A Khno .9/4-2-3 Nihar Vihar Nangloi New Delhi 110041,28.659725,77.062852,LEV AC Charge point,3.3,3.3,1
UJOY,Private,Delhi,West Delhi,Delhi,"House No 47, Gali No 9, G-2, Sai Enclave Mohan Garden Uttam Nagar New Delhi",28.642027,77.036598,LEV AC Charge point,3.3,3.3,1
UJOY,Private,Delhi,West Delhi,Delhi,House No 524 Near Pillar No 513,28.682486,77.032977,LEV AC Charge point,3.3,3.3,1
UJOY,Private,Delhi,West Delhi,Delhi,House No A3 G Floor Vikash Kunj Vikas Nagar Uttam Nagar New Delhi 110059,28.646461,77.034246,LEV AC Charge point,3.3,3.3,1
UJOY,Private,Delhi,Shahdara,Delhi,J J Colony Shiv Vihar Vikash Nagar Delhi,28.642532,77.055507,LEV AC Charge point,3.3,3.3,1
UJOY,Private,Delhi,West Delhi,Delhi,J23 Ramesh Nagar,28.652256,77.130924,LEV AC Charge point,3.3,3.3,1
UJOY,Private,Delhi,West Delhi,Delhi,J23 Ramesh Nagar Bandar Wali Khui,28.652443,77.130995,LEV AC Charge point,3.3,3.3,1
UJOY,Private,Delhi,West Delhi,Delhi,"J4Rf+P2X, Block H, Rajouri Garden, Delhi, 110001",28.641896,77.122553,LEV AC Charge point,3.3,3.3,1
UJOY,Private,Delhi,West Delhi,Delhi,K 27 Gali No. 10 Pipal Wala Road Mohan Garden Uttam Nagar New Delhi 110059,28.6271,77.038139,LEV AC Charge point,3.3,3.3,1
UJOY,Private,Delhi,West Delhi,Delhi,K1 Near Narayan Dharm Khata Chok Nangloi,28.671189,77.058271,LEV AC Charge point,3.3,3.3,1
UJOY,Private,Delhi,West Delhi,Delhi,K45Mohan Garden Uttam Nagar Near Pipal Chock,28.627974,77.038466,LEV AC Charge point,3.3,3.3,1
UJOY,Private,Delhi,West Delhi,Delhi,"K-5/32 B, Mohan  Garden, Uttam Nagar",28.634468,77.039496,LEV AC Charge point,3.3,3.3,1
UJOY,Private,Delhi,West Delhi,Delhi,Kh 20/21 Kakrola Housing Complex,28.619784,77.025575,LEV AC Charge point,3.3,3.3,1
UJOY,Private,Delhi,West Delhi,Delhi,Kh.Nob106|6 Main Kanjhwala Roab Near Brahm Shakti Hospital,28.713064,77.079873,LEV AC Charge point,3.3,3.3,1
UJOY,Private,Delhi,West Delhi,Delhi,"Klj House, 8A, Shivaji Marg, Moti Nagar",28.662373,77.151863,LEV AC Charge point,3.3,3.3,1
UJOY,Private,Delhi,West Delhi,Delhi,L 183 Mohan Garden,28.627732,77.032279,LEV AC Charge point,3.3,3.3,1
UJOY,Private,Delhi,West Delhi,Delhi,L Extension  Shop No.1,28.629622,77.032673,LEV AC Charge point,3.3,3.3,1
UJOY,Private,Delhi,West Delhi,Delhi,M 25 Commander Chowk Vikas Nagar Uttam Nagar New Delhi,28.640893,77.048545,LEV AC Charge point,3.3,3.3,1
UJOY,Private,Delhi,West Delhi,Delhi,"M5C5+7Xg, Rohtak Rd, House Complex Market, Karampura Industrial Area, Karam Pura, New Delhi, Delhi, 110015",28.670766,77.160024,LEV AC Charge point,3.3,3.3,1
UJOY,Private,Delhi,West Delhi,Delhi,Main Gurgaon Road Durga Vihar Near Machhli Market Deenpur Najafgarh New Delhi,28.59606,76.990353,LEV AC Charge point,3.3,3.3,1
UJOY,Private,Delhi,West Delhi,Delhi,"Mansa Ram Park, Uttam Nagar, Delhi, 110059",28.619919,77.041593,LEV AC Charge point,3.3,3.3,1
UJOY,Private,Delhi,West Delhi,Delhi,Mein Hero Electric Shoram Sayed Gao,28.661386,77.08443,LEV AC Charge point,3.3,3.3,1
UJOY,Private,Delhi,West Delhi,Delhi,Metro Pillar No 432 Nangloi,28.681962,77.0549,LEV AC Charge point,3.3,3.3,1
UJOY,Private,Delhi,West Delhi,Delhi,"Metro Station Janak Puri East, Delhi",28.632914,77.086439,LEV AC Charge point,3.3,3.3,1
UJOY,Private,Delhi,West Delhi,Delhi,Mohan Garden,28.623095,77.039731,LEV AC Charge point,3.3,3.3,1
UJOY,Private,Delhi,West Delhi,Delhi,Mohan Garden B/319 Shesha Godam Road,28.623279,77.034704,LEV AC Charge point,3.3,3.3,1
UJOY,Private,Delhi,West Delhi,Delhi,Mundaka,28.682446,77.041174,LEV AC Charge point,3.3,3.3,1
UJOY,Private,Delhi,West Delhi,Delhi,N Block Gurdwara Dera Dukh Niwaran Raghubir Nagar Near Bus Stand 912 New Delhi 27,28.659325,77.111877,LEV AC Charge point,3.3,3.3,1
UJOY,Private,Delhi,West Delhi,Delhi,Najab Garh Nagloi Road Tilangpur Kotla,28.649315,77.028059,LEV AC Charge point,3.3,3.3,1
UJOY,Private,Delhi,West Delhi,Delhi,Najafgarh,28.599916,76.99909,LEV AC Charge point,3.3,3.3,1
UJOY,Private,Delhi,West Delhi,Delhi,"Najafgarh Rd, Block D, Mansa Ram Park, Uttam Nagar, Delhi, 110059",28.620211,77.040687,LEV AC Charge point,3.3,3.3,1
UJOY,Private,Delhi,West Delhi,Delhi,Nangli Vihar Extension,28.633637,77.016893,LEV AC Charge point,3.3,3.3,1
UJOY,Private,Delhi,West Delhi,Delhi,"Nangloi, Delhi, 110041",28.681211,77.075725,LEV AC Charge point,3.3,3.3,1
UJOY,Private,Delhi,West Delhi,Delhi,Old Mahabir Nagar Opp Metro Pillar No 553 Near East Janakpuri Metro Station,28.632902,77.087602,LEV AC Charge point,3.3,3.3,1
UJOY,Private,Delhi,West Delhi,Delhi,Old Mahabir Nagar Opp Metro Pillar No 553 Near Janakpuri Metro Station,28.633179,77.08818,LEV AC Charge point,3.3,3.3,1
UJOY,Private,Delhi,West Delhi,Delhi,Old Pvc Market Near Sai Mandir,28.671917,77.079967,LEV AC Charge point,3.3,3.3,1
UJOY,Private,Delhi,West Delhi,Delhi,"Old Roshanpura Extension, Block E, New Roshanpura, Najafgarh, Delhi, 110043",28.606811,76.98793,LEV AC Charge point,3.3,3.3,1
UJOY,Private,Delhi,West Delhi,Delhi,Opp Metro Pillar No 483,28.682548,77.041518,LEV AC Charge point,3.3,3.3,1
UJOY,Private,Delhi,West Delhi,Delhi,P- 72 Exciteon Mohan Garden,28.630961,77.035268,LEV AC Charge point,3.3,3.3,1
UJOY,Private,Delhi,West Delhi,Delhi,P_78 Vishnu Garden Near Shitla Mata Mandir Bank Of India,28.648188,77.103886,LEV AC Charge point,3.3,3.3,1
UJOY,Private,Delhi,West Delhi,Delhi,P-1/52A Budh Vihar Phase-1,28.710874,77.08468,LEV AC Charge point,3.3,3.3,1
UJOY,Private,Delhi,West Delhi,Delhi,"Pillar No 798,Vipin Garden Extension Gali No 12 Shop No 1 Uttam Nagar",28.626694,77.027082,LEV AC Charge point,3.3,3.3,1
UJOY,Private,Delhi,West Delhi,Delhi,Pkt 11A Rohini Sector 23,28.718631,77.083779,LEV AC Charge point,3.3,3.3,1
UJOY,Private,Delhi,West Delhi,Delhi,Plot No .15Ranaji Enclave Near Pillar No 53,28.618555,77.013381,LEV AC Charge point,3.3,3.3,1
UJOY,Private,Delhi,West Delhi,Delhi,Plot No 12 Dichaon Enclave,28.62857,76.996699,LEV AC Charge point,3.3,3.3,1
UJOY,Private,Delhi,West Delhi,Delhi,"Plot No 2, Opp To Balaji Dharam Kanta, Matiala",28.609011,77.049384,LEV AC Charge point,3.3,3.3,1
UJOY,Private,Delhi,West Delhi,Delhi,Plot No 4 G Block Prem Nagar Opposite Rao Man Singh Public School,28.598016,76.981066,LEV AC Charge point,3.3,3.3,1
UJOY,Private,Delhi,West Delhi,Delhi,"Plot No 4, G Block Prem Nagar, Opposite Rao Man Singh Public School",28.59802,76.981067,LEV AC Charge point,3.3,3.3,1
UJOY,Private,Delhi,West Delhi,Delhi,Plot No 8 Khyala,28.651711,77.092599,LEV AC Charge point,3.3,3.3,1
UJOY,Private,Delhi,West Delhi,Delhi,Plot No 83 A Patel Garden Extn Sewak Park,28.616874,77.032363,LEV AC Charge point,3.3,3.3,1
UJOY,Private,Delhi,West Delhi,Delhi,Plot No 83 A Patel Garden Extn Sewak Park Side,28.616852,77.032355,LEV AC Charge point,3.3,3.3,1
UJOY,Private,Delhi,West Delhi,Delhi,Plot No 98 Gali No 1 Niyadar Enclave Near Sunday Bazar Road Vikas Nagar,28.644834,77.036943,LEV AC Charge point,3.3,3.3,1
UJOY,Private,Delhi,West Delhi,Delhi,"Plot No 98, Gali No 1, Niyadar Enclave, Near Sunday Market Road, Vikas Nagar, Uttam Nagar New Delhi- 110059",28.64477,77.03698,LEV AC Charge point,3.3,3.3,1
UJOY,Private,Delhi,West Delhi,Delhi,"Plot No.19, Arjun Park, Najafgrh",28.619016,77.014507,LEV AC Charge point,3.3,3.3,1
UJOY,Private,Delhi,West Delhi,Delhi,"Plot No.4, G Block, Prem Nagar, Opposite Rao Man Singh Public School",28.598013,76.981068,LEV AC Charge point,3.3,3.3,1
UJOY,Private,Delhi,West Delhi,Delhi,Plot No_12 Dichaon Enclave Nagloi Najafgarh Road Near Dtc Depot,28.62852,76.996752,LEV AC Charge point,3.3,3.3,1
UJOY,Private,Delhi,West Delhi,Delhi,Plot No-12Dichaon Encleve Nangloi Najafgarh Road Nera Dtc Bus Depot,28.628484,76.9968,LEV AC Charge point,3.3,3.3,1
UJOY,Private,Delhi,West Delhi,Delhi,Plot No182 Chand Nagar,28.648255,77.096365,LEV AC Charge point,3.3,3.3,1
UJOY,Private,Delhi,West Delhi,Delhi,"Plot No-8, Vipin Garden, Metro Pillar No-801",28.619428,77.027233,LEV AC Charge point,3.3,3.3,1
UJOY,Private,Delhi,West Delhi,Delhi,"Plots No ,497, Pilar No 515 Opp Sbi Bank Mundka",28.682508,77.032412,LEV AC Charge point,3.3,3.3,1
UJOY,Private,Delhi,West Delhi,Delhi,Pocket 3 Sector 23 Rohini Delhi,28.72094,77.080181,LEV AC Charge point,3.3,3.3,1
UJOY,Private,Delhi,West Delhi,Delhi,Pocket B1 Dda Flats Loknayak Puram,28.66129,77.009417,LEV AC Charge point,3.3,3.3,1
UJOY,Private,Delhi,West Delhi,Delhi,Pocket D Loknayak Puram Bakkarwara,28.661326,77.006858,LEV AC Charge point,3.3,3.3,1
UJOY,Private,Delhi,West Delhi,Delhi,"R/5, Opp. Piller No.693 Main Najaf Garh Road Uttam Nagar West New Delhi 110059",28.621594,77.054606,LEV AC Charge point,3.3,3.3,1
UJOY,Private,Delhi,West Delhi,Delhi,Rajdhani Park Metro,28.68204,77.041477,LEV AC Charge point,3.3,3.3,1
UJOY,Private,Delhi,West Delhi,Delhi,"Raksha Enclave ,Plot No.7 Kakrola To Keshavpur Nala Road New Delhi -59",28.642113,77.028703,LEV AC Charge point,3.3,3.3,1
UJOY,Private,Delhi,West Delhi,Delhi,Ranhola Rd,28.638977,77.050698,LEV AC Charge point,3.3,3.3,1
UJOY,Private,Delhi,West Delhi,Delhi,Rd-18 Dharampura Ext Najafgarh Near Shree Hospital,28.608619,76.99545,LEV AC Charge point,3.3,3.3,1
UJOY,Private,Delhi,West Delhi,Delhi,Rd-Dharampura Ext.,28.608616,76.995482,LEV AC Charge point,3.3,3.3,1
UJOY,Private,Delhi,West Delhi,Delhi,Roshan Gardan Old Kakrola Najafgarh New Delhi,28.608263,76.996571,LEV AC Charge point,3.3,3.3,1
UJOY,Private,Delhi,West Delhi,Delhi,Roshan Garden Old Kakrola Road Najafgarh New Delhi Plot No 1,28.608229,76.996664,LEV AC Charge point,3.3,3.3,1
UJOY,Private,Delhi,West Delhi,Delhi,"Rwa, Glorious Apartment, Pocket B2, Loknayak Puram",28.661226,77.01077,LEV AC Charge point,3.3,3.3,1
UJOY,Private,Delhi,West Delhi,Delhi,Rz 134 B Block New Gopal Nagar Najafgarh New Delhi,28.60561,76.967949,LEV AC Charge point,3.3,3.3,1
UJOY,Private,Delhi,West Delhi,Delhi,Rz -2 C- Block  Near Sbi Bank Chawla Stand,28.606879,76.986009,LEV AC Charge point,3.3,3.3,1
UJOY,Private,Delhi,West Delhi,Delhi,Rz -2 C Block Near Sbi Bank Chawla Stand,28.606849,76.985977,LEV AC Charge point,3.3,3.3,1
UJOY,Private,Delhi,West Delhi,Delhi,Rz 30 A  Raghubir Block Najafgarh,28.604924,76.981984,LEV AC Charge point,3.3,3.3,1
UJOY,Private,Delhi,West Delhi,Delhi,Rz C8 Old Roshan Pura Back Side Of Pizza Wings Najafgarh,28.606234,76.986061,LEV AC Charge point,3.3,3.3,1
UJOY,Private,Delhi,West Delhi,Delhi,Rz11 Shop 1 Indra Park Uttam Nagar New Delhi Delhi 59,28.62114,77.068981,LEV AC Charge point,3.3,3.3,1
UJOY,Private,Delhi,West Delhi,Delhi,Rz-2 C Block Near Sbi Bank Chawla Stand,28.606809,76.986061,LEV AC Charge point,3.3,3.3,1
UJOY,Private,Delhi,West Delhi,Delhi,"Rz-9, Sultan Garden ,Near Reliance Smart Point, Nangloi Road, Najafgarh",28.622167,76.988199,LEV AC Charge point,3.3,3.3,1
UJOY,Private,Delhi,West Delhi,Delhi,"Rz-9, Sultan Garden, Main Nangloi Road,",28.622139,76.988185,LEV AC Charge point,3.3,3.3,1
UJOY,Private,Delhi,West Delhi,Delhi,Rzc-54 Gali No 2 Nihal Vihar Nangloi,28.669854,77.0773,LEV AC Charge point,3.3,3.3,1
UJOY,Private,Delhi,West Delhi,Delhi,S B Enclave,28.648026,77.072237,LEV AC Charge point,3.3,3.3,1
UJOY,Private,Delhi,West Delhi,Delhi,S B I Enclave H Block  Vikaspuri,28.647965,77.07216,LEV AC Charge point,3.3,3.3,1
UJOY,Private,Delhi,West Delhi,Delhi,S44. Meenakshi Garden  Subhash Nagar Meto Station Delhi,28.639931,77.105591,LEV AC Charge point,3.3,3.3,1
UJOY,Private,Delhi,West Delhi,Delhi,Sevak Park Gali 8 A22A,28.618061,77.032391,LEV AC Charge point,3.3,3.3,1
UJOY,Private,Delhi,West Delhi,Delhi,Sevak Park Gali No 8 A22A,28.617997,77.03248,LEV AC Charge point,3.3,3.3,1
UJOY,Private,Delhi,West Delhi,Delhi,Sevak Park Gali No8 A22A,28.618242,77.032378,LEV AC Charge point,3.3,3.3,1
UJOY,Private,Delhi,West Delhi,Delhi,Sh- 1/7 New Moti Nagar New Delhi 1100,28.662867,77.144762,LEV AC Charge point,3.3,3.3,1
UJOY,Private,Delhi,West Delhi,Delhi,Sharma Glass & V Fitness Gym,28.660792,77.084828,LEV AC Charge point,3.3,3.3,1
UJOY,Private,Delhi,West Delhi,Delhi,Sho.No.1 Nangloi Road Near Airforce Camp Najafgarh New Delhi,28.633186,77.002141,LEV AC Charge point,3.3,3.3,1
UJOY,Private,Delhi,West Delhi,Delhi,Shop No 1 Kh 141/17/2 Laxmi Vihar Dichaon Kalan Najafgarh,28.628695,76.996914,LEV AC Charge point,3.3,3.3,1
UJOY,Private,Delhi,West Delhi,Delhi,Shop No 127 Main Najafgarh Road  Nangloi,28.677742,77.063995,LEV AC Charge point,3.3,3.3,1
UJOY,Private,Delhi,West Delhi,Delhi,Shop No 18 Dda Lajwanti Garden,28.613968,77.106689,LEV AC Charge point,3.3,3.3,1
UJOY,Private,Delhi,West Delhi,Delhi,Shop No 270 Nawada Uttam Nagar,28.620537,77.047704,LEV AC Charge point,3.3,3.3,1
UJOY,Private,Delhi,West Delhi,Delhi,Shop No 3 Wz 240 G Block Hari Nagar Shiv. Nagar Mother Dairy Road,28.628448,77.099056,LEV AC Charge point,3.3,3.3,1
UJOY,Private,Delhi,West Delhi,Delhi,Shop No 3Main Nangloi Najafgarh Road Chanchal Park,28.648181,77.024254,LEV AC Charge point,3.3,3.3,1
UJOY,Private,Delhi,West Delhi,Delhi,Shop No 4 Plot No 15 Rana Ji Enclave Near Metro Pillar No 53 Najafgarh New Delhi 43,28.618443,77.013396,LEV AC Charge point,3.3,3.3,1
UJOY,Private,Delhi,West Delhi,Delhi,Shop No 77 Lajwanti Garden,28.61422,77.107057,LEV AC Charge point,3.3,3.3,1
UJOY,Private,Delhi,West Delhi,Delhi,Shop No 8 Nangli Sakrawati More Pillar No 70 Najafgarh Delhi,28.616562,77.008099,LEV AC Charge point,3.3,3.3,1
UJOY,Private,Delhi,West Delhi,Delhi,Shop No A4 Vikas Kunj Vikas Nagar Mohan Garden,28.645974,77.033269,LEV AC Charge point,3.3,3.3,1
UJOY,Private,Delhi,West Delhi,Delhi,Shop No Sh33473 New Moti Nagar Near Milan Cinama Delhi 15,28.663088,77.144835,LEV AC Charge point,3.3,3.3,1
UJOY,Private,Delhi,West Delhi,Delhi,Shop No Sh33473 New Moti Nagar Near Milan Cinema New Delhi 110015,28.663036,77.144799,LEV AC Charge point,3.3,3.3,1
UJOY,Private,Delhi,West Delhi,Delhi,Shop No.1 Ms Block Opp Teen Wala School  Mohen Garden  Uttam Nagar,28.62958,77.03305,LEV AC Charge point,3.3,3.3,1
UJOY,Private,Delhi,West Delhi,Delhi,"Shop No.12 Dda Market Jg-2 Block , Vikas Puri , New Delhi -110018",28.643469,77.081093,LEV AC Charge point,3.3,3.3,1
UJOY,Private,Delhi,West Delhi,Delhi,Shop No.72/13 Main Rohtak Road Swarn Park,28.682413,77.041227,LEV AC Charge point,3.3,3.3,1
UJOY,Private,Delhi,West Delhi,Delhi,Shop No11 Gurudwara Singh Sabha Jai Dev Park Rohatak New Delhi,28.672104,77.151701,LEV AC Charge point,3.3,3.3,1
UJOY,Private,Delhi,West Delhi,Delhi,Shop Number 106Dda Market Lajwanti Garden,28.614395,77.107231,LEV AC Charge point,3.3,3.3,1
UJOY,Private,Delhi,West Delhi,Delhi,Shop Number 69 Dda Market Lajwanti Garden,28.614208,77.10725,LEV AC Charge point,3.3,3.3,1
UJOY,Private,Delhi,West Delhi,Delhi,T 9 Gali No 3 Prem Nagar 2 Kirari Suleman Nagar,28.697872,77.053995,LEV AC Charge point,3.3,3.3,1
UJOY,Private,Delhi,West Delhi,Delhi,"T-255, Solanki Rd",28.612396,77.054379,LEV AC Charge point,3.3,3.3,1
UJOY,Private,Delhi,West Delhi,Delhi,"Tagore Garden Extension, Rajouri Garden, New Delhi, Delhi 110027",28.641831,77.122443,LEV AC Charge point,3.3,3.3,1
UJOY,Private,Delhi,West Delhi,Delhi,Tagore Market Kirti Nagar Metro Pillar No. 336 Opp Ici Bank,28.654225,77.136391,LEV AC Charge point,3.3,3.3,1
UJOY,Private,Delhi,West Delhi,Delhi,Tikri Border,28.687661,76.965211,LEV AC Charge point,3.3,3.3,1
UJOY,Private,Delhi,West Delhi,Delhi,Udyog Nagar,28.682015,77.079284,LEV AC Charge point,3.3,3.3,1
UJOY,Private,Delhi,West Delhi,Delhi,"V-94/A, Sector-D, Bhagwati Vihar, Uttam Nagar",28.612094,77.062914,LEV AC Charge point,3.3,3.3,1
UJOY,Private,Delhi,West Delhi,Delhi,Vikas Puri,28.638106,77.065563,LEV AC Charge point,3.3,3.3,1
UJOY,Private,Delhi,West Delhi,Delhi,Vikash Nagher Shom Bazar Chowk Shop Namber 1,28.641904,77.04773,LEV AC Charge point,3.3,3.3,1
UJOY,Private,Delhi,West Delhi,Delhi,Vikrant Chok Mohan Garden Dwaraka,28.633949,77.041915,LEV AC Charge point,3.3,3.3,1
UJOY,Private,Delhi,West Delhi,Delhi,Viksh Nagher Shom Bazar Chowk Shop Namber 1,28.641804,77.047634,LEV AC Charge point,3.3,3.3,1
UJOY,Private,Delhi,West Delhi,Delhi,"W_49 Pvc Market , Pashim Vihar",28.673004,77.079432,LEV AC Charge point,3.3,3.3,1
UJOY,Private,Delhi,West Delhi,Delhi,"W-198 P V C Market,Jwala Puri Near Sai Mandir Guru Harkishan Nagar Paschim Vihar",28.670629,77.07907,LEV AC Charge point,3.3,3.3,1
UJOY,Private,Delhi,West Delhi,Delhi,Wz T3 Basai Darapur Main Najafgarh Road P,28.65327,77.133528,LEV AC Charge point,3.3,3.3,1
UJOY,Private,Delhi,West Delhi,Delhi,Wz-1 Basai Road  Pankha Market Opp Metro Piller No. 322 Basai Road,28.65642,77.138908,LEV AC Charge point,3.3,3.3,1
UJOY,Private,Delhi,West Delhi,Delhi,"Wz-36A, Gurjar Gali, Possangi Pur Village, Janakpuri, New Delhi-110058",28.623343,77.084613,LEV AC Charge point,3.3,3.3,1
UJOY,Private,Delhi,West Delhi,Delhi,"Wz-39 Budhella Village Opp. Dg2 , Flats Vikaspuri New Delhi 110018",28.637759,77.067885,LEV AC Charge point,3.3,3.3,1
UJOY,Private,Delhi,West Delhi,Delhi,Z 67 Commercial Enclave Mohan Garden Uttam Nagar,28.63288,77.029668,LEV AC Charge point,3.3,3.3,1
Ather,Private,Delhi,South West Delhi,Delhi,"Village Mitroan,Village Mitroan,South West Delhi",28.60861,76.9525,LEV DC Charge Point (IS-17017-2-7),3.3,3.3,1
BECIL,Govt.,Delhi,South West Delhi,Delhi,"Block-B , B-6 Market - - Safdarjung Enclave - New Delhi 110029",28.558974,77.196511,Bharat DC-001,15.0,15,1
E-Fill,Private,Delhi,South West Delhi,Delhi,"E-1/17A Palam Ext Near Vardhman Mall, Sector 7 Dwarka",28.584127,77.071951,Type-II AC,7.4,7.4,1
EESL,Govt.,Delhi,South West Delhi,Delhi,"Cesl - Dtc Ev Plaza, Dwarka Sec-2 Dtc Depot, New Delhi - 110075",28.599304,77.064805,Bharat AC-001,10.0,3.3,3
EESL,Govt.,Delhi,South West Delhi,Delhi,"Cesl - Dtc Ev Plaza, Dwarka Sec-2 Dtc Depot, New Delhi - 110075",28.599304,77.064805,Combo (CCS-II + CHAdeMo + Type II),142.0,60+60+22,3
EESL,Govt.,Delhi,South West Delhi,Delhi,"Cesl - Dtc Ev Plaza, Dwarka Sec-8 Dtc Depot, New Delhi - 110077",28.576322,77.069649,Type-II AC,22.0,22,1
EESL,Govt.,Delhi,South West Delhi,Delhi,"Cesl - Dtc Ev Plaza, Dwarka Sec-8 Dtc Depot, New Delhi - 110077",28.576322,77.069649,CHAdeMO,25.0,25,1
EESL,Govt.,Delhi,South West Delhi,Delhi,"Cesl - Dtc Ev Plaza, Dwarka Sec-8 Dtc Depot, New Delhi - 110077",28.576322,77.069649,Bharat AC-001,10.0,3.3,3
EESL,Govt.,Delhi,South West Delhi,Delhi,"Cesl - Dtc Ev Plaza, Dwarka Sec-8 Dtc Depot, New Delhi - 110077",28.576322,77.069649,Combo (CCS-II + CHAdeMo + Type II),142.0,60+60+22,3
EESL,Govt.,Delhi,South West Delhi,Delhi,"Cesl - Dtc Ev Plaza, Mehrauli Terminal, New Delhi - 110075",28.521788,77.183761,Type-II AC,22.0,22,1
EESL,Govt.,Delhi,South West Delhi,Delhi,"Cesl - Dtc Ev Plaza, Mehrauli Terminal, New Delhi - 110075",28.521788,77.183761,CHAdeMO,25.0,25,1
EESL,Govt.,Delhi,South West Delhi,Delhi,"Cesl - Dtc Ev Plaza, Mehrauli Terminal, New Delhi - 110075",28.521788,77.183761,Bharat AC-001,10.0,3.3,3
EESL,Govt.,Delhi,South West Delhi,Delhi,"Cesl - Dtc Ev Plaza, Mehrauli Terminal, New Delhi - 110075",28.521788,77.183761,Combo (CCS-II + CHAdeMo + Type II),142.0,60+60+22,3
EESL,Govt.,Delhi,South West Delhi,Delhi,"Ndmc Barat Ghar - Moti Bagh, E Block, Moti Bagh, New Delhi, Delhi 110021",28.58315,77.18098,CCS-II,60.0,30,1
EESL,Govt.,Delhi,South West Delhi,Delhi,"Ndmc Barat Ghar - Moti Bagh, E Block, Moti Bagh, New Delhi, Delhi 110021",28.58315,77.18098,Combo (CCS-II + CHAdeMo + Type II),142.0,60+60+22,3
EESL,Govt.,Delhi,South West Delhi,Delhi,"Ndmc Barat Ghar - Moti Bagh, E Block, Moti Bagh, New Delhi, Delhi 110021",28.58315,77.18098,Type-II AC,22.0,22,1
EESL,Govt.,Delhi,South West Delhi,Delhi,"Ndmc Barat Ghar - Moti Bagh, E Block, Moti Bagh, New Delhi, Delhi 110021",28.58315,77.18098,CHAdeMO,25.0,25,1
EESL,Govt.,Delhi,South West Delhi,Delhi,"Ndmc Barat Ghar - Moti Bagh, E Block, Moti Bagh, New Delhi, Delhi 110021",28.58315,77.18098,Bharat DC-001,15.0,15,1
EESL,Govt.,Delhi,South West Delhi,Delhi,"Ndmc Parking,  Charak Palika Hospital, C 7 Lane, Moti Bagh 1, Block F, Moti Bagh, New Delhi- 110021",28.585367,77.17755,Bharat DC-001,15.0,15,1
EESL,Govt.,Delhi,South West Delhi,Delhi,"Ndmc Parking, Dharma Marg, Block Y, Diplomatic Enclave, Malcha Market, New Delhi- 110021",28.601809,77.186432,Bharat DC-001,15.0,15,1
EESL,Govt.,Delhi,South West Delhi,Delhi,"Ndmc Parking, Near Bikanervala, Yashwant Place, Chanakyapuri, New Delhi-110021",28.585298,77.191008,Bharat DC-001,15.0,15,1
EESL,Govt.,Delhi,South West Delhi,Delhi,"Psoi Club, Chanakyapuri, New Delhi 110021",28.586638,77.193352,Bharat DC-001,15.0,15,1
EESL,Govt.,Delhi,South West Delhi,Delhi,"Sdmc Parking, Dwarka Sec-06, New Delhi-110078",28.591934,77.05855,Type-II AC,22.0,22,1
EESL,Govt.,Delhi,South West Delhi,Delhi,"Sdmc Parking, Dwarka Sec-06, New Delhi-110078",28.591934,77.05855,CHAdeMO,25.0,25,1
EESL,Govt.,Delhi,South West Delhi,Delhi,"Sdmc Parking, Dwarka Sec-06, New Delhi-110078",28.591934,77.05855,Combo (CCS-II + CHAdeMo + Type II),142.0,60+60+22,3
EESL,Govt.,Delhi,South West Delhi,Delhi,"SDMC PArking, Dwarka Sec-06, New Delhi-110078",28.591934,77.05855,Type-II AC,22.0,22,1
EESL,Govt.,Delhi,South West Delhi,Delhi,"Sdmc Parking, Dwarka Sec-12, New Delhi-110078",28.592117,77.041883,Type-II AC,22.0,22,1
EESL,Govt.,Delhi,South West Delhi,Delhi,"Sdmc Parking, Dwarka Sec-12, New Delhi-110078",28.592117,77.041883,CHAdeMO,25.0,25,1
EESL,Govt.,Delhi,South West Delhi,Delhi,"Sdmc Parking, Dwarka Sec-12, New Delhi-110078",28.592117,77.041883,Combo (CCS-II + CHAdeMo + Type II),142.0,60+60+22,3
EESL,Govt.,Delhi,South West Delhi,Delhi,"Yashwant Place, Chanakyapuri, New Delhi- 110021",28.585492,77.191634,Bharat DC-001,15.0,15,1
Fortum,Private,Delhi,South West Delhi,Delhi,Hundred Percent F Station,28.578699,77.059527,CCS-II,50.0,25,1
Fortum,Private,Delhi,South West Delhi,Delhi,Hundred Percent F Station,28.578699,77.059527,Bharat DC-001,15.0,15,1
Fortum,Private,Delhi,South West Delhi,Delhi,Hundred Percent F Station,28.578699,77.059527,CHADEMO,50.0,25,1
Fortum,Private,Delhi,South West Delhi,Delhi,Paras Automobiles,28.531431,77.062644,CCS-II,50.0,25,1
Fortum,Private,Delhi,South West Delhi,Delhi,Paras Automobiles,28.531431,77.062644,Bharat DC-001,15.0,15,1
Fortum,Private,Delhi,South West Delhi,Delhi,Paras Automobiles,28.531431,77.062644,CHADEMO,50.0,25,1
Hero Vida,Private,Delhi,South West Delhi,Delhi,"Sector 11,Dwarka,South West Delhi",28.59127,77.04699,LEV DC Charge Point (IS-17017-2-7),7.0,7,1
IOCL,Govt.,Delhi,South West Delhi,Delhi,Dhansa  Border New Delhi Lock No:  367,28.56198,76.84315,LEV AC Charge point,3.3,3.3,1
IOCL,Govt.,Delhi,South West Delhi,Delhi,Nangloi Rd Najafgarh Delhi Lock Id No I 563,28.614247,76.980488,LEV AC Charge point,3.3,3.3,1
IOCL,Govt.,Delhi,South West Delhi,Delhi,Village Dichaun Kalan Nazafgarh-Nangloi Road New Delhi,28.625486,76.993157,CCS-II,60.0,60,1
KAZAM,Private,Delhi,South West Delhi,Delhi,"158, Sector 6 Service Rd, Pocket 1, Dwarka, New Delhi, Delhi, 110075",28.58802,77.066692,LEV AC Charge point,3.3,3.3,1
KAZAM,Private,Delhi,South West Delhi,Delhi,"8C,Main Road,Dwarka,New Delhi,Delhi,110075",28.589977,77.070448,LEV AC Charge point,3.3,3.3,1
KAZAM,Private,Delhi,South West Delhi,Delhi,"Amber Enclave, Pocket 2, Dwarka, Delhi, 110075",28.580469,77.047911,LEV AC Charge point,3.3,3.3,1
KAZAM,Private,Delhi,South West Delhi,Delhi,"Apartments, Dwarka Sector-3, Dwarka, Delhi, 110078",28.604397,77.040681,LEV AC Charge point,3.3,3.3,1
KAZAM,Private,Delhi,South West Delhi,Delhi,"Arjun Apartment 1, Sector 7 Dwarka, Dwarka, Delhi, 110075",28.589918,77.070363,LEV AC Charge point,3.3,3.3,1
KAZAM,Private,Delhi,South West Delhi,Delhi,"Arjun Apartments, Sector 7 Dwarka, Dwarka, Delhi, 110075",28.589182,77.069951,LEV AC Charge point,3.3,3.3,1
KAZAM,Private,Delhi,South West Delhi,Delhi,"Bharat Vihar,New Delhi,Delhi,110075",28.606004,77.033678,LEV AC Charge point,3.3,3.3,1
KAZAM,Private,Delhi,South West Delhi,Delhi,"Bhitarla Mohalla, Dalmia Vihar, Bijwasan, New Delhi, Delhi, 110061",28.533732,77.057116,LEV AC Charge point,3.3,3.3,1
KAZAM,Private,Delhi,South West Delhi,Delhi,"Bijwasan,Delhi,Delhi,110061",28.533197,77.04766,LEV AC Charge point,3.3,3.3,1
KAZAM,Private,Delhi,South West Delhi,Delhi,"Block-A, Durga Apartment, Sector 11 Dwarka, Dwarka, Delhi, 110075",28.59276,77.047038,LEV AC Charge point,3.3,3.3,1
KAZAM,Private,Delhi,South West Delhi,Delhi,"Block-A, Plot 6, Sector 10 Dwarka, Dwarka, Delhi, 110075",28.583678,77.062406,LEV AC Charge point,3.3,3.3,1
KAZAM,Private,Delhi,South West Delhi,Delhi,"Block-A, Sanchar Vihar 2, Sector 4, Dwarka, Delhi, 110078",28.604541,77.047647,LEV AC Charge point,3.3,3.3,1
KAZAM,Private,Delhi,South West Delhi,Delhi,"Block-B, Sea Show Cghs, Sector 19B, Dwarka, Delhi, 110075",28.571931,77.045956,LEV AC Charge point,3.3,3.3,1
KAZAM,Private,Delhi,South West Delhi,Delhi,"Block-B, Sector 4, Dwarka, Delhi, 110078",28.604809,77.050589,LEV AC Charge point,3.3,3.3,1
KAZAM,Private,Delhi,South West Delhi,Delhi,"Block-C, Neelachal Co-Operative Group Housing Society, Sector 4, Dwarka, Delhi, 110078",28.600995,77.052254,LEV AC Charge point,3.3,3.3,1
KAZAM,Private,Delhi,South West Delhi,Delhi,"Block-C, Pragjyotishpur Apartments, Sector 6, Dwarka, Dwarka, Delhi, 110075 - Charger-1",28.585507,77.063147,LEV AC Charge point,3.3,3.3,1
KAZAM,Private,Delhi,South West Delhi,Delhi,"Block-C, Pragjyotishpur Apartments, Sector 6, Dwarka, Dwarka, Delhi, 110075 - Charger-2",28.585476,77.063086,LEV AC Charge point,3.3,3.3,1
KAZAM,Private,Delhi,South West Delhi,Delhi,"C-Block, Janaki Apartment, Sector 22 Dwarka, Shahabad Mohammadpur, Delhi, 110077",28.563233,77.0592,LEV AC Charge point,3.3,3.3,1
KAZAM,Private,Delhi,South West Delhi,Delhi,"Delhi,Dwarka,Delhi,110075",28.596887,77.048672,LEV AC Charge point,3.3,3.3,1
KAZAM,Private,Delhi,South West Delhi,Delhi,"Desh Bandhu Gupta Marg,Dwarka,Delhi,Delhi,110078",28.6009,77.052476,LEV AC Charge point,3.3,3.3,1
KAZAM,Private,Delhi,South West Delhi,Delhi,"Dwarka Sector-3, Dwarka, Delhi, 110078",28.605617,77.05038,LEV AC Charge point,3.3,3.3,1
KAZAM,Private,Delhi,South West Delhi,Delhi,"Dwarka,New Delhi,Delhi,110059",28.604365,77.040574,LEV AC Charge point,3.3,3.3,1
KAZAM,Private,Delhi,South West Delhi,Delhi,"Dwarka,New Delhi,Delhi,110071",28.5724,77.045418,LEV AC Charge point,3.3,3.3,1
KAZAM,Private,Delhi,South West Delhi,Delhi,"Dwarkadheesh Apartment, Pocket 2, Sector 12 Dwarka, Dwarka, Delhi, 110075",28.594246,77.046634,LEV AC Charge point,3.3,3.3,1
KAZAM,Private,Delhi,South West Delhi,Delhi,"Gali No 5 Raj Nagar Part 2, Near Mother Dairy Milk, Palam, New Delhi, Delhi 110077",28.572927,77.07668,LEV AC Charge point,3.3,3.3,1
KAZAM,Private,Delhi,South West Delhi,Delhi,"Gali No. 1, Sector 27 Dwarka, Dwarka, New Delhi, Delhi, 110061",28.53378,77.047631,LEV AC Charge point,3.3,3.3,1
KAZAM,Private,Delhi,South West Delhi,Delhi,"Green Valley Apartments, Sector 22 Dwarka, Dwarka, Delhi, 110075",28.559398,77.058816,LEV AC Charge point,3.3,3.3,1
KAZAM,Private,Delhi,South West Delhi,Delhi,"H383+565, Sector 23, Dwarka, Delhi, 110077",28.565164,77.052806,LEV AC Charge point,3.3,3.3,1
KAZAM,Private,Delhi,South West Delhi,Delhi,"Harmony Apartment, Sector 23, Shahabad Mohammadpur, Delhi, 110077",28.56305,77.056652,LEV AC Charge point,3.3,3.3,1
KAZAM,Private,Delhi,South West Delhi,Delhi,"Jhuljhuli, Delhi 110073",28.538613,76.903083,LEV AC Charge point,3.3,3.3,1
KAZAM,Private,Delhi,South West Delhi,Delhi,"Kakrola,Delhi,Delhi,110078",28.606249,77.033727,LEV AC Charge point,3.3,3.3,1
KAZAM,Private,Delhi,South West Delhi,Delhi,"Mahabhadrakali Apartment Block-J, Sector 13, Dwarka, Delhi, 110075",28.602163,77.038546,LEV AC Charge point,3.3,3.3,1
KAZAM,Private,Delhi,South West Delhi,Delhi,"Mall Road,Dwarka,New Delhi,Delhi,110075",28.590917,77.05918,LEV AC Charge point,3.3,3.3,1
KAZAM,Private,Delhi,South West Delhi,Delhi,"Manish Link Plaza Ii, Sector 5 Market, Pocket 1, Sector 5, Dwarka, Delhi, 110078",28.595329,77.052419,LEV AC Charge point,3.3,3.3,1
KAZAM,Private,Delhi,South West Delhi,Delhi,"Millennium Apartment 1 Tower-B, Pocket 2, Dwarka Sector 9, Dwarka, Delhi, 110077",28.578759,77.070194,LEV AC Charge point,3.3,3.3,1
KAZAM,Private,Delhi,South West Delhi,Delhi,"Millennium Apartment 1, Pocket 2, Dwarka Sector 9, Dwarka, Delhi, 110077
- Charger-1",28.578667,77.0702,LEV AC Charge point,3.3,3.3,1
KAZAM,Private,Delhi,South West Delhi,Delhi,"Millennium Apartment 1, Pocket 2, Dwarka Sector 9, Dwarka, Delhi, 110077
- Charger-2",28.578728,77.07022,LEV AC Charge point,3.3,3.3,1
KAZAM,Private,Delhi,South West Delhi,Delhi,"Palam,Delhi,Delhi,110077",28.579303,77.075419,LEV AC Charge point,3.3,3.3,1
KAZAM,Private,Delhi,South West Delhi,Delhi,"Pankaj Central Plaza,Pocket 5, Sector 12 Dwarka, Dwarka, Delhi, 110075",28.592762,77.045981,LEV AC Charge point,3.3,3.3,1
KAZAM,Private,Delhi,South West Delhi,Delhi,"Pocket 2, Sector 12 Dwarka, Dwarka, Delhi, 110078",28.594302,77.046632,LEV AC Charge point,3.3,3.3,1
KAZAM,Private,Delhi,South West Delhi,Delhi,"Pocket 5, Sector 12 Dwarka, Dwarka, Delhi, 110078",28.592806,77.046552,LEV AC Charge point,3.3,3.3,1
KAZAM,Private,Delhi,South West Delhi,Delhi,"Pragjyotishpur Apartments, Plot No. 7, Sector 6, Sector 10 Dwarka, Dwarka, New Delhi, Delhi, 110075",28.58524,77.064208,LEV AC Charge point,3.3,3.3,1
KAZAM,Private,Delhi,South West Delhi,Delhi,"Pragjyotishpur Apartments, Sector 6, Dwarka, Delhi, 110075",28.584978,77.063789,LEV AC Charge point,3.3,3.3,1
KAZAM,Private,Delhi,South West Delhi,Delhi,"Railway Apartment, Sector 19B, Dwarka, Delhi, 110075",28.572326,77.045016,LEV AC Charge point,3.3,3.3,1
KAZAM,Private,Delhi,South West Delhi,Delhi,"Raj Nagar,New Delhi,Delhi,110077",28.572916,77.076499,LEV AC Charge point,3.3,3.3,1
KAZAM,Private,Delhi,South West Delhi,Delhi,"Ring Road,Delhi Cantonment,New Delhi,Delhi,110010",28.609802,77.139395,LEV AC Charge point,3.3,3.3,1
KAZAM,Private,Delhi,South West Delhi,Delhi,"Safdarjung Enclave,New Delhi,Delhi,110029",28.565318,77.19517,LEV AC Charge point,3.3,3.3,1
KAZAM,Private,Delhi,South West Delhi,Delhi,"Sea Show Cghs Block-A, Sea Show Cghs, Sector 19B, Dwarka, Delhi, 110075",28.572567,77.045581,LEV AC Charge point,3.3,3.3,1
KAZAM,Private,Delhi,South West Delhi,Delhi,"Sector 10 Dwarka, Dwarka, Delhi, 110075 - Charger-1",28.58359,77.055989,LEV AC Charge point,3.3,3.3,1
KAZAM,Private,Delhi,South West Delhi,Delhi,"Sector 10 Dwarka, Dwarka, Delhi, 110075 - Charger-2",28.583506,77.055676,LEV AC Charge point,3.3,3.3,1
KAZAM,Private,Delhi,South West Delhi,Delhi,"Sector 11 Dwarka, Dwarka, Delhi, 110078",28.592751,77.052661,LEV AC Charge point,3.3,3.3,1
KAZAM,Private,Delhi,South West Delhi,Delhi,"Sector 22 Dwarka, Dwarka, Delhi, 110077",28.559388,77.058775,LEV AC Charge point,3.3,3.3,1
KAZAM,Private,Delhi,South West Delhi,Delhi,"Sector 22 Dwarka, Dwarka, Delhi, 110077 - Charger-1",28.563926,77.059266,LEV AC Charge point,3.3,3.3,1
KAZAM,Private,Delhi,South West Delhi,Delhi,"Sector 22 Dwarka, Dwarka, Delhi, 110077, Charger-2",28.55757,77.059448,LEV AC Charge point,3.3,3.3,1
KAZAM,Private,Delhi,South West Delhi,Delhi,"Sector 23, Dwarka, Delhi, 110077 - Charger-1",28.565644,77.058425,LEV AC Charge point,3.3,3.3,1
KAZAM,Private,Delhi,South West Delhi,Delhi,"Sector 23, Dwarka, Delhi, 110077 - Charger-2",28.565355,77.059145,LEV AC Charge point,3.3,3.3,1
KAZAM,Private,Delhi,South West Delhi,Delhi,"Sector 27 Dwarka, Bijwasan, New Delhi, Delhi, 110061",28.533001,77.046806,LEV AC Charge point,3.3,3.3,1
KAZAM,Private,Delhi,South West Delhi,Delhi,"Sector 4, Dwarka, Delhi, 110078",28.604545,77.047733,LEV AC Charge point,3.3,3.3,1
KAZAM,Private,Delhi,South West Delhi,Delhi,"Sector 4, Dwarka, Delhi, 110078-Charger-1",28.60411,77.052272,LEV AC Charge point,3.3,3.3,1
KAZAM,Private,Delhi,South West Delhi,Delhi,"Sector 4, Dwarka, Delhi, 110078-Charger-2",28.604277,77.052255,LEV AC Charge point,3.3,3.3,1
KAZAM,Private,Delhi,South West Delhi,Delhi,"Sector 6 Service Rd, Sector 6 Dwarka, Dwarka, Delhi, 110075",28.590661,77.068858,LEV AC Charge point,3.3,3.3,1
KAZAM,Private,Delhi,South West Delhi,Delhi,"Som Apartment, Sector 6, Sector 6 Dwarka, Dwarka, Delhi, 110075",28.590792,77.065521,LEV AC Charge point,3.3,3.3,1
KAZAM,Private,Delhi,South West Delhi,Delhi,"South Delhi Apartments, Sector 4, Dwarka, Delhi, 110078",28.603858,77.053388,LEV AC Charge point,3.3,3.3,1
KAZAM,Private,Delhi,South West Delhi,Delhi,"Sulahkul Vihar, Bharat Vihar, Dwarka, Delhi, 110078",28.606348,77.033586,LEV AC Charge point,3.3,3.3,1
KAZAM,Private,Delhi,South West Delhi,Delhi,"Tower-6, Jaypee Cghs, Sector 22 Dwarka, Dwarka, Delhi, 110077",28.557346,77.059139,LEV AC Charge point,3.3,3.3,1
KAZAM,Private,Delhi,South West Delhi,Delhi,"Vedanta Society, Sector 23, Shahabad Mohammadpur, Delhi, 110077",28.563189,77.055943,LEV AC Charge point,3.3,3.3,1
Magenta mobility,Private,Delhi,South West Delhi,Delhi,"Auto Care Centre,Niti Marg",28.599514,77.19579,Bharat DC-001,15.0,15,1
NTPC,Govt.,Delhi,South West Delhi,Delhi,"Iocl Guru Service Station, Sector 12 Dwarka",28.591123,77.037605,Bharat AC-001,10.0,3.3,1
NTPC,Govt.,Delhi,South West Delhi,Delhi,"Iocl Guru Service Station, Sector 12 Dwarka",28.591123,77.037605,Bharat DC-001,15.0,15,1
NTPC,Govt.,Delhi,South West Delhi,Delhi,"Mahipalpur, New Delhi, Delhi",28.54087,77.116983,Bharat DC-001,15.0,15,1
NTPC,Govt.,Delhi,South West Delhi,Delhi,"Niti Marg, Near Ashoka Hotel, Chanakyapuri, New Delhi, Delhi 110021",28.599686,77.195797,Bharat AC-001,10.0,3.3,1
NTPC,Govt.,Delhi,South West Delhi,Delhi,"Niti Marg, Near Ashoka Hotel, Chanakyapuri, New Delhi, Delhi 110021",28.599686,77.195797,Bharat DC-001,15.0,15,1
OLA,Private,Delhi,South West Delhi,Delhi,"Nelson Mandela Margvasant Kunj -1,Delhi",28.53779,77.15338,LEV DC Charge Point (IS-17017-2-6),7.0,7,1
REIL,Govt.,Delhi,South West Delhi,Delhi,Khyber Service Station,28.587401,77.171344,Bharat AC-001,10.0,3.3,1
Reliance BP,Private,Delhi,South west Delhi,Delhi,"Ibis New Delhi Aerocity Delhi, Igi Road, Aerocity, New Delhi, Delhi- 110037",28.55112,77.12352,CCS-II,60.0,60,1
Reliance BP,Private,Delhi,South west Delhi,Delhi,"M/S. Tirupati Buildings & Offices (P) Ltd, Sec-10 Dwarka City Centre, New Delhi 110075",28.57878,77.05572,CCS-II,60.0,60,1
Reliance BP,Private,Delhi,South west Delhi,Delhi,"M/S. Tirupati Buildings & Offices (P) Ltd, Sec-10 Dwarka City Centre, New Delhi 110075",28.57878,77.05572,LEV AC Charge point,3.3,3.3,1
Reliance BP,Private,Delhi,South west Delhi,Delhi,"M/S. Tirupati Buildings & Offices (P) Ltd, Sec-10 Dwarka City Centre, New Delhi 110075",28.57878,77.05572,Type-II AC,7.5,7.5,1
Reliance BP,Private,Delhi,South west Delhi,Delhi,"M/S. Tirupati Buildings & Offices (P) Ltd, Sec-10 Dwarka City Centre, New Delhi 110075",28.57878,77.05572,Bharat DC-001,30.0,30,1
Reliance BP,Private,Delhi,South West Delhi,Delhi,"Reliance Mall, Najafgarh, Sector 13,",28.598422,77.033075,Bharat AC-001,10.0,3.3,1
Reliance BP,Private,Delhi,South west Delhi,Delhi,"Reliance Mall, Najafgarh, Sector 13,",28.598422,77.033075,LEV AC Charge point,3.3,3.3,1
Reliance BP,Private,Delhi,South west Delhi,Delhi,"Reliance Mall, Najafgarh, Sector 13,",28.598422,77.033075,Bharat DC-001,20.0,10,1
Reliance BP,Private,Delhi,South west Delhi,Delhi,"Reliance Mall, Najafgarh, Sector 13,",28.598422,77.033075,CCS-II,60.0,60,1
Reliance BP,Private,Delhi,South west Delhi,Delhi,"Reliance Mall, Najafgarh, Sector 13,",28.598422,77.033075,CCS-II,30.0,30,1
Sun mobility,Private,Delhi,South West Delhi,Delhi,"Nand Vihar, Sector 16A, Dwarka, New Delhi, Delhi 110078",28.6166,77.02406,Bharat AC-001,10.0,3.3,1
UJOY,Private,Delhi,South West Delhi,Delhi,20Kartar Market Munirka,28.55422,77.178125,LEV AC Charge point,3.3,3.3,1
UJOY,Private,Delhi,South West Delhi,Delhi,20Pal Auto Munirka,28.554066,77.178178,LEV AC Charge point,3.3,3.3,1
UJOY,Private,Delhi,South West Delhi,Delhi,"60, Suraj Vihar, Opp Nsit",28.61389,77.032745,LEV AC Charge point,3.3,3.3,1
UJOY,Private,Delhi,South West Delhi,Delhi,70/1 Main Dabri Palam Road Near Union Bank,28.590353,77.0815,LEV AC Charge point,3.3,3.3,1
UJOY,Private,Delhi,South West Delhi,Delhi,810 A Palam Village,28.589881,77.081069,LEV AC Charge point,3.3,3.3,1
UJOY,Private,Delhi,South West Delhi,Delhi,"9/3088, Block Rz, Palam, Delhi, 110077",28.58516,77.077239,LEV AC Charge point,3.3,3.3,1
UJOY,Private,Delhi,South West Delhi,Delhi,"A- 22, Naraina Industrial Area Phase 2",28.643995,77.146145,LEV AC Charge point,3.3,3.3,1
UJOY,Private,Delhi,South West Delhi,Delhi,A1/29 A Sewak Park Near Om Electronics Dwarka Mod Metro,28.616365,77.033083,LEV AC Charge point,3.3,3.3,1
UJOY,Private,Delhi,South West Delhi,Delhi,A1/47 Ground Floor Vijay Enclave Dari Palam Road.New Delhi 110045,28.607257,77.081492,LEV AC Charge point,3.3,3.3,1
UJOY,Private,Delhi,South West Delhi,Delhi,A-113 Inderpuri New Delhi 12,28.627665,77.147612,LEV AC Charge point,3.3,3.3,1
UJOY,Private,Delhi,South West Delhi,Delhi,Aardhana Apartment,28.612277,77.054575,LEV AC Charge point,3.3,3.3,1
UJOY,Private,Delhi,South West Delhi,Delhi,B 37 Mohit Nagar Shiv Park Main Kakrola Roab Delhi 110075,28.609302,77.0343,LEV AC Charge point,3.3,3.3,1
UJOY,Private,Delhi,South West Delhi,Delhi,B1/ 74 Sewak Park,28.61506,77.032565,LEV AC Charge point,3.3,3.3,1
UJOY,Private,Delhi,South West Delhi,Delhi,"B-37Mohit Nagar, Shiv Park Main Kakrola Road Delhi 110075",28.609309,77.034313,LEV AC Charge point,3.3,3.3,1
UJOY,Private,Delhi,South West Delhi,Delhi,"Bamnoli, Sector 28 Dwarka, Dwarka, Delhi, 110061",28.543664,77.032907,LEV AC Charge point,3.3,3.3,1
UJOY,Private,Delhi,South West Delhi,Delhi,"Bharthal, Bharthal Village, Dwarka, Delhi, 110061",28.542604,77.046051,LEV AC Charge point,3.3,3.3,1
UJOY,Private,Delhi,South West Delhi,Delhi,"Bharthal, Bharthal Village, Dwarka, Delhi, 110061",28.705257,77.311554,LEV AC Charge point,3.3,3.3,1
UJOY,Private,Delhi,South West Delhi,Delhi,"Block B, Naraina Industrial Area Phase 2, Pusa, Delhi, 110028",28.644492,77.146195,LEV AC Charge point,3.3,3.3,1
UJOY,Private,Delhi,South West Delhi,Delhi,C 147 Sector 1 Dwarka New Delhi 110075,28.597286,77.074893,LEV AC Charge point,3.3,3.3,1
UJOY,Private,Delhi,South West Delhi,Delhi,"C252 ,Dada Dev Comply Sec.7 Dwarka",28.583121,77.075733,LEV AC Charge point,3.3,3.3,1
UJOY,Private,Delhi,South West Delhi,Delhi,"Chaudhary Amar Singh Gahlot Society, Block A, Sewak Park, Dwarka, Delhi, 110059",28.617276,77.032248,LEV AC Charge point,3.3,3.3,1
UJOY,Private,Delhi,South West Delhi,Delhi,Chhawla Village Main Bus Stand,28.561138,77.002353,LEV AC Charge point,3.3,3.3,1
UJOY,Private,Delhi,South West Delhi,Delhi,D-251 Mangla Puri Village Main Road Palam Colony,28.587851,77.08646,LEV AC Charge point,3.3,3.3,1
UJOY,Private,Delhi,South West Delhi,Delhi,Dabri Dwarka Rd,28.606994,77.074353,LEV AC Charge point,3.3,3.3,1
UJOY,Private,Delhi,South West Delhi,Delhi,"Dhaula Kuan Enclave I, Dhaula Kuan, New Delhi, Delhi 110021",28.592431,77.162604,LEV AC Charge point,3.3,3.3,1
UJOY,Private,Delhi,South West Delhi,Delhi,Dhaula Kuan Metro Station Parking Area,28.591985,77.16231,LEV AC Charge point,3.3,3.3,1
UJOY,Private,Delhi,South West Delhi,Delhi,"Dwaraka, Delhi",28.596298,77.03701,LEV AC Charge point,3.3,3.3,1
UJOY,Private,Delhi,South West Delhi,Delhi,"Dwarka More,Opp Metro Pillar No -792 Near Tarak Hospital, New Delhi-110059",28.619287,77.029317,LEV AC Charge point,3.3,3.3,1
UJOY,Private,Delhi,South West Delhi,Delhi,Dwarka Morh Rwa,28.61896,77.03537,LEV AC Charge point,3.3,3.3,1
UJOY,Private,Delhi,South West Delhi,Delhi,Dwarka Sce 7 Near Dada Dev Colony Delhi 110075,28.583754,77.075513,LEV AC Charge point,3.3,3.3,1
UJOY,Private,Delhi,South West Delhi,Delhi,E 12 Bharat Vihar Kakrola Near Dwarka Sector 15,28.606352,77.025698,LEV AC Charge point,3.3,3.3,1
UJOY,Private,Delhi,South West Delhi,Delhi,E.949.Ram Phal Chowk Sec 7,28.584423,77.07324,LEV AC Charge point,3.3,3.3,1
UJOY,Private,Delhi,South West Delhi,Delhi,G257 Vishwas Park Behind Akash Hospital Sec.3 Dwarka,28.605545,77.054368,LEV AC Charge point,3.3,3.3,1
UJOY,Private,Delhi,South West Delhi,Delhi,"Gupta Auto Service Centre , Shop No 1 Nasirpur Road, Opposite Aman Band Near By Palam Fly Over , Palam New Delhi",28.590731,77.082967,LEV AC Charge point,3.3,3.3,1
UJOY,Private,Delhi,South West Delhi,Delhi,H 655 C Main Ramphal Chowk Road Palam Extn Sector 7 Dwarka 110077,28.586889,77.072298,LEV AC Charge point,3.3,3.3,1
UJOY,Private,Delhi,South West Delhi,Delhi,H.No127A Bijwasan New Delhi 110061,28.536366,77.059152,LEV AC Charge point,3.3,3.3,1
UJOY,Private,Delhi,South West Delhi,Delhi,H.No127B,28.53469,77.058016,LEV AC Charge point,3.3,3.3,1
UJOY,Private,Delhi,South West Delhi,Delhi,Harmony Apartments  Sector 4  Pocket 1  Dwarka,28.598089,77.050631,LEV AC Charge point,3.3,3.3,1
UJOY,Private,Delhi,South West Delhi,Delhi,"Indraprastha Apartment Flats, Pocket 3, Sector 12 Dwarka, Dwarka, Delhi, 110075- Charger-1",28.596028,77.046537,LEV AC Charge point,3.3,3.3,1
UJOY,Private,Delhi,South West Delhi,Delhi,"Indraprastha Apartment Flats, Pocket 3, Sector 12 Dwarka, Dwarka, Delhi, 110075- Charger-2",28.595938,77.046942,LEV AC Charge point,3.3,3.3,1
UJOY,Private,Delhi,South West Delhi,Delhi,"J24M+Vw7, Mohit Nagar, Kakrola, Delhi, 110078",28.607073,77.034649,LEV AC Charge point,3.3,3.3,1
UJOY,Private,Delhi,South West Delhi,Delhi,Jain Road Gali No 21 Dwarka More Delhi,28.627922,77.030923,LEV AC Charge point,3.3,3.3,1
UJOY,Private,Delhi,South West Delhi,Delhi,Jain Road Muskaan Gardan Gali 21 Dwarka,28.628087,77.031307,LEV AC Charge point,3.3,3.3,1
UJOY,Private,Delhi,South West Delhi,Delhi,Kakrola Housing Pillar No 806 New Delhi,28.619492,77.025582,LEV AC Charge point,3.3,3.3,1
UJOY,Private,Delhi,South West Delhi,Delhi,Kanganheri,28.54499,76.977077,LEV AC Charge point,3.3,3.3,1
UJOY,Private,Delhi,South West Delhi,Delhi,Khasra No 23 7 Bamnoli Bus Stand,28.539249,77.029483,LEV AC Charge point,3.3,3.3,1
UJOY,Private,Delhi,South West Delhi,Delhi,Lal Bahadur Shastri Marg,28.580472,77.077231,LEV AC Charge point,3.3,3.3,1
UJOY,Private,Delhi,South West Delhi,Delhi,"Mahabhadrakali Apartment Block-D, Sector 13, Dwarka, Delhi, 110075 - Charger-1",28.601496,77.038611,LEV AC Charge point,3.3,3.3,1
UJOY,Private,Delhi,South West Delhi,Delhi,"Mahabhadrakali Apartment Block-D, Sector 13, Dwarka, Delhi, 110075 - Charger-2",28.601543,77.038852,LEV AC Charge point,3.3,3.3,1
UJOY,Private,Delhi,South West Delhi,Delhi,Mahaveer Enclave Part2 Gali No 31 B484,28.605022,77.07247,LEV AC Charge point,3.3,3.3,1
UJOY,Private,Delhi,South West Delhi,Delhi,Mahesh Auto Service Center Wz 907,28.58673,77.077417,LEV AC Charge point,3.3,3.3,1
UJOY,Private,Delhi,South West Delhi,Delhi,"Malhan Plaza Pkt 7 Sector 12 Dwarka, Near Dwarka Sector 12 Metro Station, New Delhi, Delhi 110075",28.59057,77.043717,LEV AC Charge point,3.3,3.3,1
UJOY,Private,Delhi,South West Delhi,Delhi,"Matiala, Delhi, 110078",28.608687,77.049458,LEV AC Charge point,3.3,3.3,1
UJOY,Private,Delhi,South West Delhi,Delhi,Mbr Enclave Near Mata Mandir Dwarka,28.559332,77.050596,LEV AC Charge point,3.3,3.3,1
UJOY,Private,Delhi,South West Delhi,Delhi,Mbr Enclave Pochanpur Sector 23 Dwarka,28.559418,77.050424,LEV AC Charge point,3.3,3.3,1
UJOY,Private,Delhi,South West Delhi,Delhi,Metro View Apartments Sector 13 B Dwarka,28.59949,77.031064,LEV AC Charge point,3.3,3.3,1
UJOY,Private,Delhi,South West Delhi,Delhi,"Metro View Flats, Pocket B, Sector 13, Dwarka, Delhi, 110075",28.601759,77.033327,LEV AC Charge point,3.3,3.3,1
UJOY,Private,Delhi,South West Delhi,Delhi,"Najafgarh Rd, Hari Vihar, Sector 16A, Nawada, Delhi, 110059",28.619902,77.025114,LEV AC Charge point,3.3,3.3,1
UJOY,Private,Delhi,South West Delhi,Delhi,"Nh 48, Dhaula Kuan Enclave I, Dhaula Kuan, New Delhi, Delhi 110021",28.592664,77.162569,LEV AC Charge point,3.3,3.3,1
UJOY,Private,Delhi,South West Delhi,Delhi,"Nishat Park, Sector 15 Dwarka, Kakrola, Delhi, 110078",28.618691,77.02567,LEV AC Charge point,3.3,3.3,1
UJOY,Private,Delhi,South West Delhi,Delhi,"Old Palam Rd, Mohit Nagar, Kakrola, Delhi, 110078",28.607052,77.034384,LEV AC Charge point,3.3,3.3,1
UJOY,Private,Delhi,South West Delhi,Delhi,Palam Village Gold Gym,28.590244,77.073064,LEV AC Charge point,3.3,3.3,1
UJOY,Private,Delhi,South West Delhi,Delhi,Palate Of Delhi Foodcourt,28.592748,77.162635,LEV AC Charge point,3.3,3.3,1
UJOY,Private,Delhi,South West Delhi,Delhi,Phase 2 Pocket 1 Sector 13,28.603989,77.03532,LEV AC Charge point,3.3,3.3,1
UJOY,Private,Delhi,South West Delhi,Delhi,Pkt 2  Sector 13,28.60334,77.034924,LEV AC Charge point,3.3,3.3,1
UJOY,Private,Delhi,South West Delhi,Delhi,"Plot 161, Amberhai Extension",28.57662,77.047878,LEV AC Charge point,3.3,3.3,1
UJOY,Private,Delhi,South West Delhi,Delhi,"Plot 24, Sec 6, Dwarka",28.590955,77.065544,LEV AC Charge point,3.3,3.3,1
UJOY,Private,Delhi,South West Delhi,Delhi,Plot 4Hari Vihar Vihar Old Palam Road New Delhi 75,28.619303,77.025465,LEV AC Charge point,3.3,3.3,1
UJOY,Private,Delhi,South West Delhi,Delhi,"Plot No ,2, Sector -4 Dwarka New Delhi",28.599535,77.051944,LEV AC Charge point,3.3,3.3,1
UJOY,Private,Delhi,South West Delhi,Delhi,Plot No 05 Sector 18 A Dwarka Delhi,28.590554,77.034218,LEV AC Charge point,3.3,3.3,1
UJOY,Private,Delhi,South West Delhi,Delhi,Plot No 05 Sector 18A Dwarka Delhi,28.590755,77.034356,LEV AC Charge point,3.3,3.3,1
UJOY,Private,Delhi,South West Delhi,Delhi,Plot No 3 Sec 18 A Dwarka,28.58733,77.037175,LEV AC Charge point,3.3,3.3,1
UJOY,Private,Delhi,South West Delhi,Delhi,"Plot No 388, Kakrola Housing Complex",28.616627,77.027275,LEV AC Charge point,3.3,3.3,1
UJOY,Private,Delhi,South West Delhi,Delhi,Plot No 41 Shiv Park Kakrola New Delhi,28.609148,77.034085,LEV AC Charge point,3.3,3.3,1
UJOY,Private,Delhi,South West Delhi,Delhi,Plot No 41 Shiv Park Karola New Delhi,28.609096,77.034005,LEV AC Charge point,3.3,3.3,1
UJOY,Private,Delhi,South West Delhi,Delhi,"Plot No. 3, Sector 18A",28.591299,77.034225,LEV AC Charge point,3.3,3.3,1
UJOY,Private,Delhi,South West Delhi,Delhi,"Plot No.1, Main Dabri Palam Road",28.611021,77.08443,LEV AC Charge point,3.3,3.3,1
UJOY,Private,Delhi,South West Delhi,Delhi,Plot No.3 Sec 18 Dwarka,28.587469,77.037157,LEV AC Charge point,3.3,3.3,1
UJOY,Private,Delhi,South West Delhi,Delhi,Plot No.3 Sec 18 Phase 2 Dwarka,28.587459,77.037158,LEV AC Charge point,3.3,3.3,1
UJOY,Private,Delhi,South West Delhi,Delhi,Plote No 651 Kakrola Housing Complex Metro Pilar No 808,28.618949,77.025369,LEV AC Charge point,3.3,3.3,1
UJOY,Private,Delhi,South West Delhi,Delhi,"Pocket 1, Matiala Extension, Matiala, Delhi, 110078 - Charger-1",28.608759,77.049426,LEV AC Charge point,3.3,3.3,1
UJOY,Private,Delhi,South West Delhi,Delhi,"Pocket 1, Matiala Extension, Matiala, Delhi, 110078 - Charger-2",28.608655,77.049415,LEV AC Charge point,3.3,3.3,1
UJOY,Private,Delhi,South West Delhi,Delhi,"Pocket 1, Matiala Extension, Matiala, Delhi, 110078 - Charger-3",28.608709,77.049491,LEV AC Charge point,3.3,3.3,1
UJOY,Private,Delhi,South West Delhi,Delhi,"Pocket 2, Sector 12 Dwarka, Dwarka, Delhi, 110078 - Charger-3",28.594613,77.047448,LEV AC Charge point,3.3,3.3,1
UJOY,Private,Delhi,South West Delhi,Delhi,"Pocket 3, Sector 12 Dwarka, Dwarka, Delhi, 110078",28.597023,77.048912,LEV AC Charge point,3.3,3.3,1
UJOY,Private,Delhi,South West Delhi,Delhi,"Pocket 7 Rd, Pocket 7, Sector 12 Dwarka, Dwarka, Delhi, 110075",28.590564,77.0437,LEV AC Charge point,3.3,3.3,1
UJOY,Private,Delhi,South West Delhi,Delhi,Rajputana Rifles Csd Delhi Cantt,28.601037,77.148233,LEV AC Charge point,3.3,3.3,1
UJOY,Private,Delhi,South West Delhi,Delhi,Right Nager,28.608379,77.092079,LEV AC Charge point,3.3,3.3,1
UJOY,Private,Delhi,South West Delhi,Delhi,"Rz 118 Khandoliya Plaza, Right Side Basment Vaishali Dabri Palam Road New Delhi",28.607456,77.081868,LEV AC Charge point,3.3,3.3,1
UJOY,Private,Delhi,South West Delhi,Delhi,Rz- 686 F-10 Raj Nagar Part 1 Palam Colony Near Ganga Chowk Gali No 6 New Delhi 45,28.584576,77.087773,LEV AC Charge point,3.3,3.3,1
UJOY,Private,Delhi,South West Delhi,Delhi,"Rz-123 D, Dabari Palam Road, Jindal Public School, Delhi-110045",28.60686,77.081457,LEV AC Charge point,3.3,3.3,1
UJOY,Private,Delhi,South West Delhi,Delhi,Rz20 E/4 Raj Nagar Part 1 Palam Colony Near Nirankari Bhawan New Delhi,28.583026,77.087923,LEV AC Charge point,3.3,3.3,1
UJOY,Private,Delhi,South West Delhi,Delhi,Rz-49/256 Gali No.3 Dayal Park Near Mcd School,28.605419,77.095932,LEV AC Charge point,3.3,3.3,1
UJOY,Private,Delhi,South West Delhi,Delhi,Rzc_195 Gali 1 Madhu Vihar Sector 3 Dwarka,28.599873,77.065039,LEV AC Charge point,3.3,3.3,1
UJOY,Private,Delhi,South West Delhi,Delhi,Samarpan Kunj Plot21 Pocket 6 Sector 1A Nasirpur Dwarka,28.601371,77.084043,LEV AC Charge point,3.3,3.3,1
UJOY,Private,Delhi,South West Delhi,Delhi,Saparpan Kunj Plot No 21 Pocket 6 Sector  1A Nasirpur Dwarka,28.601289,77.083984,LEV AC Charge point,3.3,3.3,1
UJOY,Private,Delhi,South West Delhi,Delhi,Sarvhit Apartment Sector 17 Pockit A Dwarka New Delhi,28.594821,77.02266,LEV AC Charge point,3.3,3.3,1
UJOY,Private,Delhi,South West Delhi,Delhi,Sector 12 Dwarka New Delhi,28.596997,77.048869,LEV AC Charge point,3.3,3.3,1
UJOY,Private,Delhi,South West Delhi,Delhi,"Sector 12 Dwarka, Dwarka, Delhi, 110075",28.596458,77.038112,LEV AC Charge point,3.3,3.3,1
UJOY,Private,Delhi,South West Delhi,Delhi,"Sector-12, Plot-14,Dwarka",28.595955,77.046254,LEV AC Charge point,3.3,3.3,1
UJOY,Private,Delhi,South West Delhi,Delhi,"Service Rd, Block A, Sewak Park, Kakrola, Delhi, 110059",28.616857,77.032448,LEV AC Charge point,3.3,3.3,1
UJOY,Private,Delhi,South West Delhi,Delhi,"Service Rd, Patel Garden Extention, Block Rz, Sector 15 Dwarka, Dwarka, Delhi, 110078",28.61379,77.032723,LEV AC Charge point,3.3,3.3,1
UJOY,Private,Delhi,South West Delhi,Delhi,Shivaji Marg,28.573347,77.079041,LEV AC Charge point,3.3,3.3,1
UJOY,Private,Delhi,South West Delhi,Delhi,Shop No 1 Mohit Nagar Kakrola,28.606633,77.034795,LEV AC Charge point,3.3,3.3,1
UJOY,Private,Delhi,South West Delhi,Delhi,Shop No 1304 Pvc Road Tikri Klan Delhi,28.682644,76.965096,LEV AC Charge point,3.3,3.3,1
UJOY,Private,Delhi,South West Delhi,Delhi,Shop No 18 Dda Market Lajwanti Garden,28.613729,77.106872,LEV AC Charge point,3.3,3.3,1
UJOY,Private,Delhi,South West Delhi,Delhi,Shop No. 19/22 Kh No 25/21 Pankaj Garden Main Goyla Dairy Road Near Kiker Bus Stand Qutub Vihar Goyla Dairy New Delhi 110071,28.578018,77.031103,LEV AC Charge point,3.3,3.3,1
UJOY,Private,Delhi,South West Delhi,Delhi,"Street No. 1A, Block Rz, Palam, New Delhi, Delhi, 110077",28.585195,77.077181,LEV AC Charge point,3.3,3.3,1
UJOY,Private,Delhi,South West Delhi,Delhi,Tara Nagar Dwarak,28.614398,77.026518,LEV AC Charge point,3.3,3.3,1
UJOY,Private,Delhi,South West Delhi,Delhi,V.K Auto Spear Parts  Railway Line  Road. Pipal Wali Gali. Raj Nagar  -Part  2,28.580257,77.087807,LEV AC Charge point,3.3,3.3,1
UJOY,Private,Delhi,South West Delhi,Delhi,Vidyut Apartment Plot 2 Sec 12 Dwarka,28.59795,77.039652,LEV AC Charge point,3.3,3.3,1
UJOY,Private,Delhi,South West Delhi,Delhi,Vidyut Appratment Plot 2 Sec 12 Dwarka,28.59797,77.039615,LEV AC Charge point,3.3,3.3,1
UJOY,Private,Delhi,South West Delhi,Delhi,Vikrant Chok Mohan Garden Dwarka,28.633992,77.042009,LEV AC Charge point,3.3,3.3,1
UJOY,Private,Delhi,South West Delhi,Delhi,Vishwas Park Rajapuri Sector 03 Dwarka,28.605324,77.054125,LEV AC Charge point,3.3,3.3,1
UJOY,Private,Delhi,South West Delhi,Delhi,Wheel Cart Palam Metro Station Ke Samne,28.588262,77.082862,LEV AC Charge point,3.3,3.3,1
UJOY,Private,Delhi,South West Delhi,Delhi,Wz  879 G/F  Kh  No 33/25 Palam Extn Near Swagat Bharat Newdelhi,28.585514,77.075064,LEV AC Charge point,3.3,3.3,1
UJOY,Private,Delhi,South West Delhi,Delhi,Wz 300 C Palam Village,28.589854,77.07564,LEV AC Charge point,3.3,3.3,1
UJOY,Private,Delhi,South West Delhi,Delhi,Wz 572K Naraina Village,28.625007,77.140478,LEV AC Charge point,3.3,3.3,1
UJOY,Private,Delhi,South West Delhi,Delhi,"Wz, 725/A, G/F , Near Main Palam Gol Chakar, Oppo To Axis Bank",28.589523,77.079735,LEV AC Charge point,3.3,3.3,1
UJOY,Private,Delhi,South West Delhi,Delhi,"Wz,725/A,G/F, Near Main Palam Gol Chakkar,Oppo To Axis Bank",28.589598,77.079695,LEV AC Charge point,3.3,3.3,1
UJOY,Private,Delhi,South West Delhi,Delhi,"Wz-52, Palam Village, Adil Bagh",28.589898,77.0819,LEV AC Charge point,3.3,3.3,1
UJOY,Private,Delhi,South West Delhi,Delhi,"Wz810A, Near Union Bank, Palam Village",28.590033,77.081378,LEV AC Charge point,3.3,3.3,1
EESL,Govt.,Delhi,South East Delhi,Delhi,"Block N, Greater Kailash I, Greater Kailash, New Delhi, Delhi",28.556678,77.232601,Bharat DC-001,15.0,15,1
EESL,Govt.,Delhi,South East Delhi,Delhi,"Block N, Greater Kailash I, Greater Kailash, New Delhi, Delhi",28.556678,77.232601,Type-II AC,22.0,22,1
EESL,Govt.,Delhi,South East Delhi,Delhi,"Block N, Greater Kailash I, Greater Kailash, New Delhi, Delhi",28.556678,77.232601,CHAdeMO,25.0,25,1
EESL,Govt.,Delhi,South East Delhi,Delhi,"Block N, Greater Kailash I, Greater Kailash, New Delhi, Delhi",28.556678,77.232601,Combo (CCS-II + CHAdeMo + Type II),142.0,60+60+22,3
EESL,Govt.,Delhi,South East Delhi,Delhi,"Cesl - Dtc Ev Plaza, Kalkaji Dtc Depot, New Delhi - 110019",28.538666,77.266986,Type-II AC,22.0,22,1
EESL,Govt.,Delhi,South East Delhi,Delhi,"Cesl - Dtc Ev Plaza, Kalkaji Dtc Depot, New Delhi - 110019",28.538666,77.266986,CHAdeMO,25.0,25,1
EESL,Govt.,Delhi,South East Delhi,Delhi,"Cesl - Dtc Ev Plaza, Kalkaji Dtc Depot, New Delhi - 110019",28.538666,77.266986,Bharat AC-001,10.0,3.3,3
EESL,Govt.,Delhi,South East Delhi,Delhi,"Cesl - Dtc Ev Plaza, Kalkaji Dtc Depot, New Delhi - 110019",28.538666,77.266986,Combo (CCS-II + CHAdeMo + Type II),142.0,60+60+22,3
EESL,Govt.,Delhi,South East Delhi,Delhi,"Double Story Market, Maherchand Lodhi Road, New Delhi - 110003",28.581077,77.227199,Bharat DC-001,15.0,15,1
EESL,Govt.,Delhi,South East Delhi,Delhi,"Electric Vehicle Charging Station, H Block, Sarita Vihar Delhi",28.535504,77.291381,Type-II AC,22.0,22,1
EESL,Govt.,Delhi,South East Delhi,Delhi,"Electric Vehicle Charging Station, H Block, Sarita Vihar Delhi",28.535504,77.291381,CHAdeMO,25.0,25,1
EESL,Govt.,Delhi,South East Delhi,Delhi,"Electric Vehicle Charging Station, H Block, Sarita Vihar Delhi",28.535504,77.291381,Bharat DC-001,15.0,15,1
EESL,Govt.,Delhi,South East Delhi,Delhi,"Electric Vehicle Charging Station, H Block, Sarita Vihar Delhi",28.535504,77.291381,Combo (CCS-II + CHAdeMo + Type II),142.0,60+60+22,3
EESL,Govt.,Delhi,South East Delhi,Delhi,"Gate No.1 Lodhi Garden,Lodhi Road ,Lodhi Estate New Delhi,110003",28.590322,77.22021,Combo (CCS-II + CHAdeMo + Type II),142.0,60+60+22,3
EESL,Govt.,Delhi,South East Delhi,Delhi,"Gate No.1 Lodhi Garden,Lodhi Road ,Lodhi Estate New Delhi,110003",28.590322,77.22021,Type-II AC,22.0,22,1
EESL,Govt.,Delhi,South East Delhi,Delhi,"Ndmc Parking,  Gate No. 1, Lodhi Gardens, Lodhi Estate, Lodhi Road,  New Delhi-  110003",28.590311,77.220163,Bharat DC-001,15.0,15,1
EESL,Govt.,Delhi,South East Delhi,Delhi,"Ndmc Parking, Khan Market, New Delhi, 110003",28.600324,77.226883,Bharat DC-001,15.0,15,1
EESL,Govt.,Delhi,South East Delhi,Delhi,"Ndmc Parking, Outside Rwa Park, Jor Bagh Market,  Jor Bagh Colony Road, New Delhi- 110003",28.588117,77.217564,Bharat DC-001,15.0,15,1
EESL,Govt.,Delhi,South East Delhi,Delhi,"New Friends Colony,Delhi",28.561335,77.269157,Type-II AC,22.0,22,1
EESL,Govt.,Delhi,South East Delhi,Delhi,"New Friends Colony,Delhi",28.561335,77.269157,CHAdeMO,25.0,25,1
EESL,Govt.,Delhi,South East Delhi,Delhi,"New Friends Colony,Delhi",28.561335,77.269157,Combo (CCS-II + CHAdeMo + Type II),142.0,60+60+22,3
EESL,Govt.,Delhi,South East Delhi,Delhi,"Sdmc Parking, Feroze Gandhi Road, Lajpat Nagar, New Delhi",28.56793,77.242612,Bharat DC-001,15.0,15,1
EESL,Govt.,Delhi,South East Delhi,Delhi,"Sdmc Parking, Veer Savarkar Marg Lajpat Nagar, New Delhi - 110024",28.569119,77.244011,Bharat DC-001,15.0,15,1
Fortum,Private,Delhi,South East Delhi,Delhi,"Mg Lajpatnagar A-14, Ring Road, Lajpat Nagar- Iv, New Delhi",28.565222,77.236863,Combo (CCS-II+CHAdeMO),50.0,50,2
Hero Vida,Private,Delhi,South East Delhi,Delhi,"Friends Colony,Mathura Road,South East Delhi",28.5632,77.26458,LEV DC Charge Point (IS-17017-2-7),7.0,7,1
REIL,Govt.,Delhi,South East Delhi,Delhi,"Servicircle, Ashram Chowk,Delhi",28.57121,77.25963,Bharat DC-001,15.0,15,1
Sharify,Private,Delhi,South East Delhi,Delhi,"10-C, Nehru Nagar, Ring Rd Lajpat Nagar New Delhi Delhi  110065",28.568199,77.253098,Bharat DC-001,15.0,15,1
Sharify,Private,Delhi,South East Delhi,Delhi,"A-359, Varun Marg Block A,Defence Colony Market New Delhi Delhi  110024",28.57408,77.230995,CCS-II,60.0,60,1
Sharify,Private,Delhi,South East Delhi,Delhi,"A-359, Varun Marg Block A,Defence Colony Market New Delhi Delhi  110024",28.57408,77.230995,Bharat DC-001,15.0,15,1
Sharify,Private,Delhi,South East Delhi,Delhi,"A-359, Varun Marg Block A,Defence Colony Market New Delhi Delhi  110024",28.57408,77.230995,Type-II AC,7.4,7.4,1
Sharify,Private,Delhi,South East Delhi,Delhi,"A-359, Varun Marg Block A,Defence Colony Market New Delhi Delhi  110024",28.57408,77.230995,LEV AC Charge point,3.3,3.3,1
Sharify,Private,Delhi,South East Delhi,Delhi,Hotel The Suryaa New Friends Colony New Delhi Delhi  10025,28.561199,77.269501,CCS-II,30.0,30,1
Sharify,Private,Delhi,South East Delhi,Delhi,"Mcd Parking A Block Defence Coloney, Near Gurudwara New Delhi Delhi 1110024",28.574289,77.230049,CCS-II,30.0,30,1
Tata Power,Private,Delhi,South East Delhi,Delhi,"Iocl - Coco, Jungpura, Lala Lajpat Rai Marg, Jangpura, Nizamuddin West, New Delhi- 110014",28.587135,77.241353,Combo (CCS-II+CHAdeMO),25.0,25,2
Tata Power,Private,Delhi,South East Delhi,Delhi,"Westside, Lajpat Nagar, A-15, Alankar Cinema Building, Feroze Gandhi Marg, Lajpat Nagar Iii, New Delhi 110024",28.56817,77.24112,Combo (CCS-II+CHAdeMO),30.0,30,2
UJOY,Private,Delhi,South East Delhi,Delhi,134 A Nehru Market Near Blue Bells School Opp Pillar No 65 Greater Kailash 1,28.558285,77.238657,LEV AC Charge point,3.3,3.3,1
UJOY,Private,Delhi,South East Delhi,Delhi,1352/N Govindpuri Kalka Ji 13 No Main Raod Baba Fateh Singh Marg,28.532208,77.265779,LEV AC Charge point,3.3,3.3,1
UJOY,Private,Delhi,South East Delhi,Delhi,"153, Govindpuri",28.541608,77.262963,LEV AC Charge point,3.3,3.3,1
UJOY,Private,Delhi,South East Delhi,Delhi,1Block No  3 Dda Flat Kalkaji,28.532904,77.256458,LEV AC Charge point,3.3,3.3,1
UJOY,Private,Delhi,South East Delhi,Delhi,1Block No 3 Dda Falat Kalkaji,28.533026,77.256468,LEV AC Charge point,3.3,3.3,1
UJOY,Private,Delhi,South East Delhi,Delhi,215 Vinoba Puri Lajpat Nagar 2 New Delhi,28.567778,77.2496,LEV AC Charge point,3.3,3.3,1
UJOY,Private,Delhi,South East Delhi,Delhi,26Hari Nagar Ashram,28.576463,77.255577,LEV AC Charge point,3.3,3.3,1
UJOY,Private,Delhi,South East Delhi,Delhi,26Hari Nagar Ashram,28.576484,77.255629,LEV AC Charge point,3.3,3.3,1
UJOY,Private,Delhi,South East Delhi,Delhi,278/4 Govindpuri Kalkaji Opposite Jain Mandir,28.537541,77.263339,LEV AC Charge point,3.3,3.3,1
UJOY,Private,Delhi,South East Delhi,Delhi,36/1Govind Puri  Kalka Ji,28.537466,77.266961,LEV AC Charge point,3.3,3.3,1
UJOY,Private,Delhi,South East Delhi,Delhi,65 Bal Mukand Khand Giri Nagar Kalka Ji New Delhi,28.538997,77.265698,LEV AC Charge point,3.3,3.3,1
UJOY,Private,Delhi,South East Delhi,Delhi,90 Ami Chand Khand Giri Nagar Kalka Ji,28.5431,77.263759,LEV AC Charge point,3.3,3.3,1
UJOY,Private,Delhi,South East Delhi,Delhi,90 Ami Chand Khand Giri Nagar Kalkaji New Delhi,28.543004,77.263612,LEV AC Charge point,3.3,3.3,1
UJOY,Private,Delhi,South East Delhi,Delhi,A 121 Double Story Kalkaji,28.543721,77.25058,LEV AC Charge point,3.3,3.3,1
UJOY,Private,Delhi,South East Delhi,Delhi,"B -135, Nehru Camp Govind Puri Kalka Ji",28.532618,77.261717,LEV AC Charge point,3.3,3.3,1
UJOY,Private,Delhi,South East Delhi,Delhi,B 215 Lajpat Nagar Delhi,28.575134,77.238969,LEV AC Charge point,3.3,3.3,1
UJOY,Private,Delhi,South East Delhi,Delhi,B 6 Upon 4 Okhla Phase Ii,28.533704,77.276489,LEV AC Charge point,3.3,3.3,1
UJOY,Private,Delhi,South East Delhi,Delhi,B 80 Dayanand Colony Lajpat Nagar 4,28.562813,77.246674,LEV AC Charge point,3.3,3.3,1
UJOY,Private,Delhi,South East Delhi,Delhi,"Block A, Kalkaji, New Delhi, Delhi 110048",28.543691,77.250541,LEV AC Charge point,3.3,3.3,1
UJOY,Private,Delhi,South East Delhi,Delhi,"Block H, Kalkaji, New Delhi, Delhi 110019",28.540131,77.257617,LEV AC Charge point,3.3,3.3,1
UJOY,Private,Delhi,South East Delhi,Delhi,C 1 Madanpur Khadar Extn Near Sarita Vihar,28.533794,77.309311,LEV AC Charge point,3.3,3.3,1
UJOY,Private,Delhi,South East Delhi,Delhi,C 1 Madanpur Khadar Extn Sarita Vihar New Delhi,28.533885,77.309165,LEV AC Charge point,3.3,3.3,1
UJOY,Private,Delhi,South East Delhi,Delhi,C-1 Madanpur Khadar Extn Sarita Vihar,28.533779,77.309326,LEV AC Charge point,3.3,3.3,1
UJOY,Private,Delhi,South East Delhi,Delhi,C180Dayanand Colony Lajpat Nagar 4,28.560693,77.248014,LEV AC Charge point,3.3,3.3,1
UJOY,Private,Delhi,South East Delhi,Delhi,C84 A Lajpat Nagar,28.577116,77.239365,LEV AC Charge point,3.3,3.3,1
UJOY,Private,Delhi,South East Delhi,Delhi,"E -12, Ground Floor, Lajpat Nagar 1, New Delhi 110024",28.573348,77.237226,LEV AC Charge point,3.3,3.3,1
UJOY,Private,Delhi,South East Delhi,Delhi,"E-102,Shop No 7 Maharani Plaza Behind Nafed Buliding Ashram Chowk",28.573585,77.258021,LEV AC Charge point,3.3,3.3,1
UJOY,Private,Delhi,South East Delhi,Delhi,E471 Nav Jevaan Camp Govindpuri Delhi,28.531031,77.262052,LEV AC Charge point,3.3,3.3,1
UJOY,Private,Delhi,South East Delhi,Delhi,E-471 Navjeevan Camp Govindpuri,28.530493,77.262011,LEV AC Charge point,3.3,3.3,1
UJOY,Private,Delhi,South East Delhi,Delhi,"Govind Puri, Giri Nagar, Kalkaji, New Delhi, Delhi 110019- Charger-1",28.542741,77.264929,LEV AC Charge point,3.3,3.3,1
UJOY,Private,Delhi,South East Delhi,Delhi,"Govind Puri, Giri Nagar, Kalkaji, New Delhi, Delhi 110019- Charger-2",28.542481,77.264731,LEV AC Charge point,3.3,3.3,1
UJOY,Private,Delhi,South East Delhi,Delhi,"Ground Floor, Dda Flats Kalkaji, Harijan Colony, Block D, Kalkaji, New Delhi, Delhi 110019",28.531691,77.256207,LEV AC Charge point,3.3,3.3,1
UJOY,Private,Delhi,South East Delhi,Delhi,H  32 Kalkaji Behind Mc Donald,28.540212,77.257711,LEV AC Charge point,3.3,3.3,1
UJOY,Private,Delhi,South East Delhi,Delhi,J-2/5A Dda Flat Kalkaji,28.525723,77.256691,LEV AC Charge point,3.3,3.3,1
UJOY,Private,Delhi,South East Delhi,Delhi,Khasra No 37/7 Gali No 15 Need Panchseel Ashram,28.727094,77.211986,LEV AC Charge point,3.3,3.3,1
UJOY,Private,Delhi,South East Delhi,Delhi,L-78 Lajpat Nagar 2 Shop No.5 Delhi,28.569293,77.246548,LEV AC Charge point,3.3,3.3,1
UJOY,Private,Delhi,South East Delhi,Delhi,"Lajpat Nagar, Delhi",28.571535,77.244758,LEV AC Charge point,3.3,3.3,1
UJOY,Private,Delhi,South East Delhi,Delhi,New Auto Class B105 Lajpat Nagar Part I New Delhi,28.574743,77.239031,LEV AC Charge point,3.3,3.3,1
UJOY,Private,Delhi,South East Delhi,Delhi,"Okhla Phase Ii, Okhla Industrial Estate, New Delhi, Delhi 110020",28.539469,77.27885,LEV AC Charge point,3.3,3.3,1
UJOY,Private,Delhi,South East Delhi,Delhi,"Pocket B, Okhla Phase Ii, Okhla Industrial Estate, New Delhi, Delhi 110020",28.534385,77.276169,LEV AC Charge point,3.3,3.3,1
UJOY,Private,Delhi,South East Delhi,Delhi,"Pocket B, Okhla Phase Ii, Okhla Industrial Estate, New Delhi, Delhi 110020, Charger-2",28.536569,77.27583,LEV AC Charge point,3.3,3.3,1
UJOY,Private,Delhi,South East Delhi,Delhi,"Pocket B, Okhla Phase Ii, Okhla Industrial Estate, New Delhi, Delhi 110020, Charger-3",28.536578,77.275835,LEV AC Charge point,3.3,3.3,1
UJOY,Private,Delhi,South East Delhi,Delhi,"Pocket E Sarita Vihar, Sarita Vihar, New Delhi, Delhi 110076",28.528934,77.292667,LEV AC Charge point,3.3,3.3,1
UJOY,Private,Delhi,South East Delhi,Delhi,S375 Greater Kailash Part.2,28.529813,77.245294,LEV AC Charge point,3.3,3.3,1
UJOY,Private,Delhi,South East Delhi,Delhi,"Sanjay Colony Ii, Sanjay Colony, Okhla Phase Ii, Okhla Industrial Estate, New Delhi, Delhi 110020",28.541325,77.275577,LEV AC Charge point,3.3,3.3,1
UJOY,Private,Delhi,South East Delhi,Delhi,"Sarita Vihar, New Delhi, Delhi 110076",28.528934,77.292667,LEV AC Charge point,3.3,3.3,1
UJOY,Private,Delhi,South East Delhi,Delhi,"Subhash Khand, Flat No 2, Opp. Mother Dairy, Giri Nagar, Kalkaji, New Delhi, Delhi 110019",28.53893,77.26272,LEV AC Charge point,3.3,3.3,1
UJOY,Private,Delhi,South East Delhi,Delhi,"Tilak Khand Road, Tilak Khand, Giri Nagar, Kalkaji, New Delhi, Delhi 110019",28.541538,77.262961,LEV AC Charge point,3.3,3.3,1
UJOY,Private,Delhi,South East Delhi,Delhi,W4 Opposite Kalkaji Depot Govindpuri,28.538413,77.266684,LEV AC Charge point,3.3,3.3,1
UJOY,Private,Delhi,South East Delhi,Delhi,"X-36, Pocket B, Okhla Phase Iii, Okhla Industrial Estate, New Delhi, Delhi 110020",28.534577,77.276177,LEV AC Charge point,3.3,3.3,1
BECIL,Govt.,Delhi,South Delhi,Delhi,Dttdc Office Defence Colony  Delhi 110024,28.565886,77.232753,Bharat DC-001,15.0,15,1
BECIL,Govt.,Delhi,South Delhi,Delhi,Sdmc Parking Gk-1 Greater Kailash M Block Market Delhi 110048,28.550345,77.233627,Type-II AC,22.0,22,1
BECIL,Govt.,Delhi,South Delhi,Delhi,Sdmc Parking Green Park Site -2 Market Near House Of Diagnostic Delhi 110016,28.560962,77.20742,Type-II AC,22.0,22,1
BECIL,Govt.,Delhi,South Delhi,Delhi,"Sdmc Parking Kamal Cinema, Safdarjang Enclave,  New Delhi-110016",28.565486,77.199039,Bharat DC-001,15.0,15,1
BECIL,Govt.,Delhi,South Delhi,Delhi,"Sdmc Parking, Max Hospital, Saket , New Delhi-",28.528913,77.213809,Bharat DC-001,15.0,15,1
BECIL,Govt.,Delhi,South Delhi,Delhi,"Sdmc Parking, Sapna Cinema, New Delhi-110065",28.559293,77.246446,Bharat DC-001,15.0,15,1
E-Fill,Private,Delhi,South Delhi,Delhi,"B 102, Panchsheel Vihar, Near Apj School, Sheikh Sarai Phase 1, Sheikh Sarai",28.536096,77.223102,Type-II AC,7.4,7.4,1
E-Fill,Private,Delhi,South Delhi,Delhi,"Plot No 550, Gali Number D-18 Chhatarpur Pahari, Main 100 Feet Rd",28.50792,77.185073,Type-II AC,7.4,7.4,1
EEE Taxi,Private,Delhi,South Delhi,Delhi,"Mukteshwar Dham Andheriya Bagh,Mehrauli",28.510291,77.171653,Bharat DC-001,15.0,15,1
EESL,Govt.,Delhi,South Delhi,Delhi,"Cesl - Dtc Ev Plaza, Nehru Place  Terminal, New Delhi - 110019",28.548602,77.254963,Type-II AC,22.0,22,1
EESL,Govt.,Delhi,South Delhi,Delhi,"Cesl - Dtc Ev Plaza, Nehru Place  Terminal, New Delhi - 110019",28.548602,77.254963,CHAdeMO,25.0,25,1
EESL,Govt.,Delhi,South Delhi,Delhi,"Cesl - Dtc Ev Plaza, Nehru Place  Terminal, New Delhi - 110019",28.548602,77.254963,Bharat AC-001,10.0,3.3,3
EESL,Govt.,Delhi,South Delhi,Delhi,"Cesl - Dtc Ev Plaza, Nehru Place  Terminal, New Delhi - 110019",28.548602,77.254963,Combo (CCS-II + CHAdeMo + Type II),142.0,60+60+22,3
EESL,Govt.,Delhi,South Delhi,Delhi,"Eesl, Hauz Khas Village, Sdmc Parking, New Delhi",28.55447,77.19563,Bharat DC-001,15.0,15,1
EESL,Govt.,Delhi,South Delhi,Delhi,"Eesl, Hauz Khas Village, Sdmc Parking, New Delhi",28.55447,77.19563,Type-II AC,22.0,22,1
EESL,Govt.,Delhi,South Delhi,Delhi,"Eesl, Hauz Khas Village, Sdmc Parking, New Delhi",28.55447,77.19563,CHAdeMO,25.0,25,1
EESL,Govt.,Delhi,South Delhi,Delhi,"Eesl, Hauz Khas Village, Sdmc Parking, New Delhi",28.55447,77.19563,Combo (CCS-II + CHAdeMo + Type II),142.0,60+60+22,3
EESL,Govt.,Delhi,South Delhi,Delhi,"EESL, Hauz Khas Village, SDMC Parking, New Delhi",28.55447,77.19563,Type-II AC,22.0,22,1
EESL,Govt.,Delhi,South Delhi,Delhi,"Sdmc Parking, Aurbindo Market Place,Hauz Khas, New Delhi, Delhi 110016",28.552059,77.203254,Bharat DC-001,15.0,15,1
EESL,Govt.,Delhi,South Delhi,Delhi,"Sdmc Parking, B6, Safderjung Enclave",28.558938,77.19631,Bharat DC-001,15.0,15,1
EESL,Govt.,Delhi,South Delhi,Delhi,"Sdmc Parking, Gk-2 M Block Near Canara Bank, New Delhi-110048",28.53362,77.24257,Combo (CCS-II + CHAdeMo + Type II),142.0,60+60+22,3
EESL,Govt.,Delhi,South Delhi,Delhi,"Sdmc Parking, Nehru Place Plot 81-85, New Delhi - 110019",28.547671,77.250729,Type-II AC,22.0,22,1
EESL,Govt.,Delhi,South Delhi,Delhi,"Sdmc Parking, Nehru Place Plot 81-85, New Delhi - 110019",28.547671,77.250729,CHAdeMO,25.0,25,1
EESL,Govt.,Delhi,South Delhi,Delhi,"Sdmc Parking, Nehru Place Plot 81-85, New Delhi - 110019",28.547671,77.250729,Bharat DC-001,15.0,15,1
EESL,Govt.,Delhi,South Delhi,Delhi,"Sdmc Parking, Nehru Place Plot 81-85, New Delhi - 110019",28.547671,77.250729,Combo (CCS-II + CHAdeMo + Type II),142.0,60+60+22,3
EESL,Govt.,Delhi,South Delhi,Delhi,"Sdmc Parking, R Block, Gk-1, Delhi-110016",28.547217,77.244324,Bharat DC-001,15.0,15,1
EESL,Govt.,Delhi,South Delhi,Delhi,"Sdmc Parking, R Block, Gk-1, Delhi-110016",28.547217,77.244324,Bharat AC-001,10.0,3.3,3
EESL,Govt.,Delhi,South Delhi,Delhi,"Sdmc Parking, Sda Market, Hauz Khas, New Delhi, Delhi 110016",28.546273,77.19711,Bharat DC-001,15.0,15,1
EESL,Govt.,Delhi,South Delhi,Delhi,Vidyasagar Institute Of Mental Hospital. Neuro & Allied Science At Vimhans Hospital,28.569772,77.248564,Type-II AC,22.0,22,1
EESL,Govt.,Delhi,South Delhi,Delhi,Vidyasagar Institute Of Mental Hospital. Neuro & Allied Science At Vimhans Hospital,28.569772,77.248564,CHAdeMO,25.0,25,1
Electrify,Private,Delhi,South Delhi,Delhi,"Parking Jamia Islamia Metro Station, South Delhi -110025",28.56262,77.286772,LEV AC Charge point,3.3,3.3,1
Electrify,Private,Delhi,South Delhi,Delhi,"Pocket -5 , Sector B Vasant Square Mall, Vasant Kunj Marg South Delhi
-110070",28.525183,77.156442,Bharat AC-001,10.0,3.3,1
Electrify,Private,Delhi,South Delhi,Delhi,"Pocket -5 , Sector B Vasant Square Mall, Vasant Kunj Marg South Delhi
-110070",28.525183,77.156442,Bharat DC-001,15.0,15,1
Fortum,Private,Delhi,South Delhi,Delhi,"Hpcl Batra Brothers  Ring Rd, South Extension, Block M, South Extension Ii, New Delhi",28.568218,77.22374,CCS-II,60.0,30,1
Gensol,Private,Delhi,South Delhi,Delhi,Bses Head Office Bhawan Nehru Place,28.549427,77.254636,Bharat DC-001,15.0,15,1
Gensol,Private,Delhi,South Delhi,Delhi,"Ndse Grid, Brpl South Extension",28.568238,77.219666,Bharat DC-001,15.0,15,1
Hero Vida,Private,Delhi,South Delhi,Delhi,"B - Block,G.K.-1,Greater Kailash - 1,Delhi - South",28.55918,77.23202,LEV DC Charge Point (IS-17017-2-7),7.0,7,1
Hyundai,Private,Delhi,South Delhi,Delhi,"Coco Masjid Moth,J.B.Tito Marg J.B.Tito Marg New Delhi",28.548287,77.228596,CCS-II,50.0,25,1
KAZAM,Private,Delhi,South Delhi,Delhi,"Bses Bhawan, Nehru Place, New Delhi, Delhi 110019",28.549337,77.254726,LEV AC Charge point,3.3,3.3,1
KAZAM,Private,Delhi,South Delhi,Delhi,"D6, Sector D, Vasant Kunj, New Delhi, Delhi 110070",28.524121,77.150642,LEV AC Charge point,3.3,3.3,1
KAZAM,Private,Delhi,South Delhi,Delhi,"Green Park,New Delhi,Delhi,110016",28.557444,77.205957,LEV AC Charge point,3.3,3.3,1
KAZAM,Private,Delhi,South Delhi,Delhi,"Kali Mandir Society, Chittaranjan Park, New Delhi, Delhi 110048",28.535542,77.247752,LEV AC Charge point,3.3,3.3,1
KAZAM,Private,Delhi,South Delhi,Delhi,"Kalkaji,New Delhi,Delhi,110019",28.528936,77.269828,LEV AC Charge point,3.3,3.3,1
KAZAM,Private,Delhi,South Delhi,Delhi,"Kalkaji,New Delhi,Delhi,110065",28.551798,77.263988,LEV AC Charge point,3.3,3.3,1
KAZAM,Private,Delhi,South Delhi,Delhi,"Khasra No. 94/2, Central, Near Chhatarpur, Ansal Villas, Sat Bari, New Delhi, Delhi 110074",28.480213,77.185387,LEV AC Charge point,3.3,3.3,1
KAZAM,Private,Delhi,South Delhi,Delhi,"Lajpat Nagar,New Delhi,Delhi,110024",28.565311,77.24295,LEV AC Charge point,3.3,3.3,1
KAZAM,Private,Delhi,South Delhi,Delhi,"Main,Ring Road,South Extension I,New Delhi,Delhi,110049",28.568965,77.219499,LEV AC Charge point,3.3,3.3,1
KAZAM,Private,Delhi,South Delhi,Delhi,"Nehru Place,New Delhi,Delhi,110048",28.54928,77.254768,LEV AC Charge point,3.3,3.3,1
KAZAM,Private,Delhi,South Delhi,Delhi,"Nirmal Colony, Block 4, Lajpat Nagar Iv, Lajpat Nagar, New Delhi, Delhi 110024",28.564678,77.241678,LEV AC Charge point,3.3,3.3,1
KAZAM,Private,Delhi,South Delhi,Delhi,"Ring Road,South Extension Ii,New Delhi,Delhi,110049",28.568565,77.219633,LEV AC Charge point,3.3,3.3,1
KAZAM,Private,Delhi,South Delhi,Delhi,"Saket,New Delhi,Delhi,110017",28.523576,77.207833,LEV AC Charge point,3.3,3.3,1
KAZAM,Private,Delhi,South Delhi,Delhi,"Sri Niwaspuri,New Delhi,Delhi,110065",28.567494,77.253682,LEV AC Charge point,3.3,3.3,1
KAZAM,Private,Delhi,South Delhi,Delhi,"Yamuna Block 1, D6, Sector D, Vasant Kunj, New Delhi, Delhi 110070",28.52424,77.149847,LEV AC Charge point,3.3,3.3,1
NTPC,Govt.,Delhi,South Delhi,Delhi,Ntpc Badarpur - Eco Park,28.519326,77.316069,Bharat AC-001,10.0,3.3,1
NTPC,Govt.,Delhi,South Delhi,Delhi,Ntpc Badarpur - Eco Park,28.519326,77.316069,Bharat DC-001,15.0,15,1
NTPC,Govt.,Delhi,South Delhi,Delhi,"Vasant Kunj Marg ,Near Chattarpur Metro Station",28.506235,77.17361,Bharat DC-001,15.0,15,1
NTPC,Govt.,Delhi,South Delhi,Delhi,"Vasant Kunj Marg ,Near Chattarpur Metro Station",28.506235,77.17361,Bharat AC-001,10.0,3.3,1
PGCIL,Govt.,Delhi,South Delhi,Delhi,"Super Auto, Indianoil Ro",28.567762,77.253949,Bharat DC-001,15.0,15,1
Power bank green,Private,Delhi,South Delhi,Delhi,"Sri Krishna Chaitanya Mahaprabhu Marg, Block F, Police Colony, Hauz Khas, New Delhi",28.54488,77.20691,Bharat AC-001,3.3,3.3,1
Power bank green,Private,Delhi,South Delhi,Delhi,"Sri Krishna Chaitanya Mahaprabhu Marg, Block F, Police Colony, Hauz Khas, New Delhi",28.54488,77.20691,Type-II AC,7.4,7.4,1
Power bank green,Private,Delhi,South Delhi,Delhi,"Sri Krishna Chaitanya Mahaprabhu Marg, Block F, Police Colony, Hauz Khas, New Delhi",28.54488,77.20691,CCS-II,60.0,30,1
Prakriti,Private,Delhi,South Delhi,Delhi,"Kos Minar Rd, Jasola, New Delhi, Delhi 110025",28.539914,77.287069,Bharat DC-001,15.0,15,1
Prakriti,Private,Delhi,South Delhi,Delhi,"Kotla Maigram Village, Jasola,Nfc",28.539909,77.289258,Bharat DC-001,15.0,15,1
REIL,Govt.,Delhi,South Delhi,Delhi,Ashram Chowk Mathura Road,28.571189,77.259806,Bharat DC-001,15.0,15,1
REIL,Govt.,Delhi,South Delhi,Delhi,Centre Half Service Station,28.555383,77.228317,Bharat AC-001,10.0,3.3,1
REIL,Govt.,Delhi,South Delhi,Delhi,"Delhi-Mathura Crossing, Ring Road, Maharani  Bagh, Near Ashram Chowk, New Delhi, Delhi  110065",28.571194,77.257617,Bharat DC-001,15.0,15,1
REIL,Govt.,Delhi,South Delhi,Delhi,Devsena,28.56855,77.252983,Bharat AC-001,10.0,3.3,1
REIL,Govt.,Delhi,South Delhi,Delhi,Engineer Service Station,28.586921,77.212117,Bharat DC-001,15.0,15,1
REIL,Govt.,Delhi,South Delhi,Delhi,Jindal S Stn,28.5623,77.2663,Bharat DC-001,15.0,15,1
REIL,Govt.,Delhi,South Delhi,Delhi,Nizamuddin Railway Station,28.588991,77.25324,Bharat DC-001,15.0,15,1
REIL,Govt.,Delhi,South Delhi,Delhi,"Nizamuddin, Nizamuddin East, New Delhi, Delhi  110013",28.588996,77.251051,Bharat AC-001,3.3,3.3,1
REIL,Govt.,Delhi,South Delhi,Delhi,Scada Office Kalka Ji,28.541995,77.260583,Bharat AC-001,10.0,3.3,1
TCIL,Govt.,Delhi,South Delhi,Delhi,Extension - 1 South Ring Road J Block Near Bus Stop Delhi 110049,28.568966,77.219446,Type-II AC,22.0,22,1
TCIL,Govt.,Delhi,South Delhi,Delhi,Nagar- Part 3 Lajpat Ring Road A Block Near Bus Stop Delhi 110024,28.565276,77.243073,Type-II AC,22.0,22,1
UJOY,Private,Delhi,South Delhi,Delhi,"#108, V.P.O, Bakkarwala, Delhi, 110041",28.667181,77.019737,LEV AC Charge point,3.3,3.3,1
UJOY,Private,Delhi,South Delhi,Delhi,"1, 20 Futa Rd, Batla House, Okhla, New Delhi, Delhi 110025",28.571502,77.282928,LEV AC Charge point,3.3,3.3,1
UJOY,Private,Delhi,South Delhi,Delhi,104 Indra Market Dakshin Puri New Delhi,28.522773,77.235159,LEV AC Charge point,3.3,3.3,1
UJOY,Private,Delhi,South Delhi,Delhi,128 3 Kilokari Near Maharanibagh Ashram,28.582102,77.264042,LEV AC Charge point,3.3,3.3,1
UJOY,Private,Delhi,South Delhi,Delhi,13/3/4 Dakshinpuri,28.525881,77.234357,LEV AC Charge point,3.3,3.3,1
UJOY,Private,Delhi,South Delhi,Delhi,13485 Yusuf Sarai Market,28.55984,77.206576,LEV AC Charge point,3.3,3.3,1
UJOY,Private,Delhi,South Delhi,Delhi,13485 Yusuf Sarai Mkt New Delhi 110016,28.56039,77.206616,LEV AC Charge point,3.3,3.3,1
UJOY,Private,Delhi,South Delhi,Delhi,"137, 40 Feet Rd, Maharani Enclave, Hastsal, Delhi, 110066",28.633924,77.048423,LEV AC Charge point,3.3,3.3,1
UJOY,Private,Delhi,South Delhi,Delhi,147 Bhagwan Nagar Near Jeewan Nursing Home Delhi,28.578843,77.259104,LEV AC Charge point,3.3,3.3,1
UJOY,Private,Delhi,South Delhi,Delhi,155 Ignu Road Saidul Ajab,28.515587,77.205151,LEV AC Charge point,3.3,3.3,1
UJOY,Private,Delhi,South Delhi,Delhi,"161 Joga Bai , Main Road, Opp. Go Mobile Zakir Nagar New Delhi",28.566401,77.282614,LEV AC Charge point,3.3,3.3,1
UJOY,Private,Delhi,South Delhi,Delhi,166C Pocket 12 Jasola Vihar,28.55037,77.288558,LEV AC Charge point,3.3,3.3,1
UJOY,Private,Delhi,South Delhi,Delhi,166C Pocket 12 Jasola Vihar New Delhi 110025,28.550125,77.288515,LEV AC Charge point,3.3,3.3,1
UJOY,Private,Delhi,South Delhi,Delhi,193 Shubha Khand Giri Nager,28.538909,77.262746,LEV AC Charge point,3.3,3.3,1
UJOY,Private,Delhi,South Delhi,Delhi,196/17 Ramesh Market Garhi East Of Kailash,28.560864,77.248084,LEV AC Charge point,3.3,3.3,1
UJOY,Private,Delhi,South Delhi,Delhi,1B 94 1 99 1 Mb Road Khanpur Old Petrol Pump New Delhi 110062,28.515059,77.230745,LEV AC Charge point,3.3,3.3,1
UJOY,Private,Delhi,South Delhi,Delhi,1B 94 1 99 1 Mb Road Old Petrol Pump Khanpur New Delhi 110066,28.515095,77.230932,LEV AC Charge point,3.3,3.3,1
UJOY,Private,Delhi,South Delhi,Delhi,206 Jeewan Nagar New Delhi 110014 Near Tikona Park Opp Maharani  Bagh,28.577299,77.261762,LEV AC Charge point,3.3,3.3,1
UJOY,Private,Delhi,South Delhi,Delhi,226 8/A Block G1 Ratiya Marg Sangam Vihar,28.508819,77.25129,LEV AC Charge point,3.3,3.3,1
UJOY,Private,Delhi,South Delhi,Delhi,23 Dda Shopping Complex Zamrudpur,28.555893,77.238063,LEV AC Charge point,3.3,3.3,1
UJOY,Private,Delhi,South Delhi,Delhi,287 Lalkuan  M B Road,28.501987,77.285464,LEV AC Charge point,3.3,3.3,1
UJOY,Private,Delhi,South Delhi,Delhi,296 Main Matura Road,28.503632,77.300342,LEV AC Charge point,3.3,3.3,1
UJOY,Private,Delhi,South Delhi,Delhi,296 Main Natura Roads,28.503733,77.300507,LEV AC Charge point,3.3,3.3,1
UJOY,Private,Delhi,South Delhi,Delhi,297 Lalkuan  M B Road,28.502094,77.285503,LEV AC Charge point,3.3,3.3,1
UJOY,Private,Delhi,South Delhi,Delhi,2Nd 60 Feet Road M.B Exten,28.488136,77.311098,LEV AC Charge point,3.3,3.3,1
UJOY,Private,Delhi,South Delhi,Delhi,328 Lado Sarai,28.524172,77.19038,LEV AC Charge point,3.3,3.3,1
UJOY,Private,Delhi,South Delhi,Delhi,34 Apna Bazar Nehru Nagar,28.571394,77.255247,LEV AC Charge point,3.3,3.3,1
UJOY,Private,Delhi,South Delhi,Delhi,34 Apna Bazar Nehru Nagar New Delhi,28.571418,77.255197,LEV AC Charge point,3.3,3.3,1
UJOY,Private,Delhi,South Delhi,Delhi,34 Apna Bazar Nehru Nagar New Delhi,28.571572,77.255137,LEV AC Charge point,3.3,3.3,1
UJOY,Private,Delhi,South Delhi,Delhi,37 Peer Baba Colony Jaitpur,28.509272,77.328353,LEV AC Charge point,3.3,3.3,1
UJOY,Private,Delhi,South Delhi,Delhi,37 Peer Baba Jaitpur,28.509466,77.328486,LEV AC Charge point,3.3,3.3,1
UJOY,Private,Delhi,South Delhi,Delhi,38 C Taimoor Nagar Nala Road,28.572742,77.268885,LEV AC Charge point,3.3,3.3,1
UJOY,Private,Delhi,South Delhi,Delhi,386/76 Masoodpur Market Ops B1 Vasant Kunj,28.523478,77.157592,LEV AC Charge point,3.3,3.3,1
UJOY,Private,Delhi,South Delhi,Delhi,49A Savitri Nagar New Delhi 110017,28.540321,77.218069,LEV AC Charge point,3.3,3.3,1
UJOY,Private,Delhi,South Delhi,Delhi,"5-1, Ssn Marg, Zhenda Colony, Asola, New Delhi, Delhi 110047",28.455276,77.18383,LEV AC Charge point,3.3,3.3,1
UJOY,Private,Delhi,South Delhi,Delhi,612 Sunlight Coloney 2 Hari Nagar Ashram,28.576956,77.258883,LEV AC Charge point,3.3,3.3,1
UJOY,Private,Delhi,South Delhi,Delhi,"619/10 , Main Road Chhattarpur",28.497418,77.184871,LEV AC Charge point,3.3,3.3,1
UJOY,Private,Delhi,South Delhi,Delhi,"619/10, Main Road Chhattarpur",28.496974,77.184947,LEV AC Charge point,3.3,3.3,1
UJOY,Private,Delhi,South Delhi,Delhi,"80 Yards Colony, Ashok Nagar Extension, Mandoli, Delhi, 110093",28.705257,77.311554,LEV AC Charge point,3.3,3.3,1
UJOY,Private,Delhi,South Delhi,Delhi,86C Gali No 14B Molarband Ext Badarpur,28.499682,77.314187,LEV AC Charge point,3.3,3.3,1
UJOY,Private,Delhi,South Delhi,Delhi,86C Gali No14B Molarband Ext Badarpur,28.49966,77.31417,LEV AC Charge point,3.3,3.3,1
UJOY,Private,Delhi,South Delhi,Delhi,98/9 100 Futa Road,28.499404,77.144128,LEV AC Charge point,3.3,3.3,1
UJOY,Private,Delhi,South Delhi,Delhi,98/9 100 Futa Road Ghitorni,28.499387,77.144079,LEV AC Charge point,3.3,3.3,1
UJOY,Private,Delhi,South Delhi,Delhi,"A 2, Khanpur Extension",28.512954,77.232724,LEV AC Charge point,3.3,3.3,1
UJOY,Private,Delhi,South Delhi,Delhi,A- 73/9 Kishangarh Vasant Kunj New Delhi,28.518761,77.161944,LEV AC Charge point,3.3,3.3,1
UJOY,Private,Delhi,South Delhi,Delhi,A Block Dabul Story Back Side A1,28.544604,77.25091,LEV AC Charge point,3.3,3.3,1
UJOY,Private,Delhi,South Delhi,Delhi,"A,4 Main Road Jaitpur Balaji Chowk Kalindi Kunj Road",28.508336,77.335278,LEV AC Charge point,3.3,3.3,1
UJOY,Private,Delhi,South Delhi,Delhi,A1 Block Shop No.11 Near Karnataka Restaurant Neb Sarai,28.510787,77.202278,LEV AC Charge point,3.3,3.3,1
UJOY,Private,Delhi,South Delhi,Delhi,A-1/8 Neb Sarai Ignou Road Near Karnataka Restaurant New Delhi,28.510749,77.202205,LEV AC Charge point,3.3,3.3,1
UJOY,Private,Delhi,South Delhi,Delhi,A10 Main Road Chhatarpur Gaon,28.501166,77.183011,LEV AC Charge point,3.3,3.3,1
UJOY,Private,Delhi,South Delhi,Delhi,A117/2 Raju Park Khan Pur,28.504507,77.230422,LEV AC Charge point,3.3,3.3,1
UJOY,Private,Delhi,South Delhi,Delhi,A117/2 Rajupark Khanpur,28.504507,77.230377,LEV AC Charge point,3.3,3.3,1
UJOY,Private,Delhi,South Delhi,Delhi,A133 Phase 2 Industrial Area,28.540184,77.276666,LEV AC Charge point,3.3,3.3,1
UJOY,Private,Delhi,South Delhi,Delhi,A18 Durga Vihar Devli Gao,28.499191,77.225646,LEV AC Charge point,3.3,3.3,1
UJOY,Private,Delhi,South Delhi,Delhi,A-2 Vishkarma Colony Pul Phelad Pur,28.501526,77.287197,LEV AC Charge point,3.3,3.3,1
UJOY,Private,Delhi,South Delhi,Delhi,A27 Jawahar Park,28.507698,77.231399,LEV AC Charge point,3.3,3.3,1
UJOY,Private,Delhi,South Delhi,Delhi,A-3 Freedom Fighter Colony  Gate No.1,28.511777,77.20283,LEV AC Charge point,3.3,3.3,1
UJOY,Private,Delhi,South Delhi,Delhi,A-3 Freedom Fighter Colony Gate No 1,28.511819,77.202762,LEV AC Charge point,3.3,3.3,1
UJOY,Private,Delhi,South Delhi,Delhi,A-7 Jawahar Park,28.507788,77.231873,LEV AC Charge point,3.3,3.3,1
UJOY,Private,Delhi,South Delhi,Delhi,A9 Devli Extended Tigri Road,28.505739,77.236785,LEV AC Charge point,3.3,3.3,1
UJOY,Private,Delhi,South Delhi,Delhi,A91 Jhabar Parak Khanpur,28.507845,77.230564,LEV AC Charge point,3.3,3.3,1
UJOY,Private,Delhi,South Delhi,Delhi,Ab Block Dabul Story A1 Back E,28.544614,77.250899,LEV AC Charge point,3.3,3.3,1
UJOY,Private,Delhi,South Delhi,Delhi,"Ansal Villas, Sat Bari, New Delhi, Delhi 110074",28.48001,77.184402,LEV AC Charge point,3.3,3.3,1
UJOY,Private,Delhi,South Delhi,Delhi,"Ashok Nagar Extension, Mandoli, Delhi, 110093",28.705257,77.311554,LEV AC Charge point,3.3,3.3,1
UJOY,Private,Delhi,South Delhi,Delhi,Ayanagar Phase 1 Opp. Honda Showroom,28.479012,77.128128,LEV AC Charge point,3.3,3.3,1
UJOY,Private,Delhi,South Delhi,Delhi,B 131 A Gurudwara Road Sangam Vihar,28.504049,77.241324,LEV AC Charge point,3.3,3.3,1
UJOY,Private,Delhi,South Delhi,Delhi,"B-1/15, Malviya Nagar",28.53728,77.217287,LEV AC Charge point,3.3,3.3,1
UJOY,Private,Delhi,South Delhi,Delhi,B147C Main Sharma Market Pheladpur,28.499711,77.293315,LEV AC Charge point,3.3,3.3,1
UJOY,Private,Delhi,South Delhi,Delhi,"B-2, Bareja Sadan Mkt, Opp Flyover Pillar No 32, Main Mathura Road, Badarpur",28.496879,77.30289,LEV AC Charge point,3.3,3.3,1
UJOY,Private,Delhi,South Delhi,Delhi,B215 Lagpat Nagar Delhi,28.574852,77.241118,LEV AC Charge point,3.3,3.3,1
UJOY,Private,Delhi,South Delhi,Delhi,"B-27, Freedom Fighter Enclave , Neb Sarai",28.510595,77.200617,LEV AC Charge point,3.3,3.3,1
UJOY,Private,Delhi,South Delhi,Delhi,"B-27/F , Freedom Fighter Enclave, Neb Sarai",28.510508,77.20055,LEV AC Charge point,3.3,3.3,1
UJOY,Private,Delhi,South Delhi,Delhi,"B-868,K Sangam Vihar New Delhi 110080",28.505202,77.238032,LEV AC Charge point,3.3,3.3,1
UJOY,Private,Delhi,South Delhi,Delhi,"Bakkarwala, Delhi, 110041",28.667867,77.019649,LEV AC Charge point,3.3,3.3,1
UJOY,Private,Delhi,South Delhi,Delhi,"Bakkarwala, Delhi, 110041, Charger-2",28.67066,77.021072,LEV AC Charge point,3.3,3.3,1
UJOY,Private,Delhi,South Delhi,Delhi,"Bhagwan Nagar, Phase 2, Sunlight Colony, New Delhi, Delhi 110024",28.578862,77.259119,LEV AC Charge point,3.3,3.3,1
UJOY,Private,Delhi,South Delhi,Delhi,"Bhikaji Cama Bhawan, Bhikaji Cama Place, Rama Krishna Puram, New Delhi, Delhi 110066",28.568917,77.186861,LEV AC Charge point,3.3,3.3,1
UJOY,Private,Delhi,South Delhi,Delhi,"Bhikaji Cama Bhawan, Rama Krishna Puram, New Delhi, Delhi 110066",28.568917,77.186861,LEV AC Charge point,3.3,3.3,1
UJOY,Private,Delhi,South Delhi,Delhi,"Bhikaji Cama Place, Charger-7",28.568918,77.186862,LEV AC Charge point,3.3,3.3,1
UJOY,Private,Delhi,South Delhi,Delhi,"Bhikaji Cama Place, Delhi",28.568917,77.186861,LEV AC Charge point,3.3,3.3,1
UJOY,Private,Delhi,South Delhi,Delhi,"Birla Farm, Opp Jvts Garden Gate, Chattarpur Extension, New Delhi 110074",28.492237,77.180466,LEV AC Charge point,3.3,3.3,1
UJOY,Private,Delhi,South Delhi,Delhi,"Block A, Vishwakarma Colony, Pul Pehlad Pur, New Delhi, Delhi 110044",28.501977,77.285429,LEV AC Charge point,3.3,3.3,1
UJOY,Private,Delhi,South Delhi,Delhi,"Block E, Mohan Cooperative Industrial Estate, Badarpur, New Delhi, Delhi 110044",28.499407,77.300687,LEV AC Charge point,3.3,3.3,1
UJOY,Private,Delhi,South Delhi,Delhi,"Block F 2, Sangam Vihar, New Delhi, Delhi 110044",28.502114,77.246898,LEV AC Charge point,3.3,3.3,1
UJOY,Private,Delhi,South Delhi,Delhi,"Block H, Sangam Vihar, New Delhi, Delhi 110062",28.502862,77.251506,LEV AC Charge point,3.3,3.3,1
UJOY,Private,Delhi,South Delhi,Delhi,"Block L 2, Devli, Sangam Vihar, New Delhi, Delhi 110044",28.495421,77.232819,LEV AC Charge point,3.3,3.3,1
UJOY,Private,Delhi,South Delhi,Delhi,"Bses Rajadhani Power Limited Office Of Division Head (O&M)
Devision - New Friends Colony , New Delhi",28.556768,77.273228,LEV AC Charge point,3.3,3.3,1
UJOY,Private,Delhi,South Delhi,Delhi,"Bsf Camp, Opposite Vayusenbad, Tigri, Sangam Vihar, New Delhi, Delhi 110062",28.512479,77.239225,LEV AC Charge point,3.3,3.3,1
UJOY,Private,Delhi,South Delhi,Delhi,Buzz By Spacetime,28.51847,77.199482,LEV AC Charge point,3.3,3.3,1
UJOY,Private,Delhi,South Delhi,Delhi,Buzz By Spacetime Saket,28.518686,77.199486,LEV AC Charge point,3.3,3.3,1
UJOY,Private,Delhi,South Delhi,Delhi,Bye Pass Road Opposite Adani Cng Pump,28.486614,77.310599,LEV AC Charge point,3.3,3.3,1
UJOY,Private,Delhi,South Delhi,Delhi,C 115 B Bandh Road Sanagam Vihar,28.498895,77.236358,LEV AC Charge point,3.3,3.3,1
UJOY,Private,Delhi,South Delhi,Delhi,C 133 Sangam Vihar Near Beer Bazar,28.498901,77.238034,LEV AC Charge point,3.3,3.3,1
UJOY,Private,Delhi,South Delhi,Delhi,C Ist 542 Sangam Vihar,28.499813,77.237213,LEV AC Charge point,3.3,3.3,1
UJOY,Private,Delhi,South Delhi,Delhi,C1 Paradise Tower 1 Paryavaran Complex,28.514716,77.203162,LEV AC Charge point,3.3,3.3,1
UJOY,Private,Delhi,South Delhi,Delhi,C-1 Paryavaran Complex,28.514702,77.203074,LEV AC Charge point,3.3,3.3,1
UJOY,Private,Delhi,South Delhi,Delhi,C1 Shiv Market Tigri Near Mother Dairy,28.513214,77.235119,LEV AC Charge point,3.3,3.3,1
UJOY,Private,Delhi,South Delhi,Delhi,"C-139 , Savitri Nagar ,New Delhi-17",28.53857,77.218908,LEV AC Charge point,3.3,3.3,1
UJOY,Private,Delhi,South Delhi,Delhi,C-150 Main Mathura Road Near Jaitpur Mod Near Axis Bank,28.498034,77.302465,LEV AC Charge point,3.3,3.3,1
UJOY,Private,Delhi,South Delhi,Delhi,C-150 Main Mathura Road New Jaitpur Mod,28.498093,77.302315,LEV AC Charge point,3.3,3.3,1
UJOY,Private,Delhi,South Delhi,Delhi,C26 East Of Kailash,28.561014,77.256867,LEV AC Charge point,3.3,3.3,1
UJOY,Private,Delhi,South Delhi,Delhi,C561 Taj Pur Pahari,28.498416,77.304682,LEV AC Charge point,3.3,3.3,1
UJOY,Private,Delhi,South Delhi,Delhi,"C9, Panchsheel Vihar",28.534296,77.219303,LEV AC Charge point,3.3,3.3,1
UJOY,Private,Delhi,South Delhi,Delhi,"Car, Market Kishan Garh Vasant Kunj New Delhi 110070",28.514801,77.164351,LEV AC Charge point,3.3,3.3,1
UJOY,Private,Delhi,South Delhi,Delhi,Corner Market Shop No 17,28.539577,77.213677,LEV AC Charge point,3.3,3.3,1
UJOY,Private,Delhi,South Delhi,Delhi,"Cottage Enclave, Paschim Vihar, Delhi, 110063",28.676536,77.108154,LEV AC Charge point,3.3,3.3,1
UJOY,Private,Delhi,South Delhi,Delhi,D 1 Chatr Pur 60 Futa Road,28.501205,77.183653,LEV AC Charge point,3.3,3.3,1
UJOY,Private,Delhi,South Delhi,Delhi,D 4 105 Main Road Sangam Vihar,28.506281,77.249374,LEV AC Charge point,3.3,3.3,1
UJOY,Private,Delhi,South Delhi,Delhi,D 4 108 Main Road Sangam Vihar,28.506291,77.249372,LEV AC Charge point,3.3,3.3,1
UJOY,Private,Delhi,South Delhi,Delhi,D1/1 Chattarpur Pahari,28.504157,77.183815,LEV AC Charge point,3.3,3.3,1
UJOY,Private,Delhi,South Delhi,Delhi,D1Chattarpur Enklave,28.500796,77.18349,LEV AC Charge point,3.3,3.3,1
UJOY,Private,Delhi,South Delhi,Delhi,D-271 Abul Fazal Enclave,28.557435,77.292398,LEV AC Charge point,3.3,3.3,1
UJOY,Private,Delhi,South Delhi,Delhi,"D-272, Parking, Sarvodaya Enclave, New Delhi - 110017",28.537331,77.203651,LEV AC Charge point,3.3,3.3,1
UJOY,Private,Delhi,South Delhi,Delhi,"D-35 , Freedom Fighters Enclave , Neb Sarai , New Delhi - 110068",28.508789,77.198399,LEV AC Charge point,3.3,3.3,1
UJOY,Private,Delhi,South Delhi,Delhi,D7 Main Road Chattarpur,28.500755,77.184369,LEV AC Charge point,3.3,3.3,1
UJOY,Private,Delhi,South Delhi,Delhi,D7 Main Road Chattarpur New Delhi,28.50085,77.184389,LEV AC Charge point,3.3,3.3,1
UJOY,Private,Delhi,South Delhi,Delhi,D7Main Road Chattarpur New Delhi,28.500572,77.184305,LEV AC Charge point,3.3,3.3,1
UJOY,Private,Delhi,South Delhi,Delhi,D90/4 Mohan Baba Nagar Near By Negi Store,28.493987,77.307068,LEV AC Charge point,3.3,3.3,1
UJOY,Private,Delhi,South Delhi,Delhi,Dda Sector E1,28.537515,77.130646,LEV AC Charge point,3.3,3.3,1
UJOY,Private,Delhi,South Delhi,Delhi,Devili,28.509665,77.232351,LEV AC Charge point,3.3,3.3,1
UJOY,Private,Delhi,South Delhi,Delhi,Devli Road,28.509671,77.232378,LEV AC Charge point,3.3,3.3,1
UJOY,Private,Delhi,South Delhi,Delhi,Devli Village Band Roadw,28.499065,77.232309,LEV AC Charge point,3.3,3.3,1
UJOY,Private,Delhi,South Delhi,Delhi,"Devli, Sangam Vihar, New Delhi, Delhi 110080",28.498572,77.237265,LEV AC Charge point,3.3,3.3,1
UJOY,Private,Delhi,South Delhi,Delhi,"Dr Ambedkar Colony, Chhatarpur, New Delhi, Delhi 110074, Charger-1",28.501192,77.183697,LEV AC Charge point,3.3,3.3,1
UJOY,Private,Delhi,South Delhi,Delhi,"Dr Ambedkar Colony, Chhatarpur, New Delhi, Delhi 110074, Charger-2",28.501216,77.183775,LEV AC Charge point,3.3,3.3,1
UJOY,Private,Delhi,South Delhi,Delhi,"Dr Ambedkar Colony, Chhatarpur, New Delhi, Delhi 110074, Charger-3",28.501061,77.183598,LEV AC Charge point,3.3,3.3,1
UJOY,Private,Delhi,South Delhi,Delhi,"Dr Ambedkar Colony, Chhatarpur, New Delhi, Delhi 110074, Charger-4",28.501081,77.183597,LEV AC Charge point,3.3,3.3,1
UJOY,Private,Delhi,South Delhi,Delhi,"E 77, Jasola, Delhi 110025",28.560919,77.285614,LEV AC Charge point,3.3,3.3,1
UJOY,Private,Delhi,South Delhi,Delhi,F_3 496 Veer Bazar Neem Chowk Sangam Vihar,28.496667,77.241851,LEV AC Charge point,3.3,3.3,1
UJOY,Private,Delhi,South Delhi,Delhi,F2  16 4 Near Ksk  Acdmay Sangam Vihar Delhi,28.501876,77.246942,LEV AC Charge point,3.3,3.3,1
UJOY,Private,Delhi,South Delhi,Delhi,F2 185 Main Road Ratiya Marg Sangam Vihar,28.500238,77.246371,LEV AC Charge point,3.3,3.3,1
UJOY,Private,Delhi,South Delhi,Delhi,F-3 496 Veer Bazar Neem Chowk Sangam Vihar,28.496704,77.241906,LEV AC Charge point,3.3,3.3,1
UJOY,Private,Delhi,South Delhi,Delhi,F406 Harsh Vihar Hari Nager Part 3 Tanki Road Nala Chowk,28.500398,77.326366,LEV AC Charge point,3.3,3.3,1
UJOY,Private,Delhi,South Delhi,Delhi,F-41 Kh No 555 1/4,28.513932,77.232931,LEV AC Charge point,3.3,3.3,1
UJOY,Private,Delhi,South Delhi,Delhi,F-41 Khanpur No.555  G/F Shop Village Khanpur,28.513952,77.2329,LEV AC Charge point,3.3,3.3,1
UJOY,Private,Delhi,South Delhi,Delhi,Fateh Pur,28.455312,77.18376,LEV AC Charge point,3.3,3.3,1
UJOY,Private,Delhi,South Delhi,Delhi,"Fatehpur Beri, New Delhi, Delhi 110074",28.448378,77.185361,LEV AC Charge point,3.3,3.3,1
UJOY,Private,Delhi,South Delhi,Delhi,Freedom Fighter Gate Number 3 Navsari,28.508949,77.201043,LEV AC Charge point,3.3,3.3,1
UJOY,Private,Delhi,South Delhi,Delhi,G 12 Suting Range Sangam Vihar,28.504636,77.258249,LEV AC Charge point,3.3,3.3,1
UJOY,Private,Delhi,South Delhi,Delhi,G 12 Suting Range Sangam Vihar,28.504578,77.258285,LEV AC Charge point,3.3,3.3,1
UJOY,Private,Delhi,South Delhi,Delhi,G Blobck Plot No. 1,28.498907,77.238306,LEV AC Charge point,3.3,3.3,1
UJOY,Private,Delhi,South Delhi,Delhi,G Block Plot No. 1,28.498879,77.23815,LEV AC Charge point,3.3,3.3,1
UJOY,Private,Delhi,South Delhi,Delhi,G1840 Tigri Near By Air Forc Office,28.512496,77.239218,LEV AC Charge point,3.3,3.3,1
UJOY,Private,Delhi,South Delhi,Delhi,G28 Ratiya Marag Sangam Vihar,28.500598,77.246545,LEV AC Charge point,3.3,3.3,1
UJOY,Private,Delhi,South Delhi,Delhi,G-403 Near Neem Chowk Sangam Vihar,28.497396,77.24073,LEV AC Charge point,3.3,3.3,1
UJOY,Private,Delhi,South Delhi,Delhi,G405 Dakshinpuri,28.519172,77.239753,LEV AC Charge point,3.3,3.3,1
UJOY,Private,Delhi,South Delhi,Delhi,G405 Dakshnipuri,28.519271,77.239824,LEV AC Charge point,3.3,3.3,1
UJOY,Private,Delhi,South Delhi,Delhi,G-442 Sangam Vihar,28.497243,77.240721,LEV AC Charge point,3.3,3.3,1
UJOY,Private,Delhi,South Delhi,Delhi,G8 Jaitpur Part 2 Khada Calony,28.508318,77.334207,LEV AC Charge point,3.3,3.3,1
UJOY,Private,Delhi,South Delhi,Delhi,"G-8, Rajdhani School Rd, behind Mother Diary, Jaitpur Extension Part II, Khadda Colony, Jaitpur, New Delhi, Delhi 110044",28.508289,77.334211,LEV AC Charge point,3.3,3.3,1
UJOY,Private,Delhi,South Delhi,Delhi,G9/ 222 Ratiya Marg Sangam Vihar,28.507634,77.251228,LEV AC Charge point,3.3,3.3,1
UJOY,Private,Delhi,South Delhi,Delhi,Gali No 19  Shop No 5 Churiya Mohalla Tughlaqabad,28.520188,77.263908,LEV AC Charge point,3.3,3.3,1
UJOY,Private,Delhi,South Delhi,Delhi,Gali No 6 Gru Nanak Garden,28.508412,77.328654,LEV AC Charge point,3.3,3.3,1
UJOY,Private,Delhi,South Delhi,Delhi,Gali No. 3 F Block Molband Badarpur,28.48639,77.313548,LEV AC Charge point,3.3,3.3,1
UJOY,Private,Delhi,South Delhi,Delhi,Garwa Cheek Dakshinipuri,28.516094,77.23733,LEV AC Charge point,3.3,3.3,1
UJOY,Private,Delhi,South Delhi,Delhi,Godown No 731 Mb Road Lal Kua,28.504763,77.278361,LEV AC Charge point,3.3,3.3,1
UJOY,Private,Delhi,South Delhi,Delhi,Gulmohar Apparent D Bolck,28.639198,77.268679,LEV AC Charge point,3.3,3.3,1
UJOY,Private,Delhi,South Delhi,Delhi,H.N 62 Gali No-1 Neb Sarai New Delhi,28.505388,77.196736,LEV AC Charge point,3.3,3.3,1
UJOY,Private,Delhi,South Delhi,Delhi,H.No.199 Badi Chaupal Wali Gali Badarpur New Delhi 110044,28.502951,77.301989,LEV AC Charge point,3.3,3.3,1
UJOY,Private,Delhi,South Delhi,Delhi,H17/242 Near Fitness Club Sangam Vihar,28.50218,77.250174,LEV AC Charge point,3.3,3.3,1
UJOY,Private,Delhi,South Delhi,Delhi,"H-243/16 Sangam Vihar, Ratiya Marg",28.50309,77.251516,LEV AC Charge point,3.3,3.3,1
UJOY,Private,Delhi,South Delhi,Delhi,H-6/9 Malviya Nagar New Delhi-110017,28.530491,77.209839,LEV AC Charge point,3.3,3.3,1
UJOY,Private,Delhi,South Delhi,Delhi,Hari Nagar Jaitpur Road Badarpur New Delhi Near Jaitpur Thana,28.504168,77.319548,LEV AC Charge point,3.3,3.3,1
UJOY,Private,Delhi,South Delhi,Delhi,Hiuse No 230 Near Water Tank Ghitroni,28.493854,77.143548,LEV AC Charge point,3.3,3.3,1
UJOY,Private,Delhi,South Delhi,Delhi,Hn 62 Gali No 1 Neb Sarai New Delhi,28.505487,77.196798,LEV AC Charge point,3.3,3.3,1
UJOY,Private,Delhi,South Delhi,Delhi,"House 549,Gali 19,Dda Flats,Madangir",28.520852,77.228837,LEV AC Charge point,3.3,3.3,1
UJOY,Private,Delhi,South Delhi,Delhi,House No 10 A Main Road Chattarpur Gaon,28.501202,77.183269,LEV AC Charge point,3.3,3.3,1
UJOY,Private,Delhi,South Delhi,Delhi,I 2 Hari Nagar Jaitpur Near Love Kush Chok,28.505074,77.32243,LEV AC Charge point,3.3,3.3,1
UJOY,Private,Delhi,South Delhi,Delhi,I 49 Harinager Jaitpur Road Opposit Vishal Mega Mart,28.504765,77.321193,LEV AC Charge point,3.3,3.3,1
UJOY,Private,Delhi,South Delhi,Delhi,I 49 Harinager Jaitpur Road Opposite Vishal Mega Mart,28.504774,77.321126,LEV AC Charge point,3.3,3.3,1
UJOY,Private,Delhi,South Delhi,Delhi,Igno Road Freedom Fighter,28.510612,77.200558,LEV AC Charge point,3.3,3.3,1
UJOY,Private,Delhi,South Delhi,Delhi,Indian Tyre House,28.524103,77.190205,LEV AC Charge point,3.3,3.3,1
UJOY,Private,Delhi,South Delhi,Delhi,Indian Tyre House Gate No 1 328 Lado Sarai New Delhi 110030,28.523923,77.190312,LEV AC Charge point,3.3,3.3,1
UJOY,Private,Delhi,South Delhi,Delhi,"Indira Gandhi International Airport, New Delhi, Delhi, 110037",28.563933,77.075812,LEV AC Charge point,3.3,3.3,1
UJOY,Private,Delhi,South Delhi,Delhi,"Indira Gandhi International Airport, New Delhi, Delhi, 110037, Charger-2",28.563934,77.075813,LEV AC Charge point,3.3,3.3,1
UJOY,Private,Delhi,South Delhi,Delhi,"Indira Kalyan Vihar, Pocket C, Okhla Phase I, Okhla Industrial Estate, New Delhi, Delhi 110020",28.523908,77.276103,LEV AC Charge point,3.3,3.3,1
UJOY,Private,Delhi,South Delhi,Delhi,It Block Gupta Cloney Sangam Vihar,28.492878,77.245892,LEV AC Charge point,3.3,3.3,1
UJOY,Private,Delhi,South Delhi,Delhi,J-201 202 Dakshinpuri,28.518487,77.239022,LEV AC Charge point,3.3,3.3,1
UJOY,Private,Delhi,South Delhi,Delhi,Jagat Singh Margh Ghitorni New Delhi,28.492466,77.136655,LEV AC Charge point,3.3,3.3,1
UJOY,Private,Delhi,South Delhi,Delhi,Jagat Singh Margh Road Ghitoni New Delhi,28.492471,77.136669,LEV AC Charge point,3.3,3.3,1
UJOY,Private,Delhi,South Delhi,Delhi,"Jaitpur Kalindi Kunj Rd, Khadda Colony, Jaitpur, New Delhi, Delhi 110044",28.508377,77.335046,LEV AC Charge point,3.3,3.3,1
UJOY,Private,Delhi,South Delhi,Delhi,Jaitpur Khada Cloney B 6,28.508265,77.338825,LEV AC Charge point,3.3,3.3,1
UJOY,Private,Delhi,South Delhi,Delhi,"Jaitpur Rd, Molarband, Badarpur, New Delhi, Delhi 110044",28.500087,77.310724,LEV AC Charge point,3.3,3.3,1
UJOY,Private,Delhi,South Delhi,Delhi,"Jamia Millia Islamia, Jamia Nagar, Okhla, New Delhi, Delhi 110025",28.560537,77.284477,LEV AC Charge point,3.3,3.3,1
UJOY,Private,Delhi,South Delhi,Delhi,"Jamia Nagar, Okhla, New Delhi, Delhi 110025",28.562449,77.287308,LEV AC Charge point,3.3,3.3,1
UJOY,Private,Delhi,South Delhi,Delhi,"Jamia Nagar, Okhla, New Delhi, Delhi 110025",28.562475,77.287384,LEV AC Charge point,3.3,3.3,1
UJOY,Private,Delhi,South Delhi,Delhi,"Jamia Nagar, Okhla, New Delhi, Delhi 110025",28.562538,77.287392,LEV AC Charge point,3.3,3.3,1
UJOY,Private,Delhi,South Delhi,Delhi,"Jamia Nagar, Okhla, New Delhi,110025",28.562473,77.287346,LEV AC Charge point,3.3,3.3,1
UJOY,Private,Delhi,South Delhi,Delhi,"Jhangirpuri, Gujranwala Town, Delhi, 110052",28.704776,77.181167,LEV AC Charge point,3.3,3.3,1
UJOY,Private,Delhi,South Delhi,Delhi,Jhenda Colony Fatehpur Beri,28.453404,77.186182,LEV AC Charge point,3.3,3.3,1
UJOY,Private,Delhi,South Delhi,Delhi,Kh 108 Gate No 2 Freedom Fighter Enclave,28.51116,77.202203,LEV AC Charge point,3.3,3.3,1
UJOY,Private,Delhi,South Delhi,Delhi,Khasara 155 Saidulajab Ignou,28.515577,77.205164,LEV AC Charge point,3.3,3.3,1
UJOY,Private,Delhi,South Delhi,Delhi,"Khasra No 305, Dera More, Fatehpur Beri, New Delhi, Delhi 110074",28.448993,77.184282,LEV AC Charge point,3.3,3.3,1
UJOY,Private,Delhi,South Delhi,Delhi,"Khasra No. 90, Saidullajab Anupam Garden",28.513622,77.208027,LEV AC Charge point,3.3,3.3,1
UJOY,Private,Delhi,South Delhi,Delhi,"Khasra No.105, Near Gate No.1, Freedom Fighter Enclave Neb Sarai",28.51062,77.200348,LEV AC Charge point,3.3,3.3,1
UJOY,Private,Delhi,South Delhi,Delhi,Khsra No 180 /1 Shop 4 Navary  Sharay,28.508214,77.20049,LEV AC Charge point,3.3,3.3,1
UJOY,Private,Delhi,South Delhi,Delhi,"Kilokri, Maharani Bagh, Sunlight Colony, New Delhi, Delhi 110024",28.577351,77.261932,LEV AC Charge point,3.3,3.3,1
UJOY,Private,Delhi,South Delhi,Delhi,Lado Sarai,28.523356,77.195171,LEV AC Charge point,3.3,3.3,1
UJOY,Private,Delhi,South Delhi,Delhi,Lal Kuan Near Bhart Patrol Pump,28.503064,77.281133,LEV AC Charge point,3.3,3.3,1
UJOY,Private,Delhi,South Delhi,Delhi,Laxman Chamber Shop No 6  Bhogal Road Jaungpura,28.584462,77.247862,LEV AC Charge point,3.3,3.3,1
UJOY,Private,Delhi,South Delhi,Delhi,Lic Market Madangir Pashpa 1 Near Kaushik State Brt Road,28.526298,77.231116,LEV AC Charge point,3.3,3.3,1
UJOY,Private,Delhi,South Delhi,Delhi,Lohia Auto New Delhi,28.498026,77.159302,LEV AC Charge point,3.3,3.3,1
UJOY,Private,Delhi,South Delhi,Delhi,Lsc Market Madangir Pushpa 1 Near Kaushik State Brt Road,28.526465,77.231007,LEV AC Charge point,3.3,3.3,1
UJOY,Private,Delhi,South Delhi,Delhi,M13 Lajpat Part 2 Delhi,28.569094,77.247665,LEV AC Charge point,3.3,3.3,1
UJOY,Private,Delhi,South Delhi,Delhi,"Madan Lal Baswal Rd, Pocket B, Okhla Phase I, Saidabad, New Delhi, Delhi 110020",28.526806,77.274521,LEV AC Charge point,3.3,3.3,1
UJOY,Private,Delhi,South Delhi,Delhi,Mahashaya Farm Main Road Jounapur,28.471454,77.156156,LEV AC Charge point,3.3,3.3,1
UJOY,Private,Delhi,South Delhi,Delhi,"Main Chhatarpur Rd, Block A1, Chhatarpur, New Delhi, Delhi 110074",28.497087,77.1849,LEV AC Charge point,3.3,3.3,1
UJOY,Private,Delhi,South Delhi,Delhi,Masoodpur Market Ops Vasant Kunj,28.523568,77.155642,LEV AC Charge point,3.3,3.3,1
UJOY,Private,Delhi,South Delhi,Delhi,Mb Road Phalad Pur New Indain Oil Pump,28.501876,77.289172,LEV AC Charge point,3.3,3.3,1
UJOY,Private,Delhi,South Delhi,Delhi,"Metha Towers, Dharam Marg, B1 Market, Pocket B 1, B 1 Block, Janakpuri, Delhi, 110058",28.629953,77.09085,LEV AC Charge point,3.3,3.3,1
UJOY,Private,Delhi,South Delhi,Delhi,Mitepur Tanki Road Sakti Vihar Gali No 6,28.500223,77.32153,LEV AC Charge point,3.3,3.3,1
UJOY,Private,Delhi,South Delhi,Delhi,Mithepur Tanki Raod  Sakti Vihar Gali No 06,28.500249,77.321532,LEV AC Charge point,3.3,3.3,1
UJOY,Private,Delhi,South Delhi,Delhi,"National Aquatech Solution G-2Nd Gali No.18 Near National Building Material Suppliers Tiranga Chowk
Sangam Vihar New Delhi-110080",28.499538,77.247887,LEV AC Charge point,3.3,3.3,1
UJOY,Private,Delhi,South Delhi,Delhi,Ncr,28.5184,77.1993,Type-II AC,7.4,7.4,1
UJOY,Private,Delhi,South Delhi,Delhi,Near Baand Shop No 593 Devli,28.499962,77.23281,LEV AC Charge point,3.3,3.3,1
UJOY,Private,Delhi,South Delhi,Delhi,Near Mother Dairy Nizamuddin Railway Station,28.588216,77.255175,LEV AC Charge point,3.3,3.3,1
UJOY,Private,Delhi,South Delhi,Delhi,Near Saket Metro Station,28.520278,77.202881,LEV AC Charge point,3.3,3.3,1
UJOY,Private,Delhi,South Delhi,Delhi,New Auto Class B105 Lajpat Nager Part 1 Car Market New Delhi,28.574737,77.239005,LEV AC Charge point,3.3,3.3,1
UJOY,Private,Delhi,South Delhi,Delhi,Okhla,28.548987,77.267409,LEV AC Charge point,3.3,3.3,1
UJOY,Private,Delhi,South Delhi,Delhi,"Okhla Head Rd, Jamia Nagar, Okhla, New Delhi, Delhi 110025",28.562475,77.28728,LEV AC Charge point,3.3,3.3,1
UJOY,Private,Delhi,South Delhi,Delhi,Okhla Phase 1,28.525985,77.28234,LEV AC Charge point,3.3,3.3,1
UJOY,Private,Delhi,South Delhi,Delhi,Okhla Phase 2,28.536553,77.275818,LEV AC Charge point,3.3,3.3,1
UJOY,Private,Delhi,South Delhi,Delhi,Okhla Phase 2 X 64,28.536557,77.275825,LEV AC Charge point,3.3,3.3,1
UJOY,Private,Delhi,South Delhi,Delhi,Okhla Phase 3 E139,28.549723,77.271855,LEV AC Charge point,3.3,3.3,1
UJOY,Private,Delhi,South Delhi,Delhi,Opp Govt School Asola Fatehpur Beri,28.458814,77.184618,LEV AC Charge point,3.3,3.3,1
UJOY,Private,Delhi,South Delhi,Delhi,Opp. Honda Showroom,28.479031,77.128129,LEV AC Charge point,3.3,3.3,1
UJOY,Private,Delhi,South Delhi,Delhi,"Phase 5 Near Durga Departmental Store, Transformer Wali Gali Aya Nagar",28.473626,77.124101,LEV AC Charge point,3.3,3.3,1
UJOY,Private,Delhi,South Delhi,Delhi,Plot No .1 Block No 8 Dakshinpuri Extension,28.526482,77.235935,LEV AC Charge point,3.3,3.3,1
UJOY,Private,Delhi,South Delhi,Delhi,Plot No 550 Gali Ni D18 Chatter Pur,28.507854,77.185119,LEV AC Charge point,3.3,3.3,1
UJOY,Private,Delhi,South Delhi,Delhi,Plot No 550 Gali No D18 Chattarpur,28.50773,77.184758,LEV AC Charge point,3.3,3.3,1
UJOY,Private,Delhi,South Delhi,Delhi,"Pocket 5, Sector D, Vasant Kunj, New Delhi, Delhi 110070",28.522981,77.156736,LEV AC Charge point,3.3,3.3,1
UJOY,Private,Delhi,South Delhi,Delhi,"Pocket D 2A, Nangal Raya, Janakpuri, New Delhi, Delhi 110045",28.607048,77.108787,LEV AC Charge point,3.3,3.3,1
UJOY,Private,Delhi,South Delhi,Delhi,"Polytechnic Rd, Block A, Taimoor Nagar, New Friends Colony, New Delhi, Delhi 110065",28.572365,77.268861,LEV AC Charge point,3.3,3.3,1
UJOY,Private,Delhi,South Delhi,Delhi,Prahlad Pur,28.501225,77.290681,LEV AC Charge point,3.3,3.3,1
UJOY,Private,Delhi,South Delhi,Delhi,"Pushpanjali, Karkardooma, Anand Vihar, Delhi, 110092",28.65286,77.307647,LEV AC Charge point,3.3,3.3,1
UJOY,Private,Delhi,South Delhi,Delhi,"Ratiya Marg, Block F 3, Sangam Vihar, New Delhi, Delhi 110044",28.498247,77.245606,LEV AC Charge point,3.3,3.3,1
UJOY,Private,Delhi,South Delhi,Delhi,Rz 1912 Gali No 25 Tughlakabad Extension,28.521143,77.255711,LEV AC Charge point,3.3,3.3,1
UJOY,Private,Delhi,South Delhi,Delhi,Rz 59 Vishwakarma Colony M B Road,28.501962,77.287086,LEV AC Charge point,3.3,3.3,1
UJOY,Private,Delhi,South Delhi,Delhi,Rz_421 Main Road Tughlakabad Extension Delhi,28.523511,77.261832,LEV AC Charge point,3.3,3.3,1
UJOY,Private,Delhi,South Delhi,Delhi,Rz421 Main Road Gali No.13 Tughlaqabad Extension,28.523604,77.261929,LEV AC Charge point,3.3,3.3,1
UJOY,Private,Delhi,South Delhi,Delhi,Rz450 Gali No 13 Tughlakabad Extension New Delhi,28.523671,77.261991,LEV AC Charge point,3.3,3.3,1
UJOY,Private,Delhi,South Delhi,Delhi,Saidulajaib Opp Vidya Niketan School Mb Road Saket,28.520267,77.202802,LEV AC Charge point,3.3,3.3,1
UJOY,Private,Delhi,South Delhi,Delhi,Sainik Fsarm W13 193 B,28.503236,77.214033,LEV AC Charge point,3.3,3.3,1
UJOY,Private,Delhi,South Delhi,Delhi,"Saiyad Ul Ajaib Extension, Sainik Farm, New Delhi, Delhi 110030",28.51837,77.199349,LEV AC Charge point,3.3,3.3,1
UJOY,Private,Delhi,South Delhi,Delhi,Saket K Block Gate No. 3,28.522091,77.211161,LEV AC Charge point,3.3,3.3,1
UJOY,Private,Delhi,South Delhi,Delhi,Samosa Chowk Madanpur Khader Jj Clony,28.532615,77.311403,LEV AC Charge point,3.3,3.3,1
UJOY,Private,Delhi,South Delhi,Delhi,Sangam Vihar,28.509482,77.249415,LEV AC Charge point,3.3,3.3,1
UJOY,Private,Delhi,South Delhi,Delhi,Sangamon Vihar,28.502177,77.250068,LEV AC Charge point,3.3,3.3,1
UJOY,Private,Delhi,South Delhi,Delhi,"Sanjay Colony Ii, Sanjay Colony, Okhla Phase Ii, Okhla Industrial Estate, New Delhi, Delhi 110020",28.541389,77.27566,LEV AC Charge point,3.3,3.3,1
UJOY,Private,Delhi,South Delhi,Delhi,"Sarai Jullena, New Friends Colony, New Delhi, Delhi 110065",28.560833,77.271163,LEV AC Charge point,3.3,3.3,1
UJOY,Private,Delhi,South Delhi,Delhi,Sh No 10Mane Market Nehru Nagar,28.570004,77.25384,LEV AC Charge point,3.3,3.3,1
UJOY,Private,Delhi,South Delhi,Delhi,Sh No10 Mane Markit Nehru Nagar,28.569979,77.253799,LEV AC Charge point,3.3,3.3,1
UJOY,Private,Delhi,South Delhi,Delhi,Shop 10A Suraj Kund Road Phaladpur,28.50041,77.290442,LEV AC Charge point,3.3,3.3,1
UJOY,Private,Delhi,South Delhi,Delhi,Shop 45 Malviya Nagar Corner Market,28.539525,77.212861,LEV AC Charge point,3.3,3.3,1
UJOY,Private,Delhi,South Delhi,Delhi,Shop 45Malviya Nagar Corner Market,28.539849,77.213206,LEV AC Charge point,3.3,3.3,1
UJOY,Private,Delhi,South Delhi,Delhi,Shop 55 Dda Market Near Ambedkar Park Tigri,28.512634,77.23777,LEV AC Charge point,3.3,3.3,1
UJOY,Private,Delhi,South Delhi,Delhi,Shop No 1 Apna Bazar Neheru Nagar Delhi,28.571223,77.254357,LEV AC Charge point,3.3,3.3,1
UJOY,Private,Delhi,South Delhi,Delhi,Shop No 1 Apna Bazar Nehru Nagar Delhi,28.571404,77.25447,LEV AC Charge point,3.3,3.3,1
UJOY,Private,Delhi,South Delhi,Delhi,Shop No 1 Meethapur Village Near Primery School,28.498619,77.31639,LEV AC Charge point,3.3,3.3,1
UJOY,Private,Delhi,South Delhi,Delhi,Shop No 19 Corner Markit Malviya Nagar,28.538192,77.213654,LEV AC Charge point,3.3,3.3,1
UJOY,Private,Delhi,South Delhi,Delhi,Shop No 192 Sahimanider Harinager Part 2,28.503801,77.316018,LEV AC Charge point,3.3,3.3,1
UJOY,Private,Delhi,South Delhi,Delhi,Shop No 1And2 Gali No 7 Hari Nager Part 2,28.50399,77.316003,LEV AC Charge point,3.3,3.3,1
UJOY,Private,Delhi,South Delhi,Delhi,Shop No 2 Pul Pehaldpur,28.501761,77.288971,LEV AC Charge point,3.3,3.3,1
UJOY,Private,Delhi,South Delhi,Delhi,Shop No 21 Indra Virat Market,28.523018,77.235691,LEV AC Charge point,3.3,3.3,1
UJOY,Private,Delhi,South Delhi,Delhi,Shop No 3 Opposite Metro Pillar No 203 Mg Road,28.47883,77.120923,LEV AC Charge point,3.3,3.3,1
UJOY,Private,Delhi,South Delhi,Delhi,Shop No 4 I Block Main Tanki Road,28.500378,77.321836,LEV AC Charge point,3.3,3.3,1
UJOY,Private,Delhi,South Delhi,Delhi,Shop No 4 I Block Main Tanki Road Near Kaniska Garden,28.500397,77.321796,LEV AC Charge point,3.3,3.3,1
UJOY,Private,Delhi,South Delhi,Delhi,Shop No 6 Laxmi Market Mandgir Near Khanour Red Light,28.516404,77.226985,LEV AC Charge point,3.3,3.3,1
UJOY,Private,Delhi,South Delhi,Delhi,Shop No 7-8 Basist Complex Mb Road Khanpur,28.5148,77.229591,LEV AC Charge point,3.3,3.3,1
UJOY,Private,Delhi,South Delhi,Delhi,Shop No. 3 Gali No.8 Mai Ratiya Marg Sangam Vihar,28.509389,77.249417,LEV AC Charge point,3.3,3.3,1
UJOY,Private,Delhi,South Delhi,Delhi,Shop No. 3 Ratiyya Marg Gali No. 8 Sangam Vihar,28.509435,77.249437,LEV AC Charge point,3.3,3.3,1
UJOY,Private,Delhi,South Delhi,Delhi,"Shop No. 83, Ramesh Motor Works, Dda Auto Comolex, Opposite Dcwa Hospital",28.556311,77.237229,LEV AC Charge point,3.3,3.3,1
UJOY,Private,Delhi,South Delhi,Delhi,Shop No.4 Okhla Ahead,28.562505,77.291239,LEV AC Charge point,3.3,3.3,1
UJOY,Private,Delhi,South Delhi,Delhi,Shop No.54 55 D.D.A Central Market Dakshinpuri Near J Block,28.51773,77.238029,LEV AC Charge point,3.3,3.3,1
UJOY,Private,Delhi,South Delhi,Delhi,Sindhu Faram Road Gali  No 12,28.488295,77.318546,LEV AC Charge point,3.3,3.3,1
UJOY,Private,Delhi,South Delhi,Delhi,Sindhu Faram Road Gali No 12,28.488957,77.318728,LEV AC Charge point,3.3,3.3,1
UJOY,Private,Delhi,South Delhi,Delhi,Stall No1 Dsidc Shed Okhla Phase I,28.5261,77.282451,LEV AC Charge point,3.3,3.3,1
UJOY,Private,Delhi,South Delhi,Delhi,Subhs Khand 193 Kalakali,28.538891,77.262748,LEV AC Charge point,3.3,3.3,1
UJOY,Private,Delhi,South Delhi,Delhi,"Suraj Kund Badkhal Rd, Block G, Vishwakarma Colony, Pul Pehlad Pur, Faridabad, New Delhi, Delhi 110044",28.501184,77.290713,LEV AC Charge point,3.3,3.3,1
UJOY,Private,Delhi,South Delhi,Delhi,Suraj Kund Chamwood Village,28.496189,77.287741,LEV AC Charge point,3.3,3.3,1
UJOY,Private,Delhi,South Delhi,Delhi,Suraj Kund Road,28.500456,77.290362,LEV AC Charge point,3.3,3.3,1
UJOY,Private,Delhi,South Delhi,Delhi,Surajkund Road Pulpalpur,28.5011,77.289728,LEV AC Charge point,3.3,3.3,1
UJOY,Private,Delhi,South Delhi,Delhi,T 370 F Chirag Delhi Near Bhagat Singh College,28.535955,77.228387,LEV AC Charge point,3.3,3.3,1
UJOY,Private,Delhi,South Delhi,Delhi,"T Block, Near Daler Mahndi Farmhouse, Nihal Vihar, New Delhi, Delhi 110041",28.658061,77.065414,LEV AC Charge point,3.3,3.3,1
UJOY,Private,Delhi,South Delhi,Delhi,"Ta-327, Tughlakabad Extension, Okhla Main Road. New Delhi 110019.",28.52581,77.260321,LEV AC Charge point,3.3,3.3,1
UJOY,Private,Delhi,South Delhi,Delhi,Tigri,28.513163,77.235242,LEV AC Charge point,3.3,3.3,1
UJOY,Private,Delhi,South Delhi,Delhi,"Tikona Park Rd, Jamia Nagar, Okhla, New Delhi, Delhi 110025",28.56242,77.287309,LEV AC Charge point,3.3,3.3,1
UJOY,Private,Delhi,South Delhi,Delhi,"Tikona Park Rd, Jamia Nagar, Okhla, New Delhi, Delhi 110025",28.562436,77.287389,LEV AC Charge point,3.3,3.3,1
UJOY,Private,Delhi,South Delhi,Delhi,"Tikona Park Rd, Jamia Nagar, Okhla, New Delhi,110025",28.562391,77.287346,LEV AC Charge point,3.3,3.3,1
UJOY,Private,Delhi,South Delhi,Delhi,"Tikona Park, Jamia Nagar, Okhla, New Delhi, Delhi 110025",28.562428,77.287323,LEV AC Charge point,3.3,3.3,1
UJOY,Private,Delhi,South Delhi,Delhi,"Vasant Kunj Rd, Pocket 5, Sector D, Vasant Kunj, New Delhi, Delhi 110067",28.522999,77.156897,LEV AC Charge point,3.3,3.3,1
UJOY,Private,Delhi,South Delhi,Delhi,Z17 Manav Kalyan Camp  Okhla Phase 2,28.539572,77.278897,LEV AC Charge point,3.3,3.3,1
UJOY,Private,Delhi,South Delhi,Delhi,"Zakir Nagar Main Rd, Block C, Joga Bai Extension, Okhla, New Delhi, Delhi 110025",28.566029,77.284478,LEV AC Charge point,3.3,3.3,1
UJOY,Private,Delhi,South Delhi,Delhi,Zypp Electric Mohan Estate Station,28.528999,77.292476,LEV AC Charge point,3.3,3.3,1
UJOY,Private,Delhi,South Delhi,Delhi,Zypp Electric Mohan Estate Station 2,28.52919,77.292559,LEV AC Charge point,3.3,3.3,1
UJOY,Private,Delhi,South Delhi,Delhi,Zypp Electric Mohan Estate Station 3,28.529026,77.29255,LEV AC Charge point,3.3,3.3,1
"BSES
Yamuna",Govt.,Delhi,Shahdara,Delhi,"Corporate Annexe Building, Cbd-Iii, Karkardooma",28.6614,77.298,Type-II AC,22.0,22,1
"BSES
Yamuna",Govt.,Delhi,Shahdara,Delhi,Khosla Capital Solutions (P) Ltd,28.6573,77.3024,Bharat DC-001,15.0,15,1
"BSES
Yamuna",Govt.,Delhi,Shahdara,Delhi,Khosla Capital Solutions (P) Ltd,28.6573,77.3024,Type-II AC,22.0,22,1
HPCL,Govt.,Delhi,Shahdara,Delhi,Delhi,28.5674,77.22494,CCS-II,60.0,60,1
IOCL,Govt.,Delhi,Shahdara,Delhi,G.T Road Shahdara Delhi-95,28.676517,77.31425,LEV AC Charge point,3.3,3.3,1
KAZAM,Private,Delhi,Shahdara,Delhi,"357,Gurudwara Road,Dilshad Garden,Delhi,Delhi,110095",28.68353,77.325886,LEV AC Charge point,3.3,3.3,1
KAZAM,Private,Delhi,Shahdara,Delhi,"641,Loni Road,Shahdara,Delhi,Delhi,110032",28.677409,77.292394,LEV AC Charge point,3.3,3.3,1
KAZAM,Private,Delhi,Shahdara,Delhi,"C/81,Gali Number 16,Shahdara,Delhi,Delhi,110032",28.664272,77.287153,LEV AC Charge point,3.3,3.3,1
KAZAM,Private,Delhi,Shahdara,Delhi,"Krishna Nagar,New Delhi,Delhi,110051",28.654834,77.291832,LEV AC Charge point,3.3,3.3,1
KAZAM,Private,Delhi,Shahdara,Delhi,"Shahdara,Delhi,Delhi,110032",28.682401,77.280846,LEV AC Charge point,3.3,3.3,1
KAZAM,Private,Delhi,Shahdara,Delhi,"Shahdara,Delhi,Delhi,110053",28.701323,77.269806,LEV AC Charge point,3.3,3.3,1
KAZAM,Private,Delhi,Shahdara,Delhi,"Vivek Vihar,Delhi,Uttar Pradesh,110095",28.666872,77.320232,LEV AC Charge point,3.3,3.3,1
OLA,Private,Delhi,Shahdara,Delhi,"Rd No 75Bvikas Marg Extn,Shahdara",28.65808,77.31086,LEV DC Charge Point (IS-17017-2-6),7.0,7,1
UJOY,Private,Delhi,Shahdara,Delhi,1/11835 Panchsheel Garden Naveen Shahdara,28.676484,77.282354,LEV AC Charge point,3.3,3.3,1
UJOY,Private,Delhi,Shahdara,Delhi,"1/132 & 1/134, Karkari Road, Vishwas Nagar, Shahdara",28.665427,77.294121,LEV AC Charge point,3.3,3.3,1
UJOY,Private,Delhi,Shahdara,Delhi,1/5928 Loni Road Kabool Nagar,28.676529,77.292133,LEV AC Charge point,3.3,3.3,1
UJOY,Private,Delhi,Shahdara,Delhi,10/114 Subhash Gali  60 Feeta  Road Vishwas Nagar Shahdra  Delhi 110032,28.667363,77.299154,LEV AC Charge point,3.3,3.3,1
UJOY,Private,Delhi,Shahdara,Delhi,10/114 Subhash Gali  60 Feeta Road Vishwas Nagar Shahdra Delhi  110032,28.667385,77.299186,LEV AC Charge point,3.3,3.3,1
UJOY,Private,Delhi,Shahdara,Delhi,10/114 Subhash Gali 60 Feet Road Vishwas Nagar Shahdra Delhi 110032,28.667333,77.299181,LEV AC Charge point,3.3,3.3,1
UJOY,Private,Delhi,Shahdara,Delhi,10/114 Subhash Gali 60 Feeta Road Vishwas Nagar Shahdra Delhi 110032,28.66736,77.299137,LEV AC Charge point,3.3,3.3,1
UJOY,Private,Delhi,Shahdara,Delhi,10B East Azad Nagar Metro Pillar No 95,28.663507,77.285411,LEV AC Charge point,3.3,3.3,1
UJOY,Private,Delhi,Shahdara,Delhi,1107 Main Service Road Bt 3Rd Pusta,28.688531,77.254331,LEV AC Charge point,3.3,3.3,1
UJOY,Private,Delhi,Shahdara,Delhi,1107 Main Service Road Bt 3Rd Pusta Kartar Nagar,28.688602,77.254287,LEV AC Charge point,3.3,3.3,1
UJOY,Private,Delhi,Shahdara,Delhi,12A/52A Road No.66 Near Crispers Food Maujur Delhi 110053,28.684667,77.275296,LEV AC Charge point,3.3,3.3,1
UJOY,Private,Delhi,Shahdara,Delhi,19/114 Subhash Gali 60 Feeta Road Vishwas Nagar Shahdra Delhi 110032,28.66738,77.29916,LEV AC Charge point,3.3,3.3,1
UJOY,Private,Delhi,Shahdara,Delhi,"217, Main Chhatarpur Rd",28.68447,77.327312,LEV AC Charge point,3.3,3.3,1
UJOY,Private,Delhi,Shahdara,Delhi,3 Rd Pusta Usmanpur Parsadi Mohalla,28.685873,77.254866,LEV AC Charge point,3.3,3.3,1
UJOY,Private,Delhi,Shahdara,Delhi,"3.5 Pustha ,New Usmanpur Near Usmani Masjid",28.688564,77.254215,LEV AC Charge point,3.3,3.3,1
UJOY,Private,Delhi,Shahdara,Delhi,"3.5 Pustha ,New Usmanpur,Near Usmani Masjit",28.688576,77.254209,LEV AC Charge point,3.3,3.3,1
UJOY,Private,Delhi,Shahdara,Delhi,383 10 B East Azad Nagar Metro Piller 95,28.66351,77.285401,LEV AC Charge point,3.3,3.3,1
UJOY,Private,Delhi,Shahdara,Delhi,"43A Rashid Market Bhagat Singh Road, Charger-1",28.648928,77.281513,LEV AC Charge point,3.3,3.3,1
UJOY,Private,Delhi,Shahdara,Delhi,"43A Rashid Market Bhagat Singh Road, Charger-2",28.64878,77.281573,LEV AC Charge point,3.3,3.3,1
UJOY,Private,Delhi,Shahdara,Delhi,447 Brhampuri Main Road Ghonda,28.688452,77.269933,LEV AC Charge point,3.3,3.3,1
UJOY,Private,Delhi,Shahdara,Delhi,462 E East Babarpur Durga Gali,28.686542,77.286464,LEV AC Charge point,3.3,3.3,1
UJOY,Private,Delhi,Shahdara,Delhi,483 Dilshad District Center Old Seemapuri Road Delhi India,28.677955,77.327033,LEV AC Charge point,3.3,3.3,1
UJOY,Private,Delhi,Shahdara,Delhi,483 Dilshad District Center Old Seemapuri Road Delhi India,28.678674,77.326898,LEV AC Charge point,3.3,3.3,1
UJOY,Private,Delhi,Shahdara,Delhi,483. Dilshad District Center Old Seemapuri Road Delhi India,28.678214,77.327147,LEV AC Charge point,3.3,3.3,1
UJOY,Private,Delhi,Shahdara,Delhi,4Th Pusta Khajuri,28.692426,77.254801,LEV AC Charge point,3.3,3.3,1
UJOY,Private,Delhi,Shahdara,Delhi,555/1 Karkari Road Viswash Nagar,28.666262,77.293663,LEV AC Charge point,3.3,3.3,1
UJOY,Private,Delhi,Shahdara,Delhi,"557 A, G. T. Road ,Shahdara,Delhi-110032",28.676121,77.29547,LEV AC Charge point,3.3,3.3,1
UJOY,Private,Delhi,Shahdara,Delhi,559 Main Patpar Ganj Road Jheel Khuranja,28.656904,77.275681,LEV AC Charge point,3.3,3.3,1
UJOY,Private,Delhi,Shahdara,Delhi,67 Radhey Shyam Park Parwana Road Delhi,28.646708,77.287155,LEV AC Charge point,3.3,3.3,1
UJOY,Private,Delhi,Shahdara,Delhi,7/333A Jwala Nagar Shahdara East Delhi,28.669562,77.298558,LEV AC Charge point,3.3,3.3,1
UJOY,Private,Delhi,Shahdara,Delhi,98/1 Circular Road Sahadara,28.670801,77.294727,LEV AC Charge point,3.3,3.3,1
UJOY,Private,Delhi,Shahdara,Delhi,99 Main Road Babar Pur Chopalar Sdra Delhi,28.68713,77.281101,LEV AC Charge point,3.3,3.3,1
UJOY,Private,Delhi,Shahdara,Delhi,A 80 Radhey Puri In Frant Radhey Puri Bus Stand,28.654797,77.29174,LEV AC Charge point,3.3,3.3,1
UJOY,Private,Delhi,Shahdara,Delhi,A1240 Main Services Road Nand Nagri,28.69432,77.307816,LEV AC Charge point,3.3,3.3,1
UJOY,Private,Delhi,Shahdara,Delhi,A-15 1St And 2 Nd Pusta New Usmanpur Main Service Road Delhi,28.682383,77.255727,LEV AC Charge point,3.3,3.3,1
UJOY,Private,Delhi,Shahdara,Delhi,A3 Kaithwaea Gali No 1 Near  Zero Pusta,28.677646,77.256938,LEV AC Charge point,3.3,3.3,1
UJOY,Private,Delhi,Shahdara,Delhi,A3 Kaithwaea Gali No 1 Near Zero Pusta,28.677557,77.2569,LEV AC Charge point,3.3,3.3,1
UJOY,Private,Delhi,Shahdara,Delhi,"A−32/33, Main Road, Sombazaar, 4½ Pusta, Gamri Extension",28.694309,77.254974,LEV AC Charge point,3.3,3.3,1
UJOY,Private,Delhi,Shahdara,Delhi,"A-499, 1 Pushta Gali Number 1 Cathwada New Usmanpur",28.680784,77.256601,LEV AC Charge point,3.3,3.3,1
UJOY,Private,Delhi,Shahdara,Delhi,A6/47 Bhajanpura Pushta Road Near Khajuri Red Light,28.703196,77.256249,LEV AC Charge point,3.3,3.3,1
UJOY,Private,Delhi,Shahdara,Delhi,A-80 Radhey Puri Near Nirankari Bhawan,28.65478,77.291715,LEV AC Charge point,3.3,3.3,1
UJOY,Private,Delhi,North East Delhi,Delhi,"Ambedkar Nagar, Johripur, Delhi",28.723812,77.28917,LEV AC Charge point,3.3,3.3,1
UJOY,Private,Delhi,Shahdara,Delhi,Aggarwal  Auto Parts  D-247  Dilshad Garden  110095,28.679479,77.31809,LEV AC Charge point,3.3,3.3,1
UJOY,Private,Delhi,Shahdara,Delhi,Aggarwal Auto Parts D-247 Dilshad Garden  Delhi  110095,28.679547,77.318213,LEV AC Charge point,3.3,3.3,1
UJOY,Private,Delhi,Shahdara,Delhi,Apex Graphics 12A/52A Road No 66 Near Crispers Food Maujpur Delhi 110053,28.684676,77.27531,LEV AC Charge point,3.3,3.3,1
UJOY,Private,Delhi,Shahdara,Delhi,B 11/ 2 East Krishna Nagar Near Kfc,28.65953,77.288471,LEV AC Charge point,3.3,3.3,1
UJOY,Private,Delhi,Shahdara,Delhi,"B 60, Dda Colony, New Jafrabad,Delhi",28.684476,77.2797,LEV AC Charge point,3.3,3.3,1
UJOY,Private,Delhi,Shahdara,Delhi,B 70/4 Gali No 7 Shastri Park Gas Godam,28.670378,77.25982,LEV AC Charge point,3.3,3.3,1
UJOY,Private,Delhi,Shahdara,Delhi,B-19 East Krishna Nagar,28.660163,77.288055,LEV AC Charge point,3.3,3.3,1
UJOY,Private,Delhi,Shahdara,Delhi,B3 Main Wazirabad Road Bhajan Pura Delhi,28.703548,77.260909,LEV AC Charge point,3.3,3.3,1
UJOY,Private,Delhi,Shahdara,Delhi,B-30/4A Jhilmil Industrial Area,28.672999,77.312653,LEV AC Charge point,3.3,3.3,1
UJOY,Private,Delhi,Shahdara,Delhi,B5 Shop No 13 Near Mother Dairy Yamuna Vihar,28.700423,77.269736,LEV AC Charge point,3.3,3.3,1
UJOY,Private,Delhi,Shahdara,Delhi,"B60, Dda Colony, New Jafrabad Delhi",28.684469,77.279587,LEV AC Charge point,3.3,3.3,1
UJOY,Private,Delhi,Shahdara,Delhi,"Baldev Park Parwana Rd, Charger-1",28.646838,77.288978,LEV AC Charge point,3.3,3.3,1
UJOY,Private,Delhi,Shahdara,Delhi,"Baldev Park Parwana Rd, Charger-2",28.646789,77.288972,LEV AC Charge point,3.3,3.3,1
UJOY,Private,Delhi,Shahdara,Delhi,Bhajanpur A Garhi Mendu Gali No 5 Near 5 Pusta,28.69992,77.255758,LEV AC Charge point,3.3,3.3,1
UJOY,Private,Delhi,Shahdara,Delhi,Bhajanpura Road Delhi,28.7035,77.260853,LEV AC Charge point,3.3,3.3,1
UJOY,Private,Delhi,Shahdara,Delhi,"Bhola Nath Nagar, Block R, Shahdara, Delhi, 110032",28.670143,77.285231,LEV AC Charge point,3.3,3.3,1
UJOY,Private,Delhi,Shahdara,Delhi,"Brahampuri Rd, Ghonda Patti Chauhan, Ghonda, Shahdara, Delhi, 110053",28.688384,77.269789,LEV AC Charge point,3.3,3.3,1
UJOY,Private,Delhi,Shahdara,Delhi,"C- 196 , Gali No -7 Bhajanpur Delhi",28.700702,77.264106,LEV AC Charge point,3.3,3.3,1
UJOY,Private,Delhi,Shahdara,Delhi,"C- 196, Gali No 7 Bhajanpura Delhi",28.700704,77.264114,LEV AC Charge point,3.3,3.3,1
UJOY,Private,Delhi,Shahdara,Delhi,"C 85, Gali No 2 Main Gamri Road",28.69498,77.261042,LEV AC Charge point,3.3,3.3,1
UJOY,Private,Delhi,Shahdara,Delhi,C. 46 Thana Road Bhajan Pura,28.70262,77.26526,LEV AC Charge point,3.3,3.3,1
UJOY,Private,Delhi,Shahdara,Delhi,C/475 Gali No 9,28.695428,77.299472,LEV AC Charge point,3.3,3.3,1
UJOY,Private,Delhi,Shahdara,Delhi,C-1/1 Golden Park Shiv Main Road Extn,28.6537,77.279664,LEV AC Charge point,3.3,3.3,1
UJOY,Private,Delhi,Shahdara,Delhi,"C-196,Gali No-7, Bhajanpura",28.70071,77.264136,LEV AC Charge point,3.3,3.3,1
UJOY,Private,Delhi,Shahdara,Delhi,C7139 Yamuna Vihar,28.698172,77.277018,LEV AC Charge point,3.3,3.3,1
UJOY,Private,Delhi,Shahdara,Delhi,C-81 Radhey Shyam Park Gali No 4,28.643865,77.285193,LEV AC Charge point,3.3,3.3,1
UJOY,Private,Delhi,Shahdara,Delhi,Chandshekher Aajab Gali Baber Our,28.687249,77.279393,LEV AC Charge point,3.3,3.3,1
UJOY,Private,Delhi,Shahdara,Delhi,Chandshekher Aajad Gali Barber Pur,28.687211,77.279388,LEV AC Charge point,3.3,3.3,1
UJOY,Private,Delhi,Shahdara,Delhi,D 165 Street Number 6 Sanjay Mohalla Bhajanpura,28.698464,77.26442,LEV AC Charge point,3.3,3.3,1
UJOY,Private,Delhi,Shahdara,Delhi,D 596 Street No 9 Near Laxmi Dairy Bhajanpura,28.697573,77.261876,LEV AC Charge point,3.3,3.3,1
UJOY,Private,Delhi,Shahdara,Delhi,D-10 Street No 10 Gamdi Ex..,28.698588,77.255907,LEV AC Charge point,3.3,3.3,1
UJOY,Private,Delhi,Shahdara,Delhi,D-10 Street No.10 Gamdi Ex.,28.698576,77.255945,LEV AC Charge point,3.3,3.3,1
UJOY,Private,Delhi,Shahdara,Delhi,"D20 Main Road , Madhuban Mohalla , North Ghonda Delhi",28.690445,77.270106,LEV AC Charge point,3.3,3.3,1
UJOY,Private,Delhi,Shahdara,Delhi,Dilshad Garden Near Cng Pump Tahirpur,28.686315,77.318555,LEV AC Charge point,3.3,3.3,1
UJOY,Private,Delhi,Shahdara,Delhi,E 28 Main Road 3Rd Puste Usmanpur Delhi,28.686804,77.254628,LEV AC Charge point,3.3,3.3,1
UJOY,Private,Delhi,Shahdara,Delhi,E11/A162Shastri Park Delhi 53,28.672484,77.255283,LEV AC Charge point,3.3,3.3,1
UJOY,Private,Delhi,Shahdara,Delhi,E11/A162Shastri Park Near Petrol Pump Delhi 53,28.672551,77.254832,LEV AC Charge point,3.3,3.3,1
UJOY,Private,Delhi,Shahdara,Delhi,E6 Kirshana Nagar Near Gyan Deep Siksha Niketan Delhi,28.662183,77.281931,LEV AC Charge point,3.3,3.3,1
UJOY,Private,Delhi,Shahdara,Delhi,"East Ram Nagar, Ram Nagar, Shahdara, Delhi, 110032",28.679971,77.298292,LEV AC Charge point,3.3,3.3,1
UJOY,Private,Delhi,Shahdara,Delhi,Ghonda Chok Delhi 110053,28.689809,77.269907,LEV AC Charge point,3.3,3.3,1
UJOY,Private,Delhi,Shahdara,Delhi,"Govindpura Marg, New Govindpura, Krishna Nagar, New Delhi, Delhi, 110051",28.648022,77.279313,LEV AC Charge point,3.3,3.3,1
UJOY,Private,Delhi,Shahdara,Delhi,H 97 Jagat Puri Delhi,28.648152,77.290021,LEV AC Charge point,3.3,3.3,1
UJOY,Private,Delhi,Shahdara,Delhi,"H. No. 830, St. No. 30, Indra Chowk, Jafrabad",28.680454,77.271505,LEV AC Charge point,3.3,3.3,1
UJOY,Private,Delhi,Shahdara,Delhi,"H.No.110,Gali No.1, Main Service Road Opp.Crpf Camp,Vill Biharipur",28.714251,77.257779,LEV AC Charge point,3.3,3.3,1
UJOY,Private,Delhi,Shahdara,Delhi,House No 116 Ghonda,28.689038,77.270266,LEV AC Charge point,3.3,3.3,1
UJOY,Private,Delhi,Shahdara,Delhi,"J, 5 Ground Floor Service Road Kartar Nagar",28.690988,77.254652,LEV AC Charge point,3.3,3.3,1
UJOY,Private,Delhi,Shahdara,Delhi,"J-201,Kartar Nagar, Gali No-4, 4Th Pusta , Shastri Park, Delhi-110053",28.691839,77.258463,LEV AC Charge point,3.3,3.3,1
UJOY,Private,Delhi,Shahdara,Delhi,J-6 Pal Chowk M.S Park Delhi 110032,28.680075,77.298006,LEV AC Charge point,3.3,3.3,1
UJOY,Private,Delhi,Shahdara,Delhi,Jawala Nager Chock Shahadara Delhi 110032,28.669184,77.295386,LEV AC Charge point,3.3,3.3,1
UJOY,Private,Delhi,Shahdara,Delhi,"Jhilmil Industrial Area, Jhilmil Colony, Delhi, 110095, Charger-1",28.673658,77.310706,LEV AC Charge point,3.3,3.3,1
UJOY,Private,Delhi,Shahdara,Delhi,"Jhilmil Industrial Area, Jhilmil Colony, Delhi, 110095, Charger-2",28.673059,77.31216,LEV AC Charge point,3.3,3.3,1
UJOY,Private,Delhi,Shahdara,Delhi,"Jhilmil Industrial Area, Jhilmil Colony, Delhi, 110095, Charger-3",28.673616,77.310726,LEV AC Charge point,3.3,3.3,1
UJOY,Private,Delhi,Shahdara,Delhi,"Jhilmil Industrial Area, Jhilmil Colony, Delhi, 110095, Charger-4",28.674016,77.310772,LEV AC Charge point,3.3,3.3,1
UJOY,Private,Delhi,Shahdara,Delhi,K 259 Main Gamri Road,28.692285,77.264882,LEV AC Charge point,3.3,3.3,1
UJOY,Private,Delhi,Shahdara,Delhi,K 259 Main Gamri Road,28.692298,77.264805,LEV AC Charge point,3.3,3.3,1
UJOY,Private,Delhi,Shahdara,Delhi,K-157 Gautam Vihar 3.5 Pusta Near Post Office Gali Delhi 110053,28.689161,77.259702,LEV AC Charge point,3.3,3.3,1
UJOY,Private,Delhi,Shahdara,Delhi,"Karkari Rd, East Rohtas Nagar, Vishwas Nagar, Shahdara, Delhi, 110032",28.665487,77.294127,LEV AC Charge point,3.3,3.3,1
UJOY,Private,Delhi,Shahdara,Delhi,Khajuri A Block Bhahanpura,28.704007,77.256245,LEV AC Charge point,3.3,3.3,1
UJOY,Private,Delhi,Shahdara,Delhi,Khajuri Khas A Block Bhahanpura,28.703968,77.256356,LEV AC Charge point,3.3,3.3,1
UJOY,Private,Delhi,Shahdara,Delhi,Main Gamri Road Jai Parkesh Nagar Delhi  110053,28.692934,77.263307,LEV AC Charge point,3.3,3.3,1
UJOY,Private,Delhi,Shahdara,Delhi,Naveen Shahdara Panchheel Garden Delhi,28.676334,77.279511,LEV AC Charge point,3.3,3.3,1
UJOY,Private,Delhi,Shahdara,Delhi,Near Cnn Pump Tahirpur  Delhi  110095,28.685823,77.318263,LEV AC Charge point,3.3,3.3,1
UJOY,Private,Delhi,Shahdara,Delhi,Om Sai Motors Tahirpur,28.688607,77.319512,LEV AC Charge point,3.3,3.3,1
UJOY,Private,Delhi,Shahdara,Delhi,"Pal Gali, Jawala Nagar, Shahdara, Delhi, 110032",28.670559,77.294977,LEV AC Charge point,3.3,3.3,1
UJOY,Private,Delhi,Shahdara,Delhi,"Pgg4+92J Bajaur, Khar, Rashid Market Khyber Pakhtunkhwa, Pakistan",28.647778,77.279275,LEV AC Charge point,3.3,3.3,1
UJOY,Private,Delhi,Shahdara,Delhi,Plot No 24 Gali No 3 Friends Colony Near Mansarovar Park Metro Station,28.674051,77.303634,LEV AC Charge point,3.3,3.3,1
UJOY,Private,Delhi,Shahdara,Delhi,"Plot No.8, Dda Market, Jhilmil Colony, Phase-2 Near Gopal Dairy, Delhi-110032",28.670458,77.303359,LEV AC Charge point,3.3,3.3,1
UJOY,Private,Delhi,Shahdara,Delhi,S-32 Krishna Nagar Near By Ratna Devi School Dominos Chachi Building Satnaam Road Delhi 110051,28.661629,77.2804,LEV AC Charge point,3.3,3.3,1
UJOY,Private,Delhi,Shahdara,Delhi,Sadh Char Pusta Som Bazar,28.695154,77.256674,LEV AC Charge point,3.3,3.3,1
UJOY,Private,Delhi,Shahdara,Delhi,"Satanam Marg, Block S, Azad Nagar East, Seelampur, Shahdara, Delhi, 110031",28.662298,77.281944,LEV AC Charge point,3.3,3.3,1
UJOY,Private,Delhi,Shahdara,Delhi,Shop No 9 Dda Market Shahdara,28.675298,77.290894,LEV AC Charge point,3.3,3.3,1
UJOY,Private,Delhi,Shahdara,Delhi,Shop No 9 Gt Road Shahdara Near Shyam Lal College,28.673322,77.283565,LEV AC Charge point,3.3,3.3,1
UJOY,Private,Delhi,Shahdara,Delhi,Shop No. 2 Prop No. C-21 Dilshad Colony,28.684404,77.327293,LEV AC Charge point,3.3,3.3,1
UJOY,Private,Delhi,Shahdara,Delhi,Shop No12 New Govind Pura Bhagat Singh Road,28.648669,77.281419,LEV AC Charge point,3.3,3.3,1
UJOY,Private,Delhi,Shahdara,Delhi,"Street 3, New Usmanpur, Jagjeet Nagar, Delhi, 110053",28.686035,77.25489,LEV AC Charge point,3.3,3.3,1
UJOY,Private,Delhi,Shahdara,Delhi,"Street No. 1, Block R, Bihari Colony, Shahdara, Delhi, 110032",28.670671,77.284924,LEV AC Charge point,3.3,3.3,1
UJOY,Private,Delhi,Shahdara,Delhi,"Vijay Colony 3Rd Pushta New Usmanpur Delhi 110053, Charger-1",28.68835,77.25434,LEV AC Charge point,3.3,3.3,1
UJOY,Private,Delhi,Shahdara,Delhi,"Vijay Colony 3Rd Pushta New Usmanpur Delhi 110053, Charger-2",28.688267,77.254396,LEV AC Charge point,3.3,3.3,1
UJOY,Private,Delhi,Shahdara,Delhi,"Vivek Vihar Phase 2, Vivek Vihar Ii, Jawala Nagar, Shahdara, Delhi, 110032",28.670401,77.302992,LEV AC Charge point,3.3,3.3,1
UJOY,Private,Delhi,Shahdara,Delhi,W220 Jay Durga Marg Budh Bagar Road Babarpur,28.688346,77.278191,LEV AC Charge point,3.3,3.3,1
UJOY,Private,Delhi,Shahdara,Delhi,"Wazirabad Rd, Block C 2, Bhajanpura, Tukhmirpur, Delhi, 110053",28.703132,77.265886,LEV AC Charge point,3.3,3.3,1
UJOY,Private,Delhi,Shahdara,Delhi,"Ws-94, Gali No 3, Budhbazaar Road, Sudamapuri, Babarpur, Shahdara, Delhi 110032",28.686001,77.277048,LEV AC Charge point,3.3,3.3,1
UJOY,Private,Delhi,Shahdara,Delhi,"Ws-94, Gali No 3, Budhbazaar Road, Sudamapuri, Babarpur, Shahdara, Delhi 1110032",28.686029,77.276983,LEV AC Charge point,3.3,3.3,1
UJOY,Private,Delhi,Shahdara,Delhi,"Ws-94, Gali No. 3, Budhbazaar Road, Sudamapuri, Babarpur, Shahdara, Delhi 110032",28.686224,77.277162,LEV AC Charge point,3.3,3.3,1
UJOY,Private,Delhi,Shahdara,Delhi,"Yudhisthira St, East Rohtas Nagar, Vishwas Nagar, Shahdara, Delhi, 110032",28.665913,77.294102,LEV AC Charge point,3.3,3.3,1
Ather,Private,Delhi,North West Delhi,Delhi,"Plot No.5, Manglam Place,Sector-3, Rohini,North West Delhi",28.70085,77.11515,LEV DC Charge Point (IS-17017-2-7),3.3,3.3,1
BHEL,Govt.,Delhi,North West Delhi,Delhi,"IOCL,Bharat Enterprises,Singhu Border Delhi",28.854,77.124,Combo (CCS-II + CHAdeMo + Type II),122.0,50+50+22,3
DELTA,Private,Delhi,North West Delhi,Delhi,"Road No. 316, Mangolpuri Ph-1 Industrial Area",28.697065,77.077607,Bharat DC-001,15.0,15,1
DELTA,Private,Delhi,North West Delhi,Delhi,"Plot 1A, 3 District Centre, Sector-10, Rohini",28.716701,77.072,Bharat DC-001,15.0,15,1
DELTA,Private,Delhi,North West Delhi,Delhi,House No 16 Aditional Floor Portion Ground Floor Blk- A-1 Parshant Vihar,28.717703,77.137604,CCS-II,50.0,50,1
E-Fill,Private,Delhi,North West Delhi,Delhi,"27/1, Rajapur, Pocket 27/1, Sector 9, Rohini",28.712543,77.123276,Type-II AC,7.4,7.4,1
E-Fill,Private,Delhi,North West Delhi,Delhi,"3/6, Shahdra Gt Road Nearby Hp Petrol Pump, Delhi-110034",28.675488,77.29174,Type-II AC,7.4,7.4,1
E-Fill,Private,Delhi,North West Delhi,Delhi,"Akash Ganga Apartment, Pocket-4, Rohini Sector-24",28.726456,77.083414,Type-II AC,7.4,7.4,1
E-Fill,Private,Delhi,North West Delhi,Delhi,"Aw-115, Sanjay Gandhi Transport Nagar, Delhi -110042",28.739014,77.149304,Type-II AC,7.4,7.4,1
E-Fill,Private,Delhi,North West Delhi,Delhi,"C 14, Plot No 65, Sma, Jahangirpuri Industrial Area, Azadpur",28.726506,77.158325,Type-II AC,7.4,7.4,1
E-Fill,Private,Delhi,North West Delhi,Delhi,"E-127, Near Ryan Sechool, Prahlad Vihar, Sector 25, Rohini",28.73788,77.089959,Type-II AC,7.4,7.4,1
EESL,Govt.,Delhi,North West Delhi,Delhi,"North Mcd Parking At Lsc Parking, D-Block, Prashant Vihar, Rohini Sec-3",28.713113,77.136489,Bharat DC-001,15.0,15,1
EESL,Govt.,Delhi,North West Delhi,Delhi,"North Mcd Parking Opp. M2K Cinema, Rohini Sec-3",28.700959,77.114495,Bharat DC-001,15.0,15,1
IOCL,Govt.,Delhi,North West Delhi,Delhi,116/8 Kanjawala Ghevra- Kanjawala Road New Delhi Lock No 986,28.719139,77.00448,LEV AC Charge point,3.3,3.3,1
IOCL,Govt.,Delhi,North West Delhi,Delhi,3/B-4 Distict Centre 1 Near Rithala Metro Stn Rohininew Delhi-85,28.721112,77.109498,CCS-II,60.0,60,1
IOCL,Govt.,Delhi,North West Delhi,Delhi,A-2 Local Community Centre Sec-5 Rohinin Delhi Lock Code - I-564,28.712304,77.102331,CCS-II,60.0,60,1
IOCL,Govt.,Delhi,North West Delhi,Delhi,Indian Oil Retail Outlet Ghevra Road Village-Kanjhawala,28.729274,77.001739,CCS-II,60.0,60,1
IOCL,Govt.,Delhi,North West Delhi,Delhi,Kanjhawala Mangolpuri Kanjhawala Road Vill. Kanjhawaladelhi,28.735386,77.013749,LEV AC Charge point,3.3,3.3,1
IOCL,Govt.,Delhi,North West Delhi,Delhi,Outer Ring Road Mangolpuri Near Peera Garhi Fly Over,28.690197,77.097398,CCS-II,30.0,30,1
IOCL,Govt.,Delhi,North West Delhi,Delhi,Pitampura Opp.-Punjab Kesri Ring Road New Delhi,28.696368,77.155366,CCS-II,30.0,30,1
IOCL,Govt.,Delhi,North West Delhi,Delhi,Rohini Sector - 2 Outer Ring Road New Delhi,28.694081,77.102733,CCS-II,60.0,60,1
IOCL,Govt.,Delhi,North West Delhi,Delhi,Sec 24Rohini Delhi Lock Code - I-566,28.729885,77.092879,CCS-II,30.0,30,1
IOCL,Govt.,Delhi,North West Delhi,Delhi,Shalimar Baghblock B Delhi Lock Code-I-388,28.713679,77.157817,CCS-II,60.0,60,1
IOCL,Govt.,Delhi,North West Delhi,Delhi,Village-Punjab Khod Kanjhawla-Qutabgarh Road Delhi-110081,28.766713,76.964615,CCS-II,60.0,60,1
KAZAM,Private,Delhi,North West Delhi,Delhi,"76/7,Swami Narayan Marg,Ashok Vihar,New Delhi,Delhi,110052",28.681579,77.176016,LEV AC Charge point,3.3,3.3,1
KAZAM,Private,Delhi,North West Delhi,Delhi,"A-1/2,Pradeep Bhatia Marg,Rohini,Delhi,Delhi,110085",28.701448,77.118042,LEV AC Charge point,3.3,3.3,1
KAZAM,Private,Delhi,North West Delhi,Delhi,"Ashok Vihar,New Delhi,Delhi,110052",28.697674,77.172004,LEV AC Charge point,3.3,3.3,1
KAZAM,Private,Delhi,North West Delhi,Delhi,"Azadpur,Delhi,Delhi,110033",28.712932,77.179419,LEV AC Charge point,3.3,3.3,1
KAZAM,Private,Delhi,North West Delhi,Delhi,"B5 Rd, Tarun Vihar Society, Pocket 2, Sector 14, Rohini, Delhi, 110085",28.716626,77.132063,LEV AC Charge point,3.3,3.3,1
KAZAM,Private,Delhi,North West Delhi,Delhi,"Delhi,Rohini,Delhi,110085",28.716388,77.132547,LEV AC Charge point,3.3,3.3,1
KAZAM,Private,Delhi,North West Delhi,Delhi,"Dr Kn Katju Marg, Pocket 13, Sector 14, Rohini, Delhi, 110085",28.720672,77.134694,LEV AC Charge point,3.3,3.3,1
KAZAM,Private,Delhi,North West Delhi,Delhi,"M5H4+X7H, Lawrence Rd, Rampura Industrial Area, Tri Nagar, Delhi, 110035",28.680156,77.155593,LEV AC Charge point,3.3,3.3,1
KAZAM,Private,Delhi,North West Delhi,Delhi,"Neelgiri Apartment 1 331-360 Flats, Neelgiri Apartment 1, 151, Rajapur,
Pocket 45, Sector 9, Rohini, New Delhi, Delhi, 110085",28.71812,77.121713,LEV AC Charge point,3.3,3.3,1
KAZAM,Private,Delhi,North West Delhi,Delhi,"Rohini,Delhi,Delhi,110085",28.717931,77.132861,LEV AC Charge point,3.3,3.3,1
KAZAM,Private,Delhi,North West Delhi,Delhi,"Tri Nagar, Delhi",28.680266,77.155744,LEV AC Charge point,3.3,3.3,1
NTPC,Govt.,Delhi,North West Delhi,Delhi,City Service Centre,28.68831,77.089778,Bharat AC-001,10.0,3.3,1
PGCIL,Govt.,Delhi,North West Delhi,Delhi,Gay Service Station,28.703433,77.181085,Bharat DC-001,15.0,15,1
Power bank green,Private,Delhi,North West Delhi,Delhi,"Hp Petrol Pump - Auto Care Centre, Pitam Pura, New Delhi",28.6962,77.155,Bharat DC-001,15.0,15,1
Reliance BP,Private,Delhi,North west Delhi,Delhi,"65, Ring Road, Gtb Nagar, New Delhi North West Delhi, New Delhi Delhi",28.699372,77.203848,CCS-II,60.0,60,1
Reliance BP,Private,Delhi,North west Delhi,Delhi,"65, Ring Road, Gtb Nagar, New Delhi North West Delhi, New Delhi Delhi",28.699372,77.203848,LEV AC Charge point,3.3,3.3,1
Reliance BP,Private,Delhi,North west Delhi,Delhi,"Azadpur Metro Station:  Karnal Road Azadpur, New Delhi Delhi",28.706639,77.182191,CCS-II,60.0,60,1
Reliance BP,Private,Delhi,North west Delhi,Delhi,"Azadpur Metro Station:  Karnal Road Azadpur, New Delhi Delhi",28.706639,77.182191,LEV AC Charge point,3.3,3.3,1
Reliance BP,Private,Delhi,North west Delhi,Delhi,"Dtc Bus Depot, 2, Dr Kn Katju Marg Block G-3, Sector 16 Rohini, New Delhi",28.72959,77.1224,CCS-II,60.0,60,1
Reliance BP,Private,Delhi,North west Delhi,Delhi,"Dtc Bus Depot, 2, Dr Kn Katju Marg Block G-3, Sector 16 Rohini, New Delhi",28.72959,77.1224,Type-II AC,22.0,22,1
Reliance BP,Private,Delhi,North west Delhi,Delhi,"Dtc Bus Depot, 2, Dr Kn Katju Marg Block G-3, Sector 16 Rohini, New Delhi",28.72959,77.1224,LEV AC Charge point,3.3,3.3,1
Reliance BP,Private,Delhi,North west Delhi,Delhi,"Majlis Park Metro Station, Arihant Rd Majlis Park Subway St Jahangirpuri Delhi",28.7236,77.18227,Type-II AC,22.0,22,1
Reliance BP,Private,Delhi,North west Delhi,Delhi,"Paris Motocorp (Naraina Industrial Area), C160, Naraina Industrial Area, Phase-1 New Delhi, South West Delhi, 110028",28.62995,77.137326,CCS-II,60.0,60,1
Reliance BP,Private,Delhi,North west Delhi,Delhi,"Rithala Metro Station Bhagawan Mahavir Marg, Varun Kunj Rithala, New Delhi",28.721992,77.10545,CCS-II,60.0,60,1
Reliance BP,Private,Delhi,North west Delhi,Delhi,"Rithala Metro Station Bhagawan Mahavir Marg, Varun Kunj Rithala, New Delhi",28.721992,77.10545,LEV AC Charge point,3.3,3.3,1
Reliance BP,Private,Delhi,North west Delhi,Delhi,"Rohini 18 & 19 Metro Station, Metro Car Parking",28.739163,77.139567,CCS-II,60.0,60,1
UJOY,Private,Delhi,North West Delhi,Delhi,A.D Block Power Apartment,28.706619,77.134367,LEV AC Charge point,3.3,3.3,1
UJOY,Private,Delhi,North West Delhi,Delhi,Shukarbazar Road Swaroop Nagar,28.757788,77.149215,LEV AC Charge point,3.3,3.3,1
UJOY,Private,Delhi,North West Delhi,Delhi,142 Deepali Enclave Pitampura Delhi 110034,28.694492,77.118912,LEV AC Charge point,3.3,3.3,1
UJOY,Private,Delhi,North West Delhi,Delhi,"17, Pocket-2 (Opp. Union Bank Of India), Sector-24, Rohini, Delhi-110085",28.724374,77.088791,LEV AC Charge point,3.3,3.3,1
UJOY,Private,Delhi,North West Delhi,Delhi,174 175 Pocket 4 Rohini Sector 22,28.717227,77.061105,LEV AC Charge point,3.3,3.3,1
UJOY,Private,Delhi,North West Delhi,Delhi,19/115 Vasti Sarai Rohilla Delhi 110035,28.668281,77.179704,LEV AC Charge point,3.3,3.3,1
UJOY,Private,Delhi,North West Delhi,Delhi,19/115 Vasti Sarai Rohilla Delhi 35,28.668221,77.179904,LEV AC Charge point,3.3,3.3,1
UJOY,Private,Delhi,North West Delhi,Delhi,212 Ground Floor Pocket 20 Rohini Sector 24,28.726242,77.097217,LEV AC Charge point,3.3,3.3,1
UJOY,Private,Delhi,North West Delhi,Delhi,37 A Dda Janta Flat Pitampura Shiva Market Delhi 110034,28.700952,77.132118,LEV AC Charge point,3.3,3.3,1
UJOY,Private,Delhi,North West Delhi,Delhi,37A Dda Janta Flat Pitampura Near Shiva Market Delhi 110034,28.700916,77.13215,LEV AC Charge point,3.3,3.3,1
UJOY,Private,Delhi,North West Delhi,Delhi,"39/7 , Main Bawana Road Samaypur Delhi",28.744394,77.142901,LEV AC Charge point,3.3,3.3,1
UJOY,Private,Delhi,North West Delhi,Delhi,4 A Main Bawaba Road  Near Under Pass Samaypur Badhli,28.744047,77.143093,LEV AC Charge point,3.3,3.3,1
UJOY,Private,Delhi,North West Delhi,Delhi,"473, Britannia Rd, Tri Nagar, Delhi, 110034",28.680721,77.155315,LEV AC Charge point,3.3,3.3,1
UJOY,Private,Delhi,North West Delhi,Delhi,7724 Fasih Building Clock Tower Delhi 110007,28.686092,77.185731,LEV AC Charge point,3.3,3.3,1
UJOY,Private,Delhi,North West Delhi,Delhi,89 Pocket-3 Sector-24,28.723917,77.085906,LEV AC Charge point,3.3,3.3,1
UJOY,Private,Delhi,North West Delhi,Delhi,9911 Opp Sarai Rohilla Station,28.662441,77.184867,LEV AC Charge point,3.3,3.3,1
UJOY,Private,Delhi,North West Delhi,Delhi,A 1 Mahendro Enclave,28.701123,77.183695,LEV AC Charge point,3.3,3.3,1
UJOY,Private,Delhi,North West Delhi,Delhi,A 174 Pocket 1 Sector 24 Near Hanuman Mandir Delhi,28.723056,77.087304,LEV AC Charge point,3.3,3.3,1
UJOY,Private,Delhi,North West Delhi,Delhi,A 19 Shahbad Dairy Main Bawana Road,28.745611,77.099069,LEV AC Charge point,3.3,3.3,1
UJOY,Private,Delhi,North West Delhi,Delhi,A 200 Shop No 1Majlish Park,28.715853,77.175654,LEV AC Charge point,3.3,3.3,1
UJOY,Private,Delhi,North West Delhi,Delhi,A 35 Shalimar Bagh Delhi 110088,28.703091,77.165428,LEV AC Charge point,3.3,3.3,1
UJOY,Private,Delhi,North West Delhi,Delhi,A 59 Gali No 6 Suraj Park Delhi 110042,28.743411,77.135582,LEV AC Charge point,3.3,3.3,1
UJOY,Private,Delhi,North West Delhi,Delhi,"A, 183, Main Pushta Rd, Block G, Swaroop Nagar, Delhi, 110042",28.756505,77.149584,LEV AC Charge point,3.3,3.3,1
UJOY,Private,Delhi,North West Delhi,Delhi,A1 Mahindra Enclave,28.701168,77.183653,LEV AC Charge point,3.3,3.3,1
UJOY,Private,Delhi,North West Delhi,Delhi,A104 Group Wazirpur Industrial Area Delhi,28.700928,77.167644,LEV AC Charge point,3.3,3.3,1
UJOY,Private,Delhi,North West Delhi,Delhi,A79 Super Bazar Road Sarurpur Delhi,28.75771,77.149211,LEV AC Charge point,3.3,3.3,1
UJOY,Private,Delhi,North West Delhi,Delhi,A-800/34 Shastri Nagar,28.673907,77.186313,LEV AC Charge point,3.3,3.3,1
UJOY,Private,Delhi,North West Delhi,Delhi,A-800/34 Shastri Nagar Delhi Near Vijay Perol Pump,28.674015,77.18621,LEV AC Charge point,3.3,3.3,1
UJOY,Private,Delhi,North West Delhi,Delhi,"A-Block, Modern Apartments, Sector 15H, Rohini, Delhi, 110089",28.730931,77.135266,LEV AC Charge point,3.3,3.3,1
UJOY,Private,Delhi,North West Delhi,Delhi,Alipur,28.797089,77.136948,LEV AC Charge point,3.3,3.3,1
UJOY,Private,Delhi,North West Delhi,Delhi,Ashok Vihar Residents Suvidha Samiti,28.683455,77.171269,LEV AC Charge point,3.3,3.3,1
UJOY,Private,Delhi,North West Delhi,Delhi,B- 4/38 Ground Floor Rohini Sector 17 Delhi,28.744037,77.120657,LEV AC Charge point,3.3,3.3,1
UJOY,Private,Delhi,North West Delhi,Delhi,"B-1424, Shastri Nagar",28.674208,77.179952,LEV AC Charge point,3.3,3.3,1
UJOY,Private,Delhi,North West Delhi,Delhi,B-1687 Shastri Nagar,28.678807,77.180777,LEV AC Charge point,3.3,3.3,1
UJOY,Private,Delhi,North West Delhi,Delhi,B-4/38 Ground Floor Sector 17 Rohini,28.74375,77.120612,LEV AC Charge point,3.3,3.3,1
UJOY,Private,Delhi,North West Delhi,Delhi,B-4/38 Ground Floor Sector-17 Rohini,28.744198,77.120257,LEV AC Charge point,3.3,3.3,1
UJOY,Private,Delhi,North West Delhi,Delhi,B5/165 Sector 3 Rohini,28.701033,77.109057,LEV AC Charge point,3.3,3.3,1
UJOY,Private,Delhi,North West Delhi,Delhi,"B-5/35 ,Sector-4 Rohini",28.707687,77.103902,LEV AC Charge point,3.3,3.3,1
UJOY,Private,Delhi,North West Delhi,Delhi,"B-5/35,Sector-4",28.707624,77.103881,LEV AC Charge point,3.3,3.3,1
UJOY,Private,Delhi,North West Delhi,Delhi,"B7 Rd, Block E, Sector 18, Rohini, Delhi, 110089",28.738229,77.136535,LEV AC Charge point,3.3,3.3,1
UJOY,Private,Delhi,North West Delhi,Delhi,"B9/177,Sector-5, Rohini ,Delhi-85",28.715103,77.10804,LEV AC Charge point,3.3,3.3,1
UJOY,Private,Delhi,North West Delhi,Delhi,"Badli Rd, Badli, Rohini, Delhi, 110042",28.736109,77.144667,LEV AC Charge point,3.3,3.3,1
UJOY,Private,Delhi,North West Delhi,Delhi,Badli Village,28.730178,77.145558,LEV AC Charge point,3.3,3.3,1
UJOY,Private,Delhi,North West Delhi,Delhi,"Bakhtawar Pur Village, Delhi, 110036",28.820787,77.173122,LEV AC Charge point,3.3,3.3,1
UJOY,Private,Delhi,North West Delhi,Delhi,Bakhtawarpur,28.820969,77.17319,LEV AC Charge point,3.3,3.3,1
UJOY,Private,Delhi,North West Delhi,Delhi,Bc Block  East Shalimar Bagh,28.715964,77.163792,LEV AC Charge point,3.3,3.3,1
UJOY,Private,Delhi,North West Delhi,Delhi,Bc Block East Shalimar Bagh,28.715808,77.164218,LEV AC Charge point,3.3,3.3,1
UJOY,Private,Delhi,North West Delhi,Delhi,Bd Block 16 Shalimar Bagh,28.712229,77.155393,LEV AC Charge point,3.3,3.3,1
UJOY,Private,Delhi,North West Delhi,Delhi,Bd Block Shalimar Bagh,28.712379,77.155162,LEV AC Charge point,3.3,3.3,1
UJOY,Private,Delhi,North West Delhi,Delhi,Bd Block West Shalimar Bagh,28.712452,77.15506,LEV AC Charge point,3.3,3.3,1
UJOY,Private,Delhi,North West Delhi,Delhi,Best Enclave Pitampura,28.693106,77.103909,LEV AC Charge point,3.3,3.3,1
UJOY,Private,Delhi,North West Delhi,Delhi,"Bhawana Colony, Sector 31, Rohini, Delhi",28.74628,77.086279,LEV AC Charge point,3.3,3.3,1
UJOY,Private,Delhi,North West Delhi,Delhi,"Block A, Moti Bagh West, Daya Basti, Delhi, 110052",28.670611,77.177453,LEV AC Charge point,3.3,3.3,1
UJOY,Private,Delhi,North West Delhi,Delhi,"Block Nu, Uttari Pitampura, Pitampura, Delhi, 110034",28.709526,77.141794,LEV AC Charge point,3.3,3.3,1
UJOY,Private,Delhi,North West Delhi,Delhi,Br 51/A Shalimar Bagh,28.708496,77.161547,LEV AC Charge point,3.3,3.3,1
UJOY,Private,Delhi,North West Delhi,Delhi,Bt Block Stall No 2 Shalimar Bagh,28.703586,77.157472,LEV AC Charge point,3.3,3.3,1
UJOY,Private,Delhi,North West Delhi,Delhi,C 1957 Jahangir Puri Main Road,28.731232,77.169548,LEV AC Charge point,3.3,3.3,1
UJOY,Private,Delhi,North West Delhi,Delhi,C W 53 Sanjay Ghandi Transport Nagar,28.742923,77.149903,LEV AC Charge point,3.3,3.3,1
UJOY,Private,Delhi,North West Delhi,Delhi,"C_1/106, Sector 11,Rohini",28.731092,77.117511,LEV AC Charge point,3.3,3.3,1
UJOY,Private,Delhi,North West Delhi,Delhi,"C-10/54,Shop No 1 Sector -15 ,Rohini",28.731583,77.129647,LEV AC Charge point,3.3,3.3,1
UJOY,Private,Delhi,North West Delhi,Delhi,C195 Divya Jyoti Apartment Sector 19 Rohini Delhi,28.736923,77.139786,LEV AC Charge point,3.3,3.3,1
UJOY,Private,Delhi,North West Delhi,Delhi,"C-63, Rajan Babu Road, Adarsh Nagar, Delhi-110033",28.719373,77.173776,LEV AC Charge point,3.3,3.3,1
UJOY,Private,Delhi,North West Delhi,Delhi,Cb Block,28.713824,77.15129,LEV AC Charge point,3.3,3.3,1
UJOY,Private,Delhi,North West Delhi,Delhi,Cw-580 S.G.T.N Delhi-42,28.741142,77.151477,LEV AC Charge point,3.3,3.3,1
UJOY,Private,Delhi,North West Delhi,Delhi,D-6/253 Shop No.1 Sector-6 Rohini,28.710713,77.109909,LEV AC Charge point,3.3,3.3,1
UJOY,Private,Delhi,North West Delhi,Delhi,E2/163 Ganesh Chowk Sector 11 Rohini,28.733924,77.111665,LEV AC Charge point,3.3,3.3,1
UJOY,Private,Delhi,North West Delhi,Delhi,E2/163 Ganesh Chowk Sector 11 Rohini Delhi,28.733921,77.111679,LEV AC Charge point,3.3,3.3,1
UJOY,Private,Delhi,North West Delhi,Delhi,F 1217 Balmiki Mandir Mango L Puri,28.696402,77.096287,LEV AC Charge point,3.3,3.3,1
UJOY,Private,Delhi,North West Delhi,Delhi,F7A/28 Sector-16 Rohini,28.733805,77.121959,LEV AC Charge point,3.3,3.3,1
UJOY,Private,Delhi,North West Delhi,Delhi,"F-7A/36 Sector-16 , Rohini",28.733903,77.121823,LEV AC Charge point,3.3,3.3,1
UJOY,Private,Delhi,North West Delhi,Delhi,Flat No 13 Sec 15 Rohinj,28.730845,77.135227,LEV AC Charge point,3.3,3.3,1
UJOY,Private,Delhi,North West Delhi,Delhi,"G.T Karnal Road Near Sai Baba Mandir Budhpur, Alipur",28.786625,77.140303,LEV AC Charge point,3.3,3.3,1
UJOY,Private,Delhi,North West Delhi,Delhi,G1/44 Local Supermarket Jahangir Puri Delhi,28.728136,77.17409,LEV AC Charge point,3.3,3.3,1
UJOY,Private,Delhi,North West Delhi,Delhi,"G-5/20, Sector-16, Rohini",28.738851,77.120008,LEV AC Charge point,3.3,3.3,1
UJOY,Private,Delhi,North West Delhi,Delhi,"Gali No. 5, Onkar Nagar B, Phool Bagh, Tri Nagar, Delhi, 110035",28.673426,77.159377,LEV AC Charge point,3.3,3.3,1
UJOY,Private,Delhi,North West Delhi,Delhi,Gali Number 1 Swaroop Nagar Nearby Ravi Ki Factory Manipurta Road,28.763663,77.14882,LEV AC Charge point,3.3,3.3,1
UJOY,Private,Delhi,North West Delhi,Delhi,"Gali Number 6, Omkar Nagar, Phool Bagh, Tri Nagar, Delhi, 110035",28.673234,77.15932,LEV AC Charge point,3.3,3.3,1
UJOY,Private,Delhi,North West Delhi,Delhi,Gh Dhobi Ghat Jhagirpuri,28.723782,77.174553,LEV AC Charge point,3.3,3.3,1
UJOY,Private,Delhi,North West Delhi,Delhi,"Giani Gurumukhi Musaphir Marg, Pocket 7, Sector 16G, Rohini, Delhi, 110089",28.737903,77.116767,LEV AC Charge point,3.3,3.3,1
UJOY,Private,Delhi,North West Delhi,Delhi,Ground Floor Khasra No 34/22 Village Samaypur Delhi,28.743688,77.12392,LEV AC Charge point,3.3,3.3,1
UJOY,Private,Delhi,North West Delhi,Delhi,"Ground Floor Khasra No_34/22, Village Samayapur",28.743271,77.12404,LEV AC Charge point,3.3,3.3,1
UJOY,Private,Delhi,North West Delhi,Delhi,Gt Karnal Road Azad Pur Delhi 110009,28.703736,77.182469,LEV AC Charge point,3.3,3.3,1
UJOY,Private,Delhi,North West Delhi,Delhi,Gt Karnal Road Near Sai Baba Mandir Budhpur.Alipur,28.7866,77.140253,LEV AC Charge point,3.3,3.3,1
UJOY,Private,Delhi,North West Delhi,Delhi,H 141 Ramesh Enslave Lucky Ram Park Sec 22,28.713675,77.059871,LEV AC Charge point,3.3,3.3,1
UJOY,Private,Delhi,North West Delhi,Delhi,H No 174 Pocket 1 Sector 24 Rohini,28.723106,77.087503,LEV AC Charge point,3.3,3.3,1
UJOY,Private,Delhi,North West Delhi,Delhi,H No 228 Pooth Kalan Delhi,28.707814,77.074999,LEV AC Charge point,3.3,3.3,1
UJOY,Private,Delhi,North West Delhi,Delhi,Haderpur Gao,28.724641,77.146777,LEV AC Charge point,3.3,3.3,1
UJOY,Private,Delhi,North West Delhi,Delhi,Haiderpur Opposite Ayurvedic Hospital Delhi,28.723204,77.150709,LEV AC Charge point,3.3,3.3,1
UJOY,Private,Delhi,North West Delhi,Delhi,Haiderpur Opposite Ayurvedic Hospital Delhi 110088,28.723306,77.150712,LEV AC Charge point,3.3,3.3,1
UJOY,Private,Delhi,North West Delhi,Delhi,Hans Cinema Gt Karnal Road Azad Pur Delhi,28.703039,77.18242,LEV AC Charge point,3.3,3.3,1
UJOY,Private,Delhi,North West Delhi,Delhi,Hno 1441 Creative Heights Apartment Pocket Gh1 Sector 29 Rohini,28.767187,77.091603,LEV AC Charge point,3.3,3.3,1
UJOY,Private,Delhi,North West Delhi,Delhi,Ho 5 Badli Village Near Old Bus Stand,28.736436,77.14508,LEV AC Charge point,3.3,3.3,1
UJOY,Private,Delhi,North West Delhi,Delhi,House No 5 Near Old Bus Stand Badli Village,28.736579,77.144802,LEV AC Charge point,3.3,3.3,1
UJOY,Private,Delhi,North West Delhi,Delhi,House No 7 Gali No 8 Shalimar Village Max Hospital,28.723274,77.157986,LEV AC Charge point,3.3,3.3,1
UJOY,Private,Delhi,North West Delhi,Delhi,House Number 13 Pkt G29 Sector 3 Rohini,28.705817,77.102886,LEV AC Charge point,3.3,3.3,1
UJOY,Private,Delhi,North West Delhi,Delhi,House Number 7 Gali Number 8 Shalimar Village Max Hospital Nearby,28.723576,77.157564,LEV AC Charge point,3.3,3.3,1
UJOY,Private,Delhi,North West Delhi,Delhi,I Block Sector 18,28.743331,77.131505,LEV AC Charge point,3.3,3.3,1
UJOY,Private,Delhi,North West Delhi,Delhi,Ishu Vihar Mukand Pur Part 2,28.736499,77.190638,LEV AC Charge point,3.3,3.3,1
UJOY,Private,Delhi,North West Delhi,Delhi,J24 Prerna Chok Kanhaiya Nagar,28.684382,77.164154,LEV AC Charge point,3.3,3.3,1
UJOY,Private,Delhi,North West Delhi,Delhi,J24 Prerna Chowk Kanhaiya Nagar,28.683555,77.163922,LEV AC Charge point,3.3,3.3,1
UJOY,Private,Delhi,North West Delhi,Delhi,Jagdamba Market Rithala,28.722472,77.104515,LEV AC Charge point,3.3,3.3,1
UJOY,Private,Delhi,North West Delhi,Delhi,Kh No 1153 Block B Gali No 09 Kushak No 2 Kadipur,28.769408,77.162297,LEV AC Charge point,3.3,3.3,1
UJOY,Private,Delhi,North West Delhi,Delhi,Kh No 373 Ground Floor Kushak No 1 Naar Lodi Invator Village Kadipur,28.775059,77.165904,LEV AC Charge point,3.3,3.3,1
UJOY,Private,Delhi,North West Delhi,Delhi,Kh No 52/11Near Hanuman Temple Outer Firni Road Alipur,28.801524,77.137738,LEV AC Charge point,3.3,3.3,1
UJOY,Private,Delhi,North West Delhi,Delhi,Kh No 61/64 Main Narela Bhorghar Road Alipur,28.797228,77.136874,LEV AC Charge point,3.3,3.3,1
UJOY,Private,Delhi,North West Delhi,Delhi,Kh No 61/64 Main Narela Bhorghar Road Alipur Delhi,28.797175,77.136889,LEV AC Charge point,3.3,3.3,1
UJOY,Private,Delhi,North West Delhi,Delhi,Kh.1165 Main Road Kushak No.02 Kadipur,28.767424,77.162747,LEV AC Charge point,3.3,3.3,1
UJOY,Private,Delhi,North West Delhi,Delhi,"Kh.No 65, Balimiki Mandir Ke Samne",28.744726,77.114293,LEV AC Charge point,3.3,3.3,1
UJOY,Private,Delhi,North West Delhi,Delhi,"Kh.No 65, Balimiki Mandir Ke Samne",28.744759,77.114293,LEV AC Charge point,3.3,3.3,1
UJOY,Private,Delhi,North West Delhi,Delhi,Kharsa No-136/2 Near Yadav Hotel Badli,28.732845,77.141337,LEV AC Charge point,3.3,3.3,1
UJOY,Private,Delhi,North West Delhi,Delhi,Khasra 917 Rithala Villeg Near By Guleria House,28.717358,77.096027,LEV AC Charge point,3.3,3.3,1
UJOY,Private,Delhi,North West Delhi,Delhi,Krishna Enclave Opp Hari Park Near Gopal Chock Part 2,28.73899,77.185465,LEV AC Charge point,3.3,3.3,1
UJOY,Private,Delhi,North West Delhi,Delhi,"Kushal Cinema Rd, Block C, Bhalswa Jahangirpuri, Jahangirpuri, Delhi, 110033",28.727833,77.173842,LEV AC Charge point,3.3,3.3,1
UJOY,Private,Delhi,North West Delhi,Delhi,"M5F5+8Pg, Gali Number 6, Onkar Nagar B, Onkar Nagar, Tri Nagar, Delhi, 110035",28.673282,77.159342,LEV AC Charge point,3.3,3.3,1
UJOY,Private,Delhi,North West Delhi,Delhi,"Main Libaspur Road, Samaypur - Libaspur Rd, Near Shree Banke Bihari Auto Parts, New Delhi, Delhi 110042",28.754649,77.14834,LEV AC Charge point,3.3,3.3,1
UJOY,Private,Delhi,North West Delhi,Delhi,Main Light Old Monastery Main Red Light,28.71026,77.176753,LEV AC Charge point,3.3,3.3,1
UJOY,Private,Delhi,North West Delhi,Delhi,Main Mswaroop Nagar Suker Road Delhi 42,28.757655,77.149182,LEV AC Charge point,3.3,3.3,1
UJOY,Private,Delhi,North West Delhi,Delhi,"Main Pusta Road,Swaroop Nagar",28.757763,77.149322,LEV AC Charge point,3.3,3.3,1
UJOY,Private,Delhi,North West Delhi,Delhi,N-20 63B Wazirpur Indl Area Udham Singh Park A Block,28.697991,77.160254,LEV AC Charge point,3.3,3.3,1
UJOY,Private,Delhi,North West Delhi,Delhi,"Palla Bakhtawarpur Rd, Bakhtawar Pur Village, Delhi, 110036",28.82169,77.170194,LEV AC Charge point,3.3,3.3,1
UJOY,Private,Delhi,North West Delhi,Delhi,"Pitampura, Delhi",28.713255,77.140129,LEV AC Charge point,3.3,3.3,1
UJOY,Private,Delhi,North West Delhi,Delhi,"Platinum Enclave, Sector 18, Rohini, New Delhi, Delhi 110089",28.743117,77.129782,LEV AC Charge point,3.3,3.3,1
UJOY,Private,Delhi,North West Delhi,Delhi,Plot No 31 Sec 13 Rohini,28.7231,77.128728,LEV AC Charge point,3.3,3.3,1
UJOY,Private,Delhi,North West Delhi,Delhi,Plot No 48 Sector 13,28.720905,77.136585,LEV AC Charge point,3.3,3.3,1
UJOY,Private,Delhi,North West Delhi,Delhi,Plot No 48 Sector 13 Rohini,28.720914,77.136559,LEV AC Charge point,3.3,3.3,1
UJOY,Private,Delhi,North West Delhi,Delhi,"Plot No.1/1 Agroha Kunj,Sector-13,Rohini Delhi",28.717333,77.129251,LEV AC Charge point,3.3,3.3,1
UJOY,Private,Delhi,North West Delhi,Delhi,Plot No.31 Sec 13 Rohini,28.723182,77.12844,LEV AC Charge point,3.3,3.3,1
UJOY,Private,Delhi,North West Delhi,Delhi,"Plot No-1,Khasra No-768/1, Siraspur",28.760563,77.126411,LEV AC Charge point,3.3,3.3,1
UJOY,Private,Delhi,North West Delhi,Delhi,"Plot No-57, Kh. No-13/13, 13/1, 13/2 Railway Road, Samepur Delhi-42",28.749505,77.146001,LEV AC Charge point,3.3,3.3,1
UJOY,Private,Delhi,North West Delhi,Delhi,Pocket 1  Sector 16 Rohini New Delhi 110089,28.741095,77.121383,LEV AC Charge point,3.3,3.3,1
UJOY,Private,Delhi,North West Delhi,Delhi,"Pocket 12, Sector 8D, Rohini, Delhi, 110085",28.707922,77.125137,LEV AC Charge point,3.3,3.3,1
UJOY,Private,Delhi,North West Delhi,Delhi,"Pocket 25, Sector 13, Rohini, Delhi, 110085",28.721236,77.123393,LEV AC Charge point,3.3,3.3,1
UJOY,Private,Delhi,North West Delhi,Delhi,"Pocket 7, Sector 16G, Rohini, Delhi",28.73788,77.116605,LEV AC Charge point,3.3,3.3,1
UJOY,Private,Delhi,North West Delhi,Delhi,"Pocket-1, Sector-24, Rohini, Delhi, 110085 - Charger-1",28.723897,77.088231,LEV AC Charge point,3.3,3.3,1
UJOY,Private,Delhi,North West Delhi,Delhi,"Pocket-1, Sector-24, Rohini, Delhi, 110085 - Charger-2",28.723874,77.088245,LEV AC Charge point,3.3,3.3,1
UJOY,Private,Delhi,North West Delhi,Delhi,"Pocket-1, Sector-24, Rohini, Delhi, 110085 - Charger-3",28.723858,77.088287,LEV AC Charge point,3.3,3.3,1
UJOY,Private,Delhi,North West Delhi,Delhi,Popular Apartment Sector13 Rohini,28.718608,77.129508,LEV AC Charge point,3.3,3.3,1
UJOY,Private,Delhi,North West Delhi,Delhi,Psp Market Rohini Sector 17,28.738004,77.110415,LEV AC Charge point,3.3,3.3,1
UJOY,Private,Delhi,North West Delhi,Delhi,Rohini,28.71255,77.129281,LEV AC Charge point,3.3,3.3,1
UJOY,Private,Delhi,North West Delhi,Delhi,Rohini Sector 26,28.742132,77.104017,LEV AC Charge point,3.3,3.3,1
UJOY,Private,Delhi,North West Delhi,Delhi,S-16 Main Road,28.713688,77.179929,LEV AC Charge point,3.3,3.3,1
UJOY,Private,Delhi,North West Delhi,Delhi,Sai Baba Chowk,28.708092,77.124911,LEV AC Charge point,3.3,3.3,1
UJOY,Private,Delhi,North West Delhi,Delhi,"Sec Ye Or- 9, Rohini",28.714921,77.1268,LEV AC Charge point,3.3,3.3,1
UJOY,Private,Delhi,North West Delhi,Delhi,Sector 13,28.7184,77.128887,LEV AC Charge point,3.3,3.3,1
UJOY,Private,Delhi,North West Delhi,Delhi,Sector 14 Rohini,28.717569,77.125984,LEV AC Charge point,3.3,3.3,1
UJOY,Private,Delhi,North West Delhi,Delhi,Sector 14 Rohini Delhi,28.714123,77.130948,LEV AC Charge point,3.3,3.3,1
UJOY,Private,Delhi,North West Delhi,Delhi,"Sector 18, Rohini, Delhi, 110089",28.743096,77.130044,LEV AC Charge point,3.3,3.3,1
UJOY,Private,Delhi,North West Delhi,Delhi,Sector 24 Rohini,28.729722,77.085914,LEV AC Charge point,3.3,3.3,1
UJOY,Private,Delhi,North West Delhi,Delhi,"Sector 29, Rohini, Delhi, 110039",28.769641,77.093375,LEV AC Charge point,3.3,3.3,1
UJOY,Private,Delhi,North West Delhi,Delhi,"Sector-9, Rohini, Delhi-110085",28.714487,77.117335,LEV AC Charge point,3.3,3.3,1
UJOY,Private,Delhi,North West Delhi,Delhi,"Shahbad Dairy, Prahladpur, Rohini, Delhi, 110042",28.741915,77.103931,LEV AC Charge point,3.3,3.3,1
UJOY,Private,Delhi,North West Delhi,Delhi,Shop No 18  Main Chowk Budhpur Delhi 110036,28.781462,77.13755,LEV AC Charge point,3.3,3.3,1
UJOY,Private,Delhi,North West Delhi,Delhi,Shop No 1A Psp4 Sector 11 Near Bpit College Rohini Delhi,28.737843,77.110374,LEV AC Charge point,3.3,3.3,1
UJOY,Private,Delhi,North West Delhi,Delhi,Shop No 1A Psp4 Sector 11 Near Bpit College Rohini Delhi,28.737821,77.110323,LEV AC Charge point,3.3,3.3,1
UJOY,Private,Delhi,North West Delhi,Delhi,Shop No 28  Ramjilal Complex Shalimar Bagh,28.722661,77.152959,LEV AC Charge point,3.3,3.3,1
UJOY,Private,Delhi,North West Delhi,Delhi,Shop No 28 Ramjilal Complex Shalimar Bagh,28.722687,77.153204,LEV AC Charge point,3.3,3.3,1
UJOY,Private,Delhi,North West Delhi,Delhi,Shop No 816 Seed Farm Road Alipur,28.79269,77.139576,LEV AC Charge point,3.3,3.3,1
UJOY,Private,Delhi,North West Delhi,Delhi,"Shop No,2, Shakti Complax Main G T Karnal Road Behind Libas Pur",28.752271,77.14923,LEV AC Charge point,3.3,3.3,1
UJOY,Private,Delhi,North West Delhi,Delhi,Shop No. 5 Main Road Alipur Delhi_110036,28.801128,77.138513,LEV AC Charge point,3.3,3.3,1
UJOY,Private,Delhi,North West Delhi,Delhi,Shop No.1 A D Market Near Mata Kalyani Shalimar Bagh,28.719665,77.161076,LEV AC Charge point,3.3,3.3,1
UJOY,Private,Delhi,North West Delhi,Delhi,Shop No.1 Ad Market Near Kalyani Mandir Shalimar Bagh,28.71969,77.161018,LEV AC Charge point,3.3,3.3,1
UJOY,Private,Delhi,North West Delhi,Delhi,Shop No.34 Jagdamba Market Near Hero Showroom Rithala,28.722553,77.103182,LEV AC Charge point,3.3,3.3,1
UJOY,Private,Delhi,North West Delhi,Delhi,Shop Number 1 Maharaja Agrsen Market Behind Near Saraswati Apartment Lsc Number 7 Sector No Rohini Delhi 110085,28.712801,77.12161,LEV AC Charge point,3.3,3.3,1
UJOY,Private,Delhi,North West Delhi,Delhi,Sri Sai Baba Apartment Rohini Sec 9 Delhi 110085,28.709351,77.125084,LEV AC Charge point,3.3,3.3,1
UJOY,Private,Delhi,North West Delhi,Delhi,"Tri Nagar, Delhi, 110034, Pcs-2",28.680616,77.155446,LEV AC Charge point,3.3,3.3,1
UJOY,Private,Delhi,North West Delhi,Delhi,Wp 65A Pitam Pura,28.708232,77.15067,LEV AC Charge point,3.3,3.3,1
E-Fill,Private,Delhi,North East Delhi,Delhi,"B-193, Gali No.-16, Khajoori Khas, North East Delhi, Delhi-110094",28.708321,77.258086,Type-II AC,7.4,7.4,1
E-Fill,Private,Delhi,North East Delhi,Delhi,"Near Mrl School Prakash Vihar, Karawal Nagar, Delhi, 110094",28.73396,77.26943,Type-II AC,7.4,7.4,1
IOCL,Govt.,Delhi,North East Delhi,Delhi,Loni Border Loni Road. Fc Shahdara Delhi-93 Delhi.,28.6966,77.2915,CCS-II,60.0,60,1
IOCL,Govt.,Delhi,North East Delhi,Delhi,Loni Borer Lock Id 805 Loni Road Delhi Delhi.,28.701626,77.290256,LEV AC Charge point,3.3,3.3,1
IOCL,Govt.,Delhi,North East Delhi,Delhi,Wazirabad Wazirabad Road U.P.Border Near Gagan Cinema Delhi,28.698278,77.313533,CCS-II,60.0,60,1
KAZAM,Private,Delhi,North East Delhi,Delhi,"Karawal Nagar,Delhi,Delhi,110094",28.721907,77.265308,LEV AC Charge point,3.3,3.3,1
KAZAM,Private,Delhi,North East Delhi,Delhi,"Mandoli,Delhi,Delhi,110093",28.698484,77.308211,LEV AC Charge point,3.3,3.3,1
UJOY,Private,Delhi,North East Delhi,Delhi,1/2724 Ram Nagar Ahinsa Vatika,28.680556,77.292714,LEV AC Charge point,3.3,3.3,1
UJOY,Private,Delhi,North East Delhi,Delhi,1249 Art Of Scissor Salon Janta Flat Gtb Enclave,28.689671,77.314087,LEV AC Charge point,3.3,3.3,1
UJOY,Private,Delhi,North East Delhi,Delhi,1249 Ground Flour Janta Flat Gtb Enclave Delhi93,28.689683,77.314066,LEV AC Charge point,3.3,3.3,1
UJOY,Private,Delhi,North East Delhi,Delhi,138/7Bangali Calony Main Road Sant Nager Burari,28.738473,77.197639,LEV AC Charge point,3.3,3.3,1
UJOY,Private,Delhi,North East Delhi,Delhi,"20 Foot Road, Shri Ram Colony, Khajuri",28.712321,77.251426,LEV AC Charge point,3.3,3.3,1
UJOY,Private,Delhi,North East Delhi,Delhi,219 Janta Flat Gtb Enclave Delhi,28.689844,77.309518,LEV AC Charge point,3.3,3.3,1
UJOY,Private,Delhi,North East Delhi,Delhi,219 Janta Flit Gtb Enclave110093,28.689683,77.309707,LEV AC Charge point,3.3,3.3,1
UJOY,Private,Delhi,North East Delhi,Delhi,"30 Feet Rd, O & P Block Shiv Vihar, Phase 9, Shiv Vihar, Karawal Nagar, Delhi, 110094",28.726927,77.283103,LEV AC Charge point,3.3,3.3,1
UJOY,Private,Delhi,North East Delhi,Delhi,41 Foota Road Budha Bazar Near Kamalpur Delhi,28.747188,77.19632,LEV AC Charge point,3.3,3.3,1
UJOY,Private,Delhi,North East Delhi,Delhi,41 Foota Road Budha Bazar Near Kamalpur Delhi 110084,28.747149,77.196311,LEV AC Charge point,3.3,3.3,1
UJOY,Private,Delhi,North East Delhi,Delhi,60 Foota Road Kaushik Enclave Swaroop Nagar Burari,28.758386,77.188141,LEV AC Charge point,3.3,3.3,1
UJOY,Private,Delhi,North East Delhi,Delhi,"65-63, Johripur Rd, Shani Bazar, Johripur Extension, Johripur, Delhi, Uttar Pradesh 110094",28.711,77.287827,LEV AC Charge point,3.3,3.3,1
UJOY,Private,Delhi,North East Delhi,Delhi,"79, Chand Bagh, New Mustafabad, New Delhi, Delhi, 110094",28.70374,77.267425,LEV AC Charge point,3.3,3.3,1
UJOY,Private,Delhi,North East Delhi,Delhi,A 1 Block Main Sant Nagar Road Near Dadoda Dariy Main Road Buradi,28.735207,77.197525,LEV AC Charge point,3.3,3.3,1
UJOY,Private,Delhi,North East Delhi,Delhi,A -217 Thana Road Kamal Vihar Karawal Nagar,28.731207,77.273246,LEV AC Charge point,3.3,3.3,1
UJOY,Private,Delhi,North East Delhi,Delhi,A 217 Thank Road Kamal Vihar Krawal  Nagar,28.731197,77.273186,LEV AC Charge point,3.3,3.3,1
UJOY,Private,Delhi,North East Delhi,Delhi,A/86 Meet Nagar Main Mangal Bazar Road Delhi 110094,28.702695,77.296405,LEV AC Charge point,3.3,3.3,1
UJOY,Private,Delhi,North East Delhi,Delhi,A1 Block Near Jharoda Dairy Sant Nagar Sant Nagar Main Road Delhi 110084,28.735212,77.19769,LEV AC Charge point,3.3,3.3,1
UJOY,Private,Delhi,North East Delhi,Delhi,A-101 Gali No. 5 Ramesh Tyagi Colony Jharoda Majra Part-Ii Burari,28.727642,77.207318,LEV AC Charge point,3.3,3.3,1
UJOY,Private,Delhi,North East Delhi,Delhi,A2 Block Gali No 11 West Sant Nagar Buradi,28.73858,77.195576,LEV AC Charge point,3.3,3.3,1
UJOY,Private,Delhi,North East Delhi,Delhi,A-217 Thana Road Kamal  Vihar Karawal Nagar Delhi,28.731212,77.273207,LEV AC Charge point,3.3,3.3,1
UJOY,Private,Delhi,North East Delhi,Delhi,"A-4, Main Rd, Jaoddin Pur, Old Mustafabad, New Mustafabad, New Delhi, Delhi, 110094",28.708313,77.276582,LEV AC Charge point,3.3,3.3,1
UJOY,Private,Delhi,North East Delhi,Delhi,A-8 Chand Bagh Main Krawal Nager Road Delhi,28.705035,77.264066,LEV AC Charge point,3.3,3.3,1
UJOY,Private,Delhi,North East Delhi,Delhi,Ajit Vihar Pump House Road Burari Delhi,28.754054,77.186516,LEV AC Charge point,3.3,3.3,1
UJOY,Private,Delhi,North East Delhi,Delhi,Amrit Vihar Bus Stand Nathupura Road,28.764869,77.183476,LEV AC Charge point,3.3,3.3,1
UJOY,Private,Delhi,North East Delhi,Delhi,"Block 8A/151, Aaskar Public School Turn Koshik Enclave 60 Futa Road Saroop Nagar Burari",28.758182,77.184653,LEV AC Charge point,3.3,3.3,1
UJOY,Private,Delhi,North East Delhi,Delhi,Burari,28.739223,77.195945,LEV AC Charge point,3.3,3.3,1
UJOY,Private,Delhi,North East Delhi,Delhi,Burari Delhi  110084,28.750049,77.198578,LEV AC Charge point,3.3,3.3,1
UJOY,Private,Delhi,North East Delhi,Delhi,Burari Delhi 110084,28.745958,77.196707,LEV AC Charge point,3.3,3.3,1
UJOY,Private,Delhi,North East Delhi,Delhi,"Burari Rd, A Block, Nathupura, Burari, Delhi, 110084",28.764891,77.183465,LEV AC Charge point,3.3,3.3,1
UJOY,Private,Delhi,North East Delhi,Delhi,"Burari Rd, Ajit Vihar, Extension Colony, Burari, Delhi, 110084",28.758553,77.194104,LEV AC Charge point,3.3,3.3,1
UJOY,Private,Delhi,North East Delhi,Delhi,C1/207 Harsh Vihar Delhi 93,28.701226,77.321902,LEV AC Charge point,3.3,3.3,1
UJOY,Private,Delhi,North East Delhi,Delhi,C-1/207 Harsh Vihar Near Lal Mandir 110093,28.701325,77.322079,LEV AC Charge point,3.3,3.3,1
UJOY,Private,Delhi,North East Delhi,Delhi,C-147 20 Futa Road Meet Nagar Delhi 110093,28.704169,77.300964,LEV AC Charge point,3.3,3.3,1
UJOY,Private,Delhi,North East Delhi,Delhi,"Cn-45, Dayalpur Main Rd",28.705162,77.264181,LEV AC Charge point,3.3,3.3,1
UJOY,Private,Delhi,North East Delhi,Delhi,D _18/241 Main Road Brijpuri,28.707075,77.276076,LEV AC Charge point,3.3,3.3,1
UJOY,Private,Delhi,North East Delhi,Delhi,D 70 Guru Nanak Dev Colony Bhalswa Dairy Near Shiv Chowk Delhi 110042,28.750601,77.177345,LEV AC Charge point,3.3,3.3,1
UJOY,Private,Delhi,North East Delhi,Delhi,D 75 Gali No 15 West Karawal Nagar Delhi,28.728393,77.262315,LEV AC Charge point,3.3,3.3,1
UJOY,Private,Delhi,North East Delhi,Delhi,D18/241 Main Road  Brijpuri Delhi 110049,28.707015,77.276023,LEV AC Charge point,3.3,3.3,1
UJOY,Private,Delhi,North East Delhi,Delhi,D-18/241 Main Road Brijpuri Near Arun Morden Public School,28.706888,77.275984,LEV AC Charge point,3.3,3.3,1
UJOY,Private,Delhi,North East Delhi,Delhi,"D-75 Gali No150West ,Karaval Nagar",28.728383,77.262325,LEV AC Charge point,3.3,3.3,1
UJOY,Private,Delhi,North East Delhi,Delhi,Dehli Mustfabad,28.716023,77.277955,LEV AC Charge point,3.3,3.3,1
UJOY,Private,Delhi,North East Delhi,Delhi,Delhi Mustafabad,28.715323,77.27779,LEV AC Charge point,3.3,3.3,1
UJOY,Private,Delhi,North East Delhi,Delhi,E11/162 Shastri Park Delhi 53,28.672568,77.253538,LEV AC Charge point,3.3,3.3,1
UJOY,Private,Delhi,North East Delhi,Delhi,F-1 Chand Bagh,28.703745,77.267437,LEV AC Charge point,3.3,3.3,1
UJOY,Private,Delhi,North East Delhi,Delhi,F249 Khajoori Khas,28.703984,77.261667,LEV AC Charge point,3.3,3.3,1
UJOY,Private,Delhi,North East Delhi,Delhi,G-2 Main Pusta Road West Karawal Nagar,28.729302,77.260246,LEV AC Charge point,3.3,3.3,1
UJOY,Private,Delhi,North East Delhi,Delhi,Gali No 1 Pragati Enlceve,28.732516,77.190661,LEV AC Charge point,3.3,3.3,1
UJOY,Private,Delhi,North East Delhi,Delhi,Gali No1 Pragati Enlceve,28.732489,77.190653,LEV AC Charge point,3.3,3.3,1
UJOY,Private,Delhi,North East Delhi,Delhi,Gopal Chowk Samta Vihar,28.739399,77.185274,LEV AC Charge point,3.3,3.3,1
UJOY,Private,Delhi,North East Delhi,Delhi,H N 645 D Block Nathu Pura,28.770812,77.173891,LEV AC Charge point,3.3,3.3,1
UJOY,Private,Delhi,North East Delhi,Delhi,H No 92 Block B-3 Nand Nagri,28.693626,77.305357,LEV AC Charge point,3.3,3.3,1
UJOY,Private,Delhi,North East Delhi,Delhi,H.No 120 Main Nala Road Shiv Vihar Krawal Nagar,28.718103,77.279753,LEV AC Charge point,3.3,3.3,1
UJOY,Private,Delhi,North East Delhi,Delhi,"Home No.98,O Block Fhase 4 Shive Vihar Dehli Karaval Nagar 94 Near Shiv Shakti School",28.726907,77.283115,LEV AC Charge point,3.3,3.3,1
UJOY,Private,Delhi,North East Delhi,Delhi,"House-763, Street -16, Phase -6 Shiv Vihar",28.72021,77.281302,LEV AC Charge point,3.3,3.3,1
UJOY,Private,Delhi,North East Delhi,Delhi,I 115 Sunder Nagri Delhi 93,28.695626,77.322207,LEV AC Charge point,3.3,3.3,1
UJOY,Private,Delhi,North East Delhi,Delhi,"Jawahar Nagar, Delhi, Uttar Pradesh 110094",28.720076,77.289833,LEV AC Charge point,3.3,3.3,1
UJOY,Private,Delhi,North East Delhi,Delhi,"Kh No 26/3 Near Krishna & Ashirwad Dharm Kanta, Main Sewadham Road, Mandoli Delhi -110093",28.707385,77.309726,LEV AC Charge point,3.3,3.3,1
UJOY,Private,Delhi,North East Delhi,Delhi,Kh No 457/2 Shri Rama Dhram Kanta,28.75854,77.193868,LEV AC Charge point,3.3,3.3,1
UJOY,Private,Delhi,North East Delhi,Delhi,Kh No. 993 Ground Floor Near Kadipur School,28.774755,77.171271,LEV AC Charge point,3.3,3.3,1
UJOY,Private,Delhi,North East Delhi,Delhi,Kh No.137/02 Main Road Opp Sant Hospital A2 Block Sant Nagar Burari,28.739635,77.197443,LEV AC Charge point,3.3,3.3,1
UJOY,Private,Delhi,North East Delhi,Delhi,"Kh No.23/15/1, Block A-1, Sant Nagar, Burari, Delhi -110084",28.735564,77.19749,LEV AC Charge point,3.3,3.3,1
UJOY,Private,Delhi,North East Delhi,Delhi,"Kh No-23/15/1, Block A-1,  Sant Nagar, Burari, Delhi-110084",28.7355,77.197448,LEV AC Charge point,3.3,3.3,1
UJOY,Private,Delhi,North East Delhi,Delhi,Kh.No 137/02 Main Road Opp Sant Hospital A2 Block Sant Nagar Burari,28.739653,77.197465,LEV AC Charge point,3.3,3.3,1
UJOY,Private,Delhi,North East Delhi,Delhi,"Kh.No.137/2, Main Road,Opp . Sant Hospital A2 Block Sant Nagar Burari",28.73953,77.197577,LEV AC Charge point,3.3,3.3,1
UJOY,Private,Delhi,North East Delhi,Delhi,Kh.No.18/24/1 West Santnagar,28.738717,77.192908,LEV AC Charge point,3.3,3.3,1
UJOY,Private,Delhi,North East Delhi,Delhi,"Kh.No.23/15/1, Main 100 Foota Road, Block A-1, Sant Nagar, Burari, Delhi-110084, Opposite Pepsi Road",28.73557,77.197472,LEV AC Charge point,3.3,3.3,1
UJOY,Private,Delhi,North East Delhi,Delhi,Kh.No.457/2 Shri Rama Dhram Kanta,28.758516,77.193889,LEV AC Charge point,3.3,3.3,1
UJOY,Private,Delhi,North East Delhi,Delhi,Kh.No18/24/1 West Santnagar Burari,28.736529,77.19259,LEV AC Charge point,3.3,3.3,1
UJOY,Private,Delhi,North East Delhi,Delhi,Khajoori Khas.  F249 St No. 13,28.703924,77.261851,LEV AC Charge point,3.3,3.3,1
UJOY,Private,Delhi,North East Delhi,Delhi,Khasra No 37/7 Gali No 15 Near Panchseel Asram,28.727181,77.211854,LEV AC Charge point,3.3,3.3,1
UJOY,Private,Delhi,North East Delhi,Delhi,"Khoojuri Pus Ta Road, Opp. Crpf Camp, Biharipur Extn. Delhi 110094",28.7153,77.257893,LEV AC Charge point,3.3,3.3,1
UJOY,Private,Delhi,North East Delhi,Delhi,"Khoojuri Pusta Road, Opp. Crpf Camp, Bihari Pur Extn. Delhi 110094",28.715298,77.257895,LEV AC Charge point,3.3,3.3,1
UJOY,Private,Delhi,North East Delhi,Delhi,Khsra No 457/2 Shri Rama Dhram Kanta,28.758549,77.193873,LEV AC Charge point,3.3,3.3,1
UJOY,Private,Delhi,North East Delhi,Delhi,"Lal Mandir, B-1/794A 25 Ft. Road, Main, Lal Mandir Rd, Harsh Vihar, Delhi, 110093",28.701358,77.322215,LEV AC Charge point,3.3,3.3,1
UJOY,Private,Delhi,North East Delhi,Delhi,Main Gali Pandit Enclave,28.738139,77.184634,LEV AC Charge point,3.3,3.3,1
UJOY,Private,Delhi,North East Delhi,Delhi,"Main Rd, Babu Nagar, Block A, Old Mustafabad, New Mustafabad, Delhi, 110094",28.713485,77.277888,LEV AC Charge point,3.3,3.3,1
UJOY,Private,Delhi,North East Delhi,Delhi,"Main Rd, Brij Puri, Gokalpur, Delhi, 110094",28.707033,77.275979,LEV AC Charge point,3.3,3.3,1
UJOY,Private,Delhi,North East Delhi,Delhi,"Main Road Jhoorepur,Near Kardam Dharamsala",28.716707,77.281281,LEV AC Charge point,3.3,3.3,1
UJOY,Private,Delhi,North East Delhi,Delhi,Main Road Near Buradi Road Near Buradi Police Station,28.735458,77.197305,LEV AC Charge point,3.3,3.3,1
UJOY,Private,Delhi,North East Delhi,Delhi,Main Road Tahir Pur H No 136,28.686728,77.319076,LEV AC Charge point,3.3,3.3,1
UJOY,Private,Delhi,North East Delhi,Delhi,Moni Tayer House Metro Piler No 59,28.720176,77.289618,LEV AC Charge point,3.3,3.3,1
UJOY,Private,Delhi,North East Delhi,Delhi,Monitor House Loni Road Pillar Number 59,28.72017,77.289554,LEV AC Charge point,3.3,3.3,1
UJOY,Private,Delhi,North East Delhi,Delhi,Mony Tyre House Loni Road Ghaziabad Plumber 59,28.720002,77.289548,LEV AC Charge point,3.3,3.3,1
UJOY,Private,Delhi,North East Delhi,Delhi,Moonga Nagar Gali No 5 Shop No 333,28.706807,77.263698,LEV AC Charge point,3.3,3.3,1
UJOY,Private,Delhi,North East Delhi,Delhi,"Mukundpur, Delhi, 110084",28.749227,77.188003,LEV AC Charge point,3.3,3.3,1
UJOY,Private,Delhi,North East Delhi,Delhi,Nahin To Mujhe Road New Song Bazar Road Karawal Nagar Delhi 94,28.728499,77.266334,LEV AC Charge point,3.3,3.3,1
UJOY,Private,Delhi,North East Delhi,Delhi,Nathu Pura Main Rd,28.76493,77.183521,LEV AC Charge point,3.3,3.3,1
UJOY,Private,Delhi,North East Delhi,Delhi,Pepsi Road Burari,28.737339,77.19579,LEV AC Charge point,3.3,3.3,1
UJOY,Private,Delhi,North East Delhi,Delhi,Pepsi Road Vps Scool,28.738298,77.19466,LEV AC Charge point,3.3,3.3,1
UJOY,Private,Delhi,North East Delhi,Delhi,Pilot No 802 West Jawharnagar Main Loni Road Gzb,28.723802,77.289175,LEV AC Charge point,3.3,3.3,1
UJOY,Private,Delhi,North East Delhi,Delhi,Pocket F Gate No 4 Near Greenfield Public School Delhe,28.686138,77.312767,LEV AC Charge point,3.3,3.3,1
UJOY,Private,Delhi,North East Delhi,Delhi,Pradeep Vihar Gate No 2,28.77166,77.179719,LEV AC Charge point,3.3,3.3,1
UJOY,Private,Delhi,North East Delhi,Delhi,"Pradeep Vihar Gate No 2, Burari",28.771801,77.179691,LEV AC Charge point,3.3,3.3,1
UJOY,Private,Delhi,North East Delhi,Delhi,Pump House Road West Kamal Vihar Delhi 110084,28.749235,77.187997,LEV AC Charge point,3.3,3.3,1
UJOY,Private,Delhi,North East Delhi,Delhi,Rwa Pocket A Gtb Enclave,28.691342,77.316314,LEV AC Charge point,3.3,3.3,1
UJOY,Private,Delhi,North East Delhi,Delhi,"Shani Bazar, Tunda Nagar, Johripur, Delhi, 110094",28.713039,77.286741,LEV AC Charge point,3.3,3.3,1
UJOY,Private,Delhi,North East Delhi,Delhi,Shop No 5 Pepsi Road Himgiri Enclave Near Authority Opp Jal Borde,28.734812,77.192902,LEV AC Charge point,3.3,3.3,1
UJOY,Private,Delhi,North East Delhi,Delhi,Shop No. 5 Pepsi Road Himgiri Enclave Near By Authority Delhi Jal Borde,28.734721,77.192775,LEV AC Charge point,3.3,3.3,1
UJOY,Private,Delhi,North East Delhi,Delhi,Shop No.04 Gali No.17 Wazirabad Vill,28.731058,77.223363,LEV AC Charge point,3.3,3.3,1
UJOY,Private,Delhi,North East Delhi,Delhi,Shpo No 143 135 Dda  Indra Markit Old Seema Puri Delhi95,28.680389,77.326936,LEV AC Charge point,3.3,3.3,1
UJOY,Private,Delhi,North East Delhi,Delhi,Shri Rama Dhram Kanta,28.758442,77.19396,LEV AC Charge point,3.3,3.3,1
UJOY,Private,Delhi,North East Delhi,Delhi,Som Bazar Road Karawal Nagar Delhi,28.72851,77.26634,LEV AC Charge point,3.3,3.3,1
UJOY,Private,Delhi,North East Delhi,Delhi,Sop.No.04 Gali 17Wazirabad Vill.,28.731047,77.22335,LEV AC Charge point,3.3,3.3,1
UJOY,Private,Delhi,North East Delhi,Delhi,"Street Number 2, Block G, West Karawal Nagar, Karawal Nagar, Delhi, 110094",28.729246,77.260837,LEV AC Charge point,3.3,3.3,1
UJOY,Private,Delhi,North East Delhi,Delhi,Swami Dayanand Enklev Burari Sawroop Nagar 60Ft Main Road,28.757655,77.182221,LEV AC Charge point,3.3,3.3,1
UJOY,Private,Delhi,North East Delhi,Delhi,Tahirpur Red Light Near Ram Mandir Dehil 95,28.688254,77.319739,LEV AC Charge point,3.3,3.3,1
UJOY,Private,Delhi,North East Delhi,Delhi,"Ě˛ēı ēTđ गĕı, Phase 6, Shiv Vihar, Karawal Nagar, Delhi, 110094",28.718197,77.279842,LEV AC Charge point,3.3,3.3,1
Ather,Private,Delhi,North Delhi,Delhi,"Near Rajiv Gandhi Cancer Hospital,Delhi",28.718,77.11032,LEV DC Charge Point (IS-17017-2-7),3.3,3.3,1
DELTA,Private,Delhi,North Delhi,Delhi,"Lucknow Rd, Timarpur, New Delhi, Delhi 110054",28.701093,77.218112,Bharat DC-001,15.0,15,1
E-Fill,Private,Delhi,North Delhi,Delhi,"A-38, Dsiidc, Bawana Industrial Area, Sec-5",28.7927,77.072724,Type-II AC,7.4,7.4,1
E-Fill,Private,Delhi,North Delhi,Delhi,"D-99, Sector-5, Disidc Bawana Industrial Area, Delhi-110039",28.798103,77.080616,Type-II AC,7.4,7.4,1
E-Fill,Private,Delhi,North Delhi,Delhi,"Plot No.4, Opp Kanishka Farm, Near Rama Vihar Bus Stand Main Kanjhawala Raod",28.72842,77.04717,Type-II AC,7.4,7.4,1
E-Fill,Private,Delhi,North Delhi,Delhi,"Shop No.5, Lucknow Rd, Opp. Allahabad Bank, Banarsi Das Estate, Timarpur",28.697192,77.216615,Type-II AC,7.4,7.4,1
HPCL,Govt.,Delhi,North Delhi,Delhi,Pitampura,28.696256,77.155125,Bharat DC-001,15.0,15,1
IOCL,Govt.,Delhi,North Delhi,Delhi,22/4Singhu Border G T Karnal Road Delhi Lock Code - I-565,28.856947,77.124211,LEV AC Charge point,3.3,3.3,1
IOCL,Govt.,Delhi,North Delhi,Delhi,A-7Phase 1/1Plot No.4 Nareladelhi-40 Lock Code - I - 377,28.847299,77.099528,CCS-II,60.0,60,1
IOCL,Govt.,Delhi,North Delhi,Delhi,Dheerpur Near Mukudpur Chowk North Of Ring Road,28.730016,77.183393,CCS-II,30.0,30,1
IOCL,Govt.,Delhi,North Delhi,Delhi,Js Filling Station Khasra No. 65/11/2 12/2 Bakhtawar Narela,28.817224,77.173877,LEV AC Charge point,3.3,3.3,1
IOCL,Govt.,Delhi,North Delhi,Delhi,Kh. No: 178/14 Samaypur Badli To Bawana Road Via Poothkhurd,28.786206,77.040606,CCS-II,60.0,60,1
IOCL,Govt.,Delhi,North Delhi,Delhi,Libaspur Khasra No.21-25 G.T. Karnal Road Libaspur Delhi-42,28.756114,77.147799,LEV AC Charge point,3.3,3.3,1
IOCL,Govt.,Delhi,North Delhi,Delhi,Near Dd Mall Mp-5 Road Mp-5 Road Bawana Industrial Area,28.800177,77.085523,CCS-II,30.0,30,1
IOCL,Govt.,Delhi,North Delhi,Delhi,Near Plot No. 280 Near Cycle Track Pocket-Bsector-3 Bawana Industrial Area,28.785717,77.049173,CCS-II,30.0,30,1
KAZAM,Private,Delhi,North Delhi,Delhi,"Bawana,New Delhi,Delhi,110039",28.791716,77.052741,LEV AC Charge point,3.3,3.3,1
KAZAM,Private,Delhi,North Delhi,Delhi,"Chandni Chowk,New Delhi,Delhi,110006",28.655728,77.224063,LEV AC Charge point,3.3,3.3,1
KAZAM,Private,Delhi,North Delhi,Delhi,"Gopalpur Village,Delhi,Delhi,110009",28.720937,77.213674,LEV AC Charge point,3.3,3.3,1
KAZAM,Private,Delhi,North Delhi,Delhi,"New Delhi,Narela,Delhi,110040",28.834553,77.09152,LEV AC Charge point,3.3,3.3,1
NTPC,Govt.,Delhi,North Delhi,Delhi,"Hpcl Om Service Station, Singhu Border, Delhi,Singhu Border, Delhi",28.85365,77.12463,Bharat DC-001,15.0,15,1
NTPC,Govt.,Delhi,North Delhi,Delhi,"Iocl Paras Automobile, Bijwasan",28.531431,77.062644,Bharat AC-001,10.0,3.3,1
NTPC,Govt.,Delhi,North Delhi,Delhi,"Iocl Paras Automobile, Bijwasan",28.531431,77.062644,Bharat DC-001,15.0,15,1
NTPC,Govt.,Delhi,North Delhi,Delhi,"Ms Associated Service Station,Near Kashmiri Gate,Alipur Road",28.67008,77.22636,Bharat DC-001,15.0,15,1
PGCIL,Govt.,Delhi,North Delhi,Delhi,Kingsway Service Station,28.696549,77.211784,Bharat DC-001,15.0,15,1
Reliance BP,Private,Delhi,North Delhi,Delhi,"6 Kv Grid For E/O Sector G-8 Narela Sub City,  Narela Delhi",28.80707,77.06274,Type-II AC,22.0,22,1
Tellus,Private,Delhi,North Delhi,Delhi,"Near Hans Cinema, Azadpur",28.702968,77.180126,CCS-II,50.0,50,1
UJOY,Private,Delhi,North Delhi,Delhi,1025 Jain Nagar,28.73534,77.054907,LEV AC Charge point,3.3,3.3,1
UJOY,Private,Delhi,North Delhi,Delhi,144/22 Ground Floor Village Kanjhawala,28.73828,77.006687,LEV AC Charge point,3.3,3.3,1
UJOY,Private,Delhi,North Delhi,Delhi,17 /10 Shakti Nagar Delhi,28.681252,77.19336,LEV AC Charge point,3.3,3.3,1
UJOY,Private,Delhi,North Delhi,Delhi,17/10 Shakti Nagar Delhi,28.681249,77.193665,LEV AC Charge point,3.3,3.3,1
UJOY,Private,Delhi,North Delhi,Delhi,18/63East Moti Bagh Sarai Rohilla,28.669034,77.183184,LEV AC Charge point,3.3,3.3,1
UJOY,Private,Delhi,North Delhi,Delhi,190 Malik Pur Village Near Model Town First Red Light,28.702902,77.195465,LEV AC Charge point,3.3,3.3,1
UJOY,Private,Delhi,North Delhi,Delhi,"190, Srp Bismil Marg, Muncipal Corporation Of Delhi Colony, Tagore Park Extension, Mukherjee Nagar, Delhi, 110009",28.702906,77.19538,LEV AC Charge point,3.3,3.3,1
UJOY,Private,Delhi,North Delhi,Delhi,1961Main Arya Samaj Road,28.858,77.093068,LEV AC Charge point,3.3,3.3,1
UJOY,Private,Delhi,North Delhi,Delhi,1961Main Arya Samaj Road,28.857945,77.093004,LEV AC Charge point,3.3,3.3,1
UJOY,Private,Delhi,North Delhi,Delhi,2006/1 Railway Road Narela Delhi,28.848456,77.086878,LEV AC Charge point,3.3,3.3,1
UJOY,Private,Delhi,North Delhi,Delhi,2388 Alipur Road (Near Btw) Narela Delhi -110040,28.843678,77.089666,LEV AC Charge point,3.3,3.3,1
UJOY,Private,Delhi,North Delhi,Delhi,2466 Roshnara Road Subzi Mandi Delhi,28.672582,77.201764,LEV AC Charge point,3.3,3.3,1
UJOY,Private,Delhi,North Delhi,Delhi,2466 Roshnara Road Subzi Mandi Delhi 110007,28.673392,77.201847,LEV AC Charge point,3.3,3.3,1
UJOY,Private,Delhi,North Delhi,Delhi,"38, Prince Rd, Tagore Park, Mukherjee Nagar, Delhi, 110009",28.705296,77.196893,LEV AC Charge point,3.3,3.3,1
UJOY,Private,Delhi,North Delhi,Delhi,47 Metro Piller  No 124 Near Pratap Nagar Metro,28.667927,77.19374,LEV AC Charge point,3.3,3.3,1
UJOY,Private,Delhi,North Delhi,Delhi,47 Metro Piller No 124 Near Pratap Nagar Metro Station Delhi,28.667967,77.193737,LEV AC Charge point,3.3,3.3,1
UJOY,Private,Delhi,North Delhi,Delhi,4773A Roshanara Road,28.670862,77.202363,LEV AC Charge point,3.3,3.3,1
UJOY,Private,Delhi,North Delhi,Delhi,63 Subji Mandi Main Bazaar,28.671061,77.20656,LEV AC Charge point,3.3,3.3,1
UJOY,Private,Delhi,North Delhi,Delhi,63 Subji Mandi Main Bazaar,28.671084,77.206554,LEV AC Charge point,3.3,3.3,1
UJOY,Private,Delhi,North Delhi,Delhi,"68/17,Plot No.3, Main Kanjhawla Road, Near Goel Tiles , Karala ,New Delhi,110081",28.733953,77.022516,LEV AC Charge point,3.3,3.3,1
UJOY,Private,Delhi,North Delhi,Delhi,"68/17,Plot No.3,Main Kanjhawla Road, Near Goel Tiles,Karala, New Dwlhi , 110081",28.73381,77.022468,LEV AC Charge point,3.3,3.3,1
UJOY,Private,Delhi,North Delhi,Delhi,"7882, Dina Nath Road, Kharian Mohalla New Delhi",28.669851,77.201838,LEV AC Charge point,3.3,3.3,1
UJOY,Private,Delhi,North Delhi,Delhi,8206 Roshnara Road Delhi,28.670136,77.202614,LEV AC Charge point,3.3,3.3,1
UJOY,Private,Delhi,North Delhi,Delhi,8785 Roashanara Road New Delhi,28.667305,77.207732,LEV AC Charge point,3.3,3.3,1
UJOY,Private,Delhi,North Delhi,Delhi,8810 Shidipura Raja Lane New Rohtak Road,28.654775,77.200825,LEV AC Charge point,3.3,3.3,1
UJOY,Private,Delhi,North Delhi,Delhi,A 15 Rajiv Nagar Extn,28.736601,77.062,LEV AC Charge point,3.3,3.3,1
UJOY,Private,Delhi,North Delhi,Delhi,A111 Gali No 1 Khera Garhi Colony,28.769931,77.118213,LEV AC Charge point,3.3,3.3,1
UJOY,Private,Delhi,North Delhi,Delhi,A-800/34 Shastri Nagar Delhi Near Vijay Petrol Pump,28.673982,77.186234,LEV AC Charge point,3.3,3.3,1
UJOY,Private,Delhi,North Delhi,Delhi,B 220 Gali No.8 Prem Nagar 2 Gaurav Nagar Anand Nagar Kirari Suleman Nagar Delhi,28.70018,77.054779,LEV AC Charge point,3.3,3.3,1
UJOY,Private,Delhi,North Delhi,Delhi,B1687 Shastri Nagar,28.678805,77.180621,LEV AC Charge point,3.3,3.3,1
UJOY,Private,Delhi,North Delhi,Delhi,B927 Shastri Nagar Delhi,28.673211,77.182465,LEV AC Charge point,3.3,3.3,1
UJOY,Private,Delhi,North Delhi,Delhi,Baldev Vihar Delhi,28.738408,77.041903,LEV AC Charge point,3.3,3.3,1
UJOY,Private,Delhi,North Delhi,Delhi,"Bawana Rd, Bawana Extension, Bawana, Delhi, 110039",28.793366,77.037095,LEV AC Charge point,3.3,3.3,1
UJOY,Private,Delhi,North Delhi,Delhi,"Bawana Rd, Puth Khurd, New Delhi, Delhi, 110039",28.765783,77.052156,LEV AC Charge point,3.3,3.3,1
UJOY,Private,Delhi,North Delhi,Delhi,"Block B, Model Town Phase I, Model Town, Delhi, 110009",28.702898,77.194952,LEV AC Charge point,3.3,3.3,1
UJOY,Private,Delhi,North Delhi,Delhi,C-1 Rama Vihar Main Kanjhawala Road Delhi,28.727732,77.047945,LEV AC Charge point,3.3,3.3,1
UJOY,Private,Delhi,North Delhi,Delhi,"Daulat Ram Dharamvir Axles, Ashok Vihar, Delhi, 110007",28.690688,77.191156,LEV AC Charge point,3.3,3.3,1
UJOY,Private,Delhi,North Delhi,Delhi,Dda Flat E436 Sector G2 Pocket 2 Narela,28.827029,77.081178,LEV AC Charge point,3.3,3.3,1
UJOY,Private,Delhi,North Delhi,Delhi,F 53 Rajiv Nagar Begumpur Village New Delhi,28.728369,77.056038,LEV AC Charge point,3.3,3.3,1
UJOY,Private,Delhi,North Delhi,Delhi,F 87 Sector 2 Bawana Industrial Area,28.797338,77.046725,LEV AC Charge point,3.3,3.3,1
UJOY,Private,Delhi,North Delhi,Delhi,F 87 Sector 2 Bawana Industrial Area Delhi,28.797117,77.046753,LEV AC Charge point,3.3,3.3,1
UJOY,Private,Delhi,North Delhi,Delhi,Flat No 21 Blk A-1 Pkt-4  Sector-34 Rohini,28.76891,77.074626,LEV AC Charge point,3.3,3.3,1
UJOY,Private,Delhi,North Delhi,Delhi,"Flat No 21, Block A6 Pocket 2",28.825894,77.080738,LEV AC Charge point,3.3,3.3,1
UJOY,Private,Delhi,North Delhi,Delhi,"Flat No 24, Block D8, Pocket 2",28.827024,77.080358,LEV AC Charge point,3.3,3.3,1
UJOY,Private,Delhi,North Delhi,Delhi,"Flat No.21, Block-C8  Pocket 2",28.827847,77.080406,LEV AC Charge point,3.3,3.3,1
UJOY,Private,Delhi,North Delhi,Delhi,"Flat-4,Block-1,Sector-20,M C D Flats ,Rohini",28.714299,77.07196,LEV AC Charge point,3.3,3.3,1
UJOY,Private,Delhi,North Delhi,Delhi,"Flat-4,Block-1,Sector-20,Mcd Flats,Rohini",28.714298,77.07199,LEV AC Charge point,3.3,3.3,1
UJOY,Private,Delhi,North Delhi,Delhi,Gali No 12 Gaurav Nagar Kirari Near Veer Bazaar Road,28.700828,77.055956,LEV AC Charge point,3.3,3.3,1
UJOY,Private,Delhi,North Delhi,Delhi,Gali No 5 Sanjay Colony Safiabaad Narela,28.857512,77.088229,LEV AC Charge point,3.3,3.3,1
UJOY,Private,Delhi,North Delhi,Delhi,Gali No 7 Gautam Colony Safiyabad Road Narela,28.858399,77.088067,LEV AC Charge point,3.3,3.3,1
UJOY,Private,Delhi,North Delhi,Delhi,Gali No.14 Gautam Colony  Safiabad Road Narela,28.861541,77.086228,LEV AC Charge point,3.3,3.3,1
UJOY,Private,Delhi,North Delhi,Delhi,Garrage No 57 Gulabi Bagh Truck Market,28.671352,77.193604,LEV AC Charge point,3.3,3.3,1
UJOY,Private,Delhi,North Delhi,Delhi,Ghantaghar Roshanara Road,28.675666,77.202101,LEV AC Charge point,3.3,3.3,1
UJOY,Private,Delhi,North Delhi,Delhi,Gram Sabha Colony Village Naya Bans Delhi,28.783986,77.096611,LEV AC Charge point,3.3,3.3,1
UJOY,Private,Delhi,North Delhi,Delhi,Gt Karnal Road Azad Pur Delhi. 110009.,28.703271,77.18259,LEV AC Charge point,3.3,3.3,1
UJOY,Private,Delhi,North Delhi,Delhi,Gt Karnal Road Azadpur Delhi 110009,28.703233,77.182487,LEV AC Charge point,3.3,3.3,1
UJOY,Private,Delhi,North Delhi,Delhi,H.No1419 Vpo Karala Near Mcd Dispencry,28.731196,77.038032,LEV AC Charge point,3.3,3.3,1
UJOY,Private,Delhi,North Delhi,Delhi,H.No1419Vpo Karala Near Mcd Dispencry,28.731197,77.038032,LEV AC Charge point,3.3,3.3,1
UJOY,Private,Delhi,North Delhi,Delhi,"Hno 11,12,13 Kh. No. 158/9 Bawana Kanjhawala Road",28.791478,77.033891,LEV AC Charge point,3.3,3.3,1
UJOY,Private,Delhi,North Delhi,Delhi,Hno 1441 Creative Height Apartment Sector 29,28.767332,77.091691,LEV AC Charge point,3.3,3.3,1
UJOY,Private,Delhi,North Delhi,Delhi,House C200 Rishal Garden Nangloi,28.659108,77.050284,LEV AC Charge point,3.3,3.3,1
UJOY,Private,Delhi,North Delhi,Delhi,"House No. 71B, Block A, Krishan Vihar, Opp. Budh Vihar",28.704646,77.085078,LEV AC Charge point,3.3,3.3,1
UJOY,Private,Delhi,North Delhi,Delhi,"Ishwar Colony, Bawana, Delhi, 110039",28.78769,77.038758,LEV AC Charge point,3.3,3.3,1
UJOY,Private,Delhi,North Delhi,Delhi,"Ismail Khan Park, Swami Narayan Underpass Rd, Daulat Ram Dharamvir Axles, Ashok Vihar, Delhi, 110007",28.690703,77.190774,LEV AC Charge point,3.3,3.3,1
UJOY,Private,Delhi,North Delhi,Delhi,Jaunti,28.752548,76.971578,LEV AC Charge point,3.3,3.3,1
UJOY,Private,Delhi,North Delhi,Delhi,Kanjawala Opposite Post Office,28.735361,77.00605,LEV AC Charge point,3.3,3.3,1
UJOY,Private,Delhi,North Delhi,Delhi,Kanjhawala Chowk Tiranga Market,28.733423,77.004367,LEV AC Charge point,3.3,3.3,1
UJOY,Private,Delhi,North Delhi,Delhi,"Kanjhawala Rd, Sukhbeer Nagar, Sector 38, Rohini, Delhi, 110081",28.726857,77.051657,LEV AC Charge point,3.3,3.3,1
UJOY,Private,Delhi,North Delhi,Delhi,Kanjhawala Road Near Md Vidya Bhawan,28.79085,77.033019,LEV AC Charge point,3.3,3.3,1
UJOY,Private,Delhi,North Delhi,Delhi,Kanjhawala Road Tiranga Market,28.733871,77.00479,LEV AC Charge point,3.3,3.3,1
UJOY,Private,Delhi,North Delhi,Delhi,"Kanjhawala Village, Delhi, 110081",28.735377,77.006023,LEV AC Charge point,3.3,3.3,1
UJOY,Private,Delhi,North Delhi,Delhi,Kh 68/1 Main Road Bhorgarh,28.831269,77.09412,LEV AC Charge point,3.3,3.3,1
UJOY,Private,Delhi,North Delhi,Delhi,Kh No 12/21 Khanjhwaala Road Begum Pur Main Bus Stand Delhi,28.721871,77.064891,LEV AC Charge point,3.3,3.3,1
UJOY,Private,Delhi,North Delhi,Delhi,Kh12/21 Mani Kanjahwala Road Main Bus Stand Bagampul,28.721864,77.064917,LEV AC Charge point,3.3,3.3,1
UJOY,Private,Delhi,North Delhi,Delhi,Khasra 33/13/1 Gutam Colony Sfiabaadrd Narela,28.861556,77.086265,LEV AC Charge point,3.3,3.3,1
UJOY,Private,Delhi,North Delhi,Delhi,Khera Khurd Near Jai Maan Public School,28.775506,77.10267,LEV AC Charge point,3.3,3.3,1
UJOY,Private,Delhi,North Delhi,Delhi,"Lui Brail Vihar, Rani Khera, Delhi, 110081",28.706122,77.027789,LEV AC Charge point,3.3,3.3,1
UJOY,Private,Delhi,North Delhi,Delhi,M-358 Chander Shekhar Azad Colony Kishan Ganj,28.666849,77.195168,LEV AC Charge point,3.3,3.3,1
UJOY,Private,Delhi,North Delhi,Delhi,Main Kanjhawala Road Budh Vihar Phase 1 Near Satnaryan Hospital,28.709353,77.081023,LEV AC Charge point,3.3,3.3,1
UJOY,Private,Delhi,North Delhi,Delhi,"Malikpur Chavni, Mukherjee Nagar, Delhi, 110009",28.705288,77.196831,LEV AC Charge point,3.3,3.3,1
UJOY,Private,Delhi,North Delhi,Delhi,Men Bawana Roadpahladpur Bangar Near Uco Bank,28.752235,77.078271,LEV AC Charge point,3.3,3.3,1
UJOY,Private,Delhi,North Delhi,Delhi,"Mohammadpur Majri, Karala, Delhi, 110081",28.729579,77.035037,LEV AC Charge point,3.3,3.3,1
UJOY,Private,Delhi,North Delhi,Delhi,Narela Fire Brigade Station Narela,28.849295,77.087643,LEV AC Charge point,3.3,3.3,1
UJOY,Private,Delhi,North Delhi,Delhi,Near Uco Bank Man Bawana Road Aur Kya Hai,28.752214,77.0783,LEV AC Charge point,3.3,3.3,1
UJOY,Private,Delhi,North Delhi,Delhi,Nirala Fire Brigade Station Narela,28.849302,77.087593,LEV AC Charge point,3.3,3.3,1
UJOY,Private,Delhi,North Delhi,Delhi,"Nithari Chowk, Fauji Vatika, Shivram Pan Bhandar Kirari Suleman Nagar, Delhi-110086",28.704334,77.05381,LEV AC Charge point,3.3,3.3,1
UJOY,Private,Delhi,North Delhi,Delhi,Om Vihar Near Bakhnear,28.851443,77.0701,LEV AC Charge point,3.3,3.3,1
UJOY,Private,Delhi,North Delhi,Delhi,Opp Hdfc Bank Arya Samaj Road,28.856996,77.091939,LEV AC Charge point,3.3,3.3,1
UJOY,Private,Delhi,North Delhi,Delhi,Opposite Dsiidc Office Main Delhi Road Bawana,28.793354,77.037218,LEV AC Charge point,3.3,3.3,1
UJOY,Private,Delhi,North Delhi,Delhi,Opposite Savitri Hospital Kanjhawala,28.734982,77.012746,LEV AC Charge point,3.3,3.3,1
UJOY,Private,Delhi,North Delhi,Delhi,Pahladpur Court Mod Delhi,28.749913,77.082756,LEV AC Charge point,3.3,3.3,1
UJOY,Private,Delhi,North Delhi,Delhi,Pahladpur Put Modedelhi 42,28.749917,77.082763,LEV AC Charge point,3.3,3.3,1
UJOY,Private,Delhi,North Delhi,Delhi,Phaladpur Near Ndpl Office,28.752427,77.076644,LEV AC Charge point,3.3,3.3,1
UJOY,Private,Delhi,North Delhi,Delhi,Plot No 10 Khasra No 88/2Shiv Vihar Karala,28.733347,77.024607,LEV AC Charge point,3.3,3.3,1
UJOY,Private,Delhi,North Delhi,Delhi,Plot No 10Khasra No 88/2 Shiv Vihar Colony,28.733403,77.024633,LEV AC Charge point,3.3,3.3,1
UJOY,Private,Delhi,North Delhi,Delhi,Plot No 2 &3 Rajeev Nagar Extn Main Kanjhawala Road,28.723558,77.062139,LEV AC Charge point,3.3,3.3,1
UJOY,Private,Delhi,North Delhi,Delhi,Plot No 2 &3 Rajeev Nagar Extn Main Kanjhawala Road,28.72354,77.062132,LEV AC Charge point,3.3,3.3,1
UJOY,Private,Delhi,North Delhi,Delhi,Plot No Nm64 Pkt N Sec 3 Dsiidc Bawana Delhi,28.78354,77.059078,LEV AC Charge point,3.3,3.3,1
UJOY,Private,Delhi,North Delhi,Delhi,"Plot No. - 29A, Pratap Vihar, Part - 3, Main Kirari Expressway Road",28.704984,77.057197,LEV AC Charge point,3.3,3.3,1
UJOY,Private,Delhi,North Delhi,Delhi,Plot No.62  Opp. Radha Swami Satsang Byas,28.857549,77.106558,LEV AC Charge point,3.3,3.3,1
UJOY,Private,Delhi,North Delhi,Delhi,Plote No - 6 Kh No - 17/1/1/1 Village Kureni  Narela Delhi -110040,28.843675,77.089794,LEV AC Charge point,3.3,3.3,1
UJOY,Private,Delhi,North Delhi,Delhi,"Plote No -6 Kh No - 17/1/1/1 Village Kureni,Narela Delhi -110040",28.841696,77.090557,LEV AC Charge point,3.3,3.3,1
UJOY,Private,Delhi,North Delhi,Delhi,Pocket 1 Sector 21 Rohini,28.710858,77.067069,LEV AC Charge point,3.3,3.3,1
UJOY,Private,Delhi,North Delhi,Delhi,Pocket N-Plot E-189,28.782622,77.05987,LEV AC Charge point,3.3,3.3,1
UJOY,Private,Delhi,North Delhi,Delhi,Pooth Khurd Delhi 110039 Near Society Bus Stand,28.765778,77.052178,LEV AC Charge point,3.3,3.3,1
UJOY,Private,Delhi,North Delhi,Delhi,Ramdev Chok Narela,28.857883,77.093236,LEV AC Charge point,3.3,3.3,1
UJOY,Private,Delhi,North Delhi,Delhi,Rani Kheda Road Jay Mata Propartes,28.702528,77.027715,LEV AC Charge point,3.3,3.3,1
UJOY,Private,Delhi,North Delhi,Delhi,Rani Khera Near Bus Stand Kanjhawala,28.70608,77.027761,LEV AC Charge point,3.3,3.3,1
UJOY,Private,Delhi,North Delhi,Delhi,Rohini Sector 22 Lakhiram Park Delhi,28.713262,77.060572,LEV AC Charge point,3.3,3.3,1
UJOY,Private,Delhi,North Delhi,Delhi,Sangam Park Dda Market,28.690589,77.191419,LEV AC Charge point,3.3,3.3,1
UJOY,Private,Delhi,North Delhi,Delhi,"Sanjay Colony .Khasra No 37 /10/2,Gali No 9 Main Road Safiabad Nerela",28.859523,77.087633,LEV AC Charge point,3.3,3.3,1
UJOY,Private,Delhi,North Delhi,Delhi,"Sanjay Colony, Khasra No .37/10/2,Gali No 9 Main Safiabad Road Nerela",28.859556,77.087649,LEV AC Charge point,3.3,3.3,1
UJOY,Private,Delhi,North Delhi,Delhi,"Sector 3, Bawana, New Delhi, Delhi, 110039",28.783539,77.059161,LEV AC Charge point,3.3,3.3,1
UJOY,Private,Delhi,North Delhi,Delhi,Shakti Kunj Girls Pg,28.714163,77.213059,LEV AC Charge point,3.3,3.3,1
UJOY,Private,Delhi,North Delhi,Delhi,"Shop No 1 Kanjhawala Road Near Shamshan Ghat ,Sukhbir Nagar",28.728173,77.047056,LEV AC Charge point,3.3,3.3,1
UJOY,Private,Delhi,North Delhi,Delhi,"Shop No 2373 , Bawana Road Narela Delhi",28.843046,77.088988,LEV AC Charge point,3.3,3.3,1
UJOY,Private,Delhi,North Delhi,Delhi,Shop No 6 Roop Nagar Delhi,28.68327,77.19737,LEV AC Charge point,3.3,3.3,1
UJOY,Private,Delhi,North Delhi,Delhi,Shop No 6 Roop Nagar Delhi 110007,28.683297,77.197474,LEV AC Charge point,3.3,3.3,1
UJOY,Private,Delhi,North Delhi,Delhi,"Shop No.2, Harphool Singh Building ,Clock Tower, Subzi Mandi, Delhi",28.675318,77.201842,LEV AC Charge point,3.3,3.3,1
UJOY,Private,Delhi,North Delhi,Delhi,Shop No12 Old Rohtak Road Kishan Ganj Market,28.663796,77.196972,LEV AC Charge point,3.3,3.3,1
UJOY,Private,Delhi,North Delhi,Delhi,Sing Shbha Rod Saktinagar 5/4  Car Max Amba Chimera,28.675768,77.199135,LEV AC Charge point,3.3,3.3,1
UJOY,Private,Delhi,North Delhi,Delhi,"Sukhbeer Nagar, Sector 38, Rohini, Delhi, 110081",28.728094,77.049177,LEV AC Charge point,3.3,3.3,1
UJOY,Private,Delhi,North Delhi,Delhi,Sultan Puri,28.707472,77.074886,LEV AC Charge point,3.3,3.3,1
UJOY,Private,Delhi,North Delhi,Delhi,"Sultan Puri Rd, Sector 20 Extension, Block D, Sector 20, Rohini, Delhi, 110085",28.708555,77.074731,LEV AC Charge point,3.3,3.3,1
UJOY,Private,Delhi,North Delhi,Delhi,Tiranga House Near Bank Of Baroda Pooth Khurd,28.770649,77.049747,LEV AC Charge point,3.3,3.3,1
UJOY,Private,Delhi,North Delhi,Delhi,Tiranga House Near Radha Krishna Mandir Bank Of Baroda Pooth Khurd,28.770773,77.049652,LEV AC Charge point,3.3,3.3,1
UJOY,Private,Delhi,North Delhi,Delhi,U15 Pana Udhyan Near Post Office Narela,28.853956,77.08878,LEV AC Charge point,3.3,3.3,1
UJOY,Private,Delhi,North Delhi,Delhi,"Uday Vihar Colony, Kanjhawala, Delhi, 110081",28.735304,77.013733,LEV AC Charge point,3.3,3.3,1
UJOY,Private,Delhi,North Delhi,Delhi,"Viill. Lumpur, Near Govt.Primary School Narela",28.851973,77.067053,LEV AC Charge point,3.3,3.3,1
Blusmart,Private,Delhi,New Delhi,Delhi,"24, D Block, D Block, Kapas Hera Estate, New Delhi, Delhi 110037",28.522486,77.089232,Bharat DC-001,15.0,15,1
EESL,Govt.,Delhi,New Delhi,Delhi,"Ndmc Parking,  Dilli Haat, West Kidwai Nagar,  New Delhi- 110023",28.572793,77.208662,Bharat DC-001,15.0,15,1
EESL,Govt.,Delhi,New Delhi,Delhi,"Ndmc Parking,  Dilli Haat, West Kidwai Nagar,  New Delhi- 110023",28.572793,77.208662,Combo (CCS-II + CHAdeMo + Type II),142.0,60+60+22,3
EESL,Govt.,Delhi,New Delhi,Delhi,"Ndmc Parking,  Dilli Haat, West Kidwai Nagar,  New Delhi- 110023",28.572793,77.208662,Type-II AC,22.0,22,1
EESL,Govt.,Delhi,New Delhi,Delhi,"Ndmc Parking,  Dilli Haat, West Kidwai Nagar,  New Delhi- 110023",28.572793,77.208662,CHAdeMO,25.0,25,1
EESL,Govt.,Delhi,New Delhi,Delhi,"Ndmc Parking, Sarojini Nagar Market, Sarojini Nagar, New Delhi- 110023",28.577259,77.19692,Bharat DC-001,15.0,15,1
EESL,Govt.,Delhi,New Delhi,Delhi,"Sdmc Parking, Near Gold Gym, Pvr Priya, Vasant Vihar, New Delhi",28.558244,77.16444,Bharat DC-001,15.0,15,1
Fortum,Private,Delhi,New Delhi,Delhi,"Carzonrent Delhi Rangpuri, Khasra No. 266, Indian Oil Petrol Pump, Samalkha, D Block, Rangpuri, New Delhi",28.534103,77.107145,CCS-II,60.0,30,1
Fortum,Private,Delhi,New Delhi,Delhi,"New Moti Bagh, Delhi",28.578503,77.183472,Type-II AC,7.4,7.4,1
HPCL,Govt.,Delhi,New Delhi,Delhi,Andrewganj,28.561319,77.222735,CCS-II,30.0,30,1
HPCL,Govt.,Delhi,New Delhi,Delhi,Ashram Chowk,28.571214,77.25976,CCS-II,30.0,30,1
HPCL,Govt.,Delhi,New Delhi,Delhi,Dwarka,28.55574,77.05435,CCS-II,30.0,30,1
HPCL,Govt.,Delhi,New Delhi,Delhi,"Humayun Road, New Delhi",28.602138,77.230071,CCS-II,30.0,30,1
HPCL,Govt.,Delhi,New Delhi,Delhi,Mahipalpur Delhi,28.544743,77.121463,CCS-II,30.0,30,1
HPCL,Govt.,Delhi,New Delhi,Delhi,Mathura Road,28.541272,77.280669,CCS-II,30.0,30,1
HPCL,Govt.,Delhi,New Delhi,Delhi,Niti Marg-1,28.599465,77.195884,CCS-II,30.0,30,1
HPCL,Govt.,Delhi,New Delhi,Delhi,Niti Marg-2,28.599514,77.19579,Bharat DC-001,15.0,15,1
HPCL,Govt.,Delhi,New Delhi,Delhi,Okhla,28.529304,77.272775,CCS-II,30.0,30,1
HPCL,Govt.,Delhi,New Delhi,Delhi,"Race Course Road, New Delhi",28.59629,77.2045,CCS-II,30.0,30,1
HPCL,Govt.,Delhi,New Delhi,Delhi,Rohini,28.71592,77.114631,CCS-II,30.0,30,1
HPCL,Govt.,Delhi,New Delhi,Delhi,Shahdara,28.6766,77.316583,CCS-II,30.0,30,1
HPCL,Govt.,Delhi,New Delhi,Delhi,Shashtri Park,28.672612,77.252808,CCS-II,30.0,30,1
JBM,Private,Delhi,New Delhi,Delhi,"Adhoc- Kay S S,Rangpuri",28.540799,77.116802,CCS-II,30.0,30,1
JBM,Private,Delhi,New Delhi,Delhi,"Hp Petrol Pump - Highway Service Station, Nh-8, Mahipalpur, New Delhi, Delhi-110037",28.540813,77.116729,CCS-II,30.0,30,1
KAZAM,Private,Delhi,New Delhi,Delhi,"Ina Colony,New Delhi,Delhi,110023",28.575949,77.21685,LEV AC Charge point,3.3,3.3,1
NTPC,Govt.,Delhi,New Delhi,Delhi,"Hpcl Anand Service Station,Mahipalpur Delhi",28.544867,77.12142,Bharat DC-001,15.0,15,1
NTPC,Govt.,Delhi,New Delhi,Delhi,"Model Co-Op Society - Kapasehra Border, Delhi",28.518338,77.080133,Bharat DC-001,15.0,15,1
NTPC,Govt.,Delhi,New Delhi,Delhi,"Model Co-Op Society - Kapasehra Border, Delhi",28.518338,77.080133,Bharat AC-001,10.0,3.3,1
NTPC,Govt.,Delhi,New Delhi,Delhi,Moolchand Motors- Vasant Vihar,28.5578,77.16345,Bharat AC-001,10.0,3.3,1
NTPC,Govt.,Delhi,New Delhi,Delhi,"Rajasthan Highway Service Station, Ioc Petrol Pump, 13/5, Delhi Gurgaon Road, Kapashera Border, Delhi, Delhi - 110021",28.518014,77.081336,Bharat AC-001,10.0,3.3,1
NTPC,Govt.,Delhi,New Delhi,Delhi,"Rajasthan Highway Service Station, Ioc Petrol Pump, 13/5, Delhi Gurgaon Road, Kapashera Border, Delhi, Delhi - 110021",28.518014,77.081336,Bharat DC-001,15.0,15,1
NTPC,Govt.,Delhi,New Delhi,Delhi,"Rajasthan Highway,Gurgaon Road Kapashera Border Delhi. Tel.Lock No 348",28.518014,77.081336,Bharat AC-001,10.0,3.3,1
NTPC,Govt.,Delhi,New Delhi,Delhi,Rajasthan Rajpath S Stn,28.52475,77.101001,Bharat AC-001,10.0,3.3,1
REIL,Govt.,Delhi,New Delhi,Delhi,"Satbir Auto,Igi Airport Nh-8 Delhi Jaipur Road Rangpuri N.Delhi",28.533834,77.107049,Bharat DC-001,15.0,15,1
REIL,Govt.,Delhi,New Delhi,Delhi,Sethi Auto,28.544977,77.121947,Bharat DC-001,15.0,15,1
Sharify,Private,Delhi,New Delhi,Delhi,"4, Nelson Mandela Marg Vasant Kunj Ii New Delhi Delhi  110070",28.5443,77.156601,Type-II AC,7.7,7.7,1
Sharify,Private,Delhi,New Delhi,Delhi,"824, Professor Joginder Singh Marg Block B1, Janakpuri District Centre New Delhi Delhi  110058",28.62928,77.082893,CCS-II,60.0,60,1
Sharify,Private,Delhi,New Delhi,Delhi,"824, Professor Joginder Singh Marg Block B1, Janakpuri District Centre New Delhi Delhi  110058",28.62928,77.082893,Bharat DC-001,15.0,15,1
Sharify,Private,Delhi,New Delhi,Delhi,"Africa Ave, Diplomatic Enclave Chanakyapuri New Delhi Delhi  110023",28.580189,77.188698,Type-II AC,7.5,7.5,1
Sharify,Private,Delhi,New Delhi,Delhi,"Arjangarh Metro Station, Gate No. 1 New Delhi Gate No. 1  New Delhi Delhi 110047",28.480505,77.125916,CCS-II,20.0,20,1
Sharify,Private,Delhi,New Delhi,Delhi,"Arjangarh Metro Station, Gate No. 1 New Delhi Gate No. 1  New Delhi Delhi 110047",28.480505,77.125916,Bharat DC-001,15.0,15,1
Sharify,Private,Delhi,New Delhi,Delhi,Charger 1-Gmr Aerocity Parking Area Near Junction 11 East Side Road New Delhi Delhi  110037,28.552698,77.124603,Bharat DC-001,15.0,15,1
Sharify,Private,Delhi,New Delhi,Delhi,Charger 6-Gmr Aerocity Parking Area Near Junction 11 South Side Road New Delhi Delhi  110037,28.552401,77.124199,CCS-II,30.0,30,1
Sharify,Private,Delhi,New Delhi,Delhi,Dwarka Sec 21 Metro Station Dwarka Sec 21 Metro Station New Delhi Delhi 110077,28.55308,77.059128,Bharat DC-001,15.0,15,1
Sharify,Private,Delhi,New Delhi,Delhi,Dwarka Sec 21 Metro Station Dwarka Sec 21 Metro Station New Delhi Delhi 110077,28.55308,77.059128,CCS-II,20.0,20,1
Sharify,Private,Delhi,New Delhi,Delhi,Dwarka Sec 21 Metro Station Dwarka Sec 21 Metro Station New Delhi Delhi 110077,28.55308,77.059128,Type-II AC,7.4,7.4,1
Sharify,Private,Delhi,New Delhi,Delhi,Dwarka Sec 21 Metro Station Dwarka Sec 21 Metro Station New Delhi Delhi 110077,28.55308,77.059128,LEV AC Charge point,3.3,3.3,1
Sharify,Private,Delhi,New Delhi,Delhi,Ghitorni Metro Station Gate No. 1 New Delhi Delhi  110030,28.4937,77.149597,CCS-II,20.0,20,1
Sharify,Private,Delhi,New Delhi,Delhi,Ghitorni Metro Station Gate No. 1 New Delhi Delhi  110030,28.4937,77.149597,Bharat DC-001,15.0,15,1
Sharify,Private,Delhi,New Delhi,Delhi,"Gmr Aerocity Parking Area, Near Junction 07 Between Word Mark-I & Ii, New Delhi New Delhi Delhi  110037",28.550854,77.121948,CCS-II,30.0,30,1
Sharify,Private,Delhi,New Delhi,Delhi,"Itc Maurya
Sardar Patel Marg, Akhaura Block,
Diplomatic Enclave Chanakyapuri New Delhi Delhi  110021",28.5975,77.172897,Type-II AC,7.7,7.7,1
Sharify,Private,Delhi,New Delhi,Delhi,"J Block Rajouri Garden Extension, Rajouri Garden,  New Delhi Delhi  110027",28.638378,77.121048,CCS-II,60.0,60,1
Sharify,Private,Delhi,New Delhi,Delhi,"J Block Rajouri Garden Extension, Rajouri Garden,  New Delhi Delhi  110027",28.638378,77.121048,Bharat DC-001,15.0,15,1
Sharify,Private,Delhi,New Delhi,Delhi,Khasra No 129/16 Village Bijwasan New Delhi Delhi  110061,28.5221,77.071198,Bharat DC-001,15.0,15,1
Sharify,Private,Delhi,New Delhi,Delhi,Mcd Parking Max Hospital Gate No. 6 Saket New Delhi Delhi  110017,28.5278,77.20639,CCS-II,30.0,30,1
Sharify,Private,Delhi,New Delhi,Delhi,Mcd Parking Near Mohan Co Operative Metro Station  New Delhi Delhi 110044,28.518761,77.294792,CCS-II,30.0,30,1
Sharify,Private,Delhi,New Delhi,Delhi,"Moolchand Metro Station Lala Lajpat Rai Marg, Vikram Vihar New Delhi Delhi  110048",28.564337,77.2341,CCS-II,30.0,30,1
Sharify,Private,Delhi,New Delhi,Delhi,New Delhi Indira Gandhi International Airport New Delhi Delhi  110037,28.553699,77.094299,Type-II AC,7.4,7.4,1
Sharify,Private,Delhi,New Delhi,Delhi,New Delhi Indira Gandhi International Airport New Delhi Delhi  110037,28.553699,77.094299,LEV AC Charge point,3.3,3.3,1
Sharify,Private,Delhi,New Delhi,Delhi,Nh 8 D Block Rajokri New Delhi Delhi  110038,28.533701,77.106903,Bharat DC-001,15.0,15,1
Sharify,Private,Delhi,New Delhi,Delhi,"Nh 8 Exit 4, Samalka Rajokri New Delhi Delhi  110037",28.524799,77.100998,Bharat DC-001,15.0,15,1
Sharify,Private,Delhi,New Delhi,Delhi,"Nh 8, Block R, Mahipalpur Village Mahilpalpur New Delhi Delhi  110085",28.545,77.121696,Bharat DC-001,15.0,15,1
Sharify,Private,Delhi,New Delhi,Delhi,"Nh 8, Near Mahipalpur Extension, Mahipalpur Village, New Delhi Delhi 110037",28.5438,77.120201,Type-II AC,22.0,22,1
Sharify,Private,Delhi,New Delhi,Delhi,"No A12, Mathura Rd, Near Telephone Exchange Friends Colony New Delhi Delhi  110025",28.566,77.266403,Bharat DC-001,15.0,15,1
Sharify,Private,Delhi,New Delhi,Delhi,"Qutab Minar Metro Station  Mittal Garden, Sainik Farm New Delhi Delhi 110016",28.512861,77.186378,CCS-II,60.0,60,1
Sharify,Private,Delhi,New Delhi,Delhi,"Qutab Minar Metro Station  Mittal Garden, Sainik Farm New Delhi Delhi 110016",28.512861,77.186378,Bharat DC-001,15.0,15,1
Sharify,Private,Delhi,New Delhi,Delhi,"Ring Rd, Opposite Gurudwara Smriti Vatika New Delhi Delhi  110021",28.5874,77.171303,Bharat DC-001,15.0,15,1
Sharify,Private,Delhi,New Delhi,Delhi,"Rohtak Road Tyagi Colony Nangloi Extension, Nangloi New Delhi Delhi 110041",28.682335,77.056053,CCS-II,60.0,60,1
Sharify,Private,Delhi,New Delhi,Delhi,"Rohtak Road Tyagi Colony Nangloi Extension, Nangloi New Delhi Delhi 110041",28.682335,77.056053,Bharat DC-001,15.0,15,1
Sun mobility,Private,Delhi,New Delhi,Delhi,"Cghs Colony, Vasant Vihar, New Delhi, Delhi 110057",28.55,77.16,Bharat AC-001,10.0,3.3,1
Sun mobility,Private,Delhi,New Delhi,Delhi,"Cghs Colony, Vasant Vihar, New Delhi, Delhi 110057",28.55,77.16,Bharat DC-001,15.0,15,1
UJOY,Private,Delhi,South Delhi,Delhi,"Bhikaji Cama Place, R K Puram, New Delhi",28.568917,77.186861,LEV AC Charge point,3.3,3.3,1
UJOY,Private,Delhi,New Delhi,Delhi,"Eto Branch Office, Dehli",28.56894,77.187098,LEV AC Charge point,3.3,3.3,1
UJOY,Private,Delhi,New Delhi,Delhi,"Eto Branch Office, Delhi",28.568939,77.187097,LEV AC Charge point,3.3,3.3,1
UJOY,Private,Delhi,New Delhi,Delhi,K- Ii Block Mahipal Pur Extension Near Mata Chowk Mahipalpur New Delhi - 110037,28.540803,77.13008,LEV AC Charge point,3.3,3.3,1
UJOY,Private,Delhi,New Delhi,Delhi,M25 Commander Chowk Vikas Nagar New Delhi 110059,28.640895,77.048627,LEV AC Charge point,3.3,3.3,1
UJOY,Private,Delhi,New Delhi,Delhi,Mahipal Pur,28.539917,77.131134,LEV AC Charge point,3.3,3.3,1
UJOY,Private,Delhi,New Delhi,Delhi,Mahipal Pur,28.539919,77.131117,LEV AC Charge point,3.3,3.3,1
UJOY,Private,Delhi,New Delhi,Delhi,Mahipalpur Near Canara Bank,28.542748,77.128982,LEV AC Charge point,3.3,3.3,1
UJOY,Private,Delhi,New Delhi,Delhi,Plot No 45 Shiv Vihar West Vikas Nagar Uttam Nagar,28.65002,77.045472,LEV AC Charge point,3.3,3.3,1
UJOY,Private,Delhi,New Delhi,Delhi,Plot No. 45 Shiv Vihar West Vikas Nagar Uttam Nagar,28.65002,77.045472,LEV AC Charge point,3.3,3.3,1
UJOY,Private,Delhi,New Delhi,Delhi,Prem Nagar Near Tyagraj Stadium Tyagraj Park,28.579135,77.215703,LEV AC Charge point,3.3,3.3,1
UJOY,Private,Delhi,New Delhi,Delhi,Prem Nagar Near Tyagraj Stadium Tyagraj Park,28.579142,77.215722,LEV AC Charge point,3.3,3.3,1
UJOY,Private,Delhi,New Delhi,Delhi,Qtr No. 874 Rkpuram Sector 6,28.566053,77.171619,LEV AC Charge point,3.3,3.3,1
UJOY,Private,Delhi,New Delhi,Delhi,Shop No 7 Sector 3 R.K Puram,28.554494,77.182304,LEV AC Charge point,3.3,3.3,1
UJOY,Private,Delhi,New Delhi,Delhi,Shop No 8 Sector 3 R K Puram,28.554375,77.182417,LEV AC Charge point,3.3,3.3,1
HPCL,Govt.,Delhi,East Delhi,Delhi,Badarpur,28.58583,77.24038,CCS-II,60.0,60,1
IOCL,Govt.,Delhi,East Delhi,Delhi,Mayur Vihar Phase-I New Delhi Lock Id No.I332,28.5937,77.2968,CCS-II,60.0,60,1
KAZAM,Private,Delhi,East Delhi,Delhi,"B 494, Welding Wali Galli, Block C, Ashok Nagar Extension, New Ashok Nagar, Delhi, 110096",28.59083,77.306685,LEV AC Charge point,3.3,3.3,1
KAZAM,Private,Delhi,East Delhi,Delhi,"B8-19C, Near Ryan International School, Mayur Vihar, Mayur Vihar Phase - 3, Sector C, Kondli, New Delhi, Delhi, 110096",28.614716,77.336393,LEV AC Charge point,3.3,3.3,1
KAZAM,Private,Delhi,East Delhi,Delhi,"Kondli,New Delhi,Delhi,110096",28.614734,77.336397,LEV AC Charge point,3.3,3.3,1
KAZAM,Private,Delhi,East Delhi,Delhi,"Mandawali,New Delhi,Delhi,110092",28.631036,77.302448,LEV AC Charge point,3.3,3.3,1
KAZAM,Private,Delhi,East Delhi,Delhi,"New Ashok Nagar,Delhi,Uttar Pradesh,110096",28.590866,77.306834,LEV AC Charge point,3.3,3.3,1
KAZAM,Private,Delhi,East Delhi,Delhi,"Patparganj,Delhi,Delhi,110092",28.622889,77.299361,LEV AC Charge point,3.3,3.3,1
KAZAM,Private,Delhi,East Delhi,Delhi,"Trilokpuri,Delhi,Delhi,110091",28.595536,77.29583,LEV AC Charge point,3.3,3.3,1
KAZAM,Private,Delhi,East Delhi,Delhi,"Vasundhara Enclave,Delhi,Uttar Pradesh,110096",28.598603,77.311771,LEV AC Charge point,3.3,3.3,1
KAZAM,Private,Delhi,East Delhi,Delhi,"Vasundhara Enclave,Entry Side Delhi,Uttar Pradesh,110096",28.598654,77.311927,LEV AC Charge point,3.3,3.3,1
KAZAM,Private,Delhi,East Delhi,Delhi,"Welding Wali Galli, Block C, Ashok Nagar Extension, New Ashok Nagar, Delhi, 110096",28.59074,77.306598,LEV AC Charge point,3.3,3.3,1
Power bank green,Private,Delhi,East Delhi,Delhi,"11 Kv S/Stn Near Star Mall, Behind Crowne Plaza",28.59074,77.29687,Bharat AC-001,3.3,3.3,1
Power bank green,Private,Delhi,East Delhi,Delhi,"11 Kv S/Stn Near Star Mall, Behind Crowne Plaza",28.59074,77.29687,Type-II AC,22.0,22,1
UJOY,Private,Delhi,East Delhi,Delhi,1/55 Lalita Park Laxmi Nagar- Charger-1,28.629046,77.273974,LEV AC Charge point,3.3,3.3,1
UJOY,Private,Delhi,East Delhi,Delhi,1/55 Lalita Park Laxmi Nagar- Charger-2,28.629031,77.273982,LEV AC Charge point,3.3,3.3,1
UJOY,Private,Delhi,East Delhi,Delhi,1/55 Lalita Park Laxmi Nagar- Charger-3,28.629044,77.27394,LEV AC Charge point,3.3,3.3,1
UJOY,Private,Delhi,East Delhi,Delhi,10/12 Geeta Colony,28.65775,77.266134,LEV AC Charge point,3.3,3.3,1
UJOY,Private,Delhi,East Delhi,Delhi,11/24 Main Road Geeta Colony,28.65484,77.275688,LEV AC Charge point,3.3,3.3,1
UJOY,Private,Delhi,East Delhi,Delhi,11/24 Main Road Geeta Colony Near Police Station,28.654926,77.275717,LEV AC Charge point,3.3,3.3,1
UJOY,Private,Delhi,East Delhi,Delhi,11/5 Geeta Colony Opp Ramlila Ground Gate No 1,28.654622,77.274821,LEV AC Charge point,3.3,3.3,1
UJOY,Private,Delhi,East Delhi,Delhi,11/8 Geeta Colony Delhi-31,28.654639,77.275002,LEV AC Charge point,3.3,3.3,1
UJOY,Private,Delhi,East Delhi,Delhi,"12/144, Geeta Colony Rd",28.654017,77.27702,LEV AC Charge point,3.3,3.3,1
UJOY,Private,Delhi,East Delhi,Delhi,14/30 Geeta Colony,28.651965,77.277962,LEV AC Charge point,3.3,3.3,1
UJOY,Private,Delhi,East Delhi,Delhi,16/ 124 Geeta Colony,28.647209,77.278886,LEV AC Charge point,3.3,3.3,1
UJOY,Private,Delhi,East Delhi,Delhi,16/124 Geeta Colony,28.647116,77.278897,LEV AC Charge point,3.3,3.3,1
UJOY,Private,Delhi,East Delhi,Delhi,175 Patparganj Industrial Area,28.642172,77.314756,LEV AC Charge point,3.3,3.3,1
UJOY,Private,Delhi,East Delhi,Delhi,"2/115 Geeta Colony, Near Ramlila Ground",28.654414,77.273526,LEV AC Charge point,3.3,3.3,1
UJOY,Private,Delhi,East Delhi,Delhi,20/79-80 Opp Metro Station Kalyanpuri Puri Delhi 110091,28.614311,77.310774,LEV AC Charge point,3.3,3.3,1
UJOY,Private,Delhi,East Delhi,Delhi,21 Block Trilokpuri,28.605641,77.306297,LEV AC Charge point,3.3,3.3,1
UJOY,Private,Delhi,East Delhi,Delhi,2187 Gali No 8 Kailash Nagar Gandhi Nagar,28.665159,77.258191,LEV AC Charge point,3.3,3.3,1
UJOY,Private,Delhi,East Delhi,Delhi,280 Geeta Colony Near Geeta Bhawan,28.651069,77.276568,LEV AC Charge point,3.3,3.3,1
UJOY,Private,Delhi,East Delhi,Delhi,"293A, Street No. 16, Karkardooma",28.649308,77.304141,LEV AC Charge point,3.3,3.3,1
UJOY,Private,Delhi,East Delhi,Delhi,38/5/2 Aram Park Shastri Nagar Laxmi Nagar Road,28.644819,77.279268,LEV AC Charge point,3.3,3.3,1
UJOY,Private,Delhi,East Delhi,Delhi,38/5/2 Aram Park Shastri Nagar Laxmi Nagar Road,28.644767,77.279238,LEV AC Charge point,3.3,3.3,1
UJOY,Private,Delhi,East Delhi,Delhi,"4 West Laxmi Market,  Khureji,  Delhi -51",28.644196,77.279312,LEV AC Charge point,3.3,3.3,1
UJOY,Private,Delhi,East Delhi,Delhi,"44, Radhu Palace Guru Angad, Laxmi Nagar, New Delhi, Delhi 110092",28.639292,77.283827,LEV AC Charge point,3.3,3.3,1
UJOY,Private,Delhi,East Delhi,Delhi,57 Tanchua Mohlla Village Chilla,28.595763,77.299472,LEV AC Charge point,3.3,3.3,1
UJOY,Private,Delhi,East Delhi,Delhi,9/22 Shyam  Block Kailash Nagar Delhi 110031,28.662962,77.257924,LEV AC Charge point,3.3,3.3,1
UJOY,Private,Delhi,East Delhi,Delhi,A 212 Patparganj Village Near Shyam Tower Delhi 91,28.611538,77.291908,LEV AC Charge point,3.3,3.3,1
UJOY,Private,Delhi,East Delhi,Delhi,A/31 Krishna Nagar Extension East Delhi 110031,28.653839,77.277002,LEV AC Charge point,3.3,3.3,1
UJOY,Private,Delhi,East Delhi,Delhi,A/31 Krishna Nagar Extension East Delhi 110051,28.653823,77.276987,LEV AC Charge point,3.3,3.3,1
UJOY,Private,Delhi,East Delhi,Delhi,A256 Gali 5 Nina Davi  Mandir West Vinod Nagar,28.625262,77.295665,LEV AC Charge point,3.3,3.3,1
UJOY,Private,Delhi,East Delhi,Delhi,B8 Mayur Vihar Phase 3,28.614583,77.337462,LEV AC Charge point,3.3,3.3,1
UJOY,Private,Delhi,East Delhi,Delhi,Block No 29 House No 430 Trilok Puri Delhi,28.602326,77.30538,LEV AC Charge point,3.3,3.3,1
UJOY,Private,Delhi,East Delhi,Delhi,"Bses Yamuna Power Limited, Saini Enclave, Karkardooma, Delhi",28.653289,77.307345,LEV AC Charge point,3.3,3.3,1
UJOY,Private,Delhi,East Delhi,Delhi,C 5 Suoth Ganesh Nagar Near Bajaj Showroom,28.624144,77.284945,LEV AC Charge point,3.3,3.3,1
UJOY,Private,Delhi,East Delhi,Delhi,C-1/220 New Kondli Near R K Tower,28.605439,77.333829,LEV AC Charge point,3.3,3.3,1
UJOY,Private,Delhi,East Delhi,Delhi,"C-1/220 New Kondli Near R,K G Tower Delhi4",28.605461,77.333897,LEV AC Charge point,3.3,3.3,1
UJOY,Private,Delhi,East Delhi,Delhi,C17A Mandawali,28.628867,77.300162,LEV AC Charge point,3.3,3.3,1
UJOY,Private,Delhi,East Delhi,Delhi,C53 Shashi Garden Mayur Vihar Phase 1 Delhi,28.610004,77.296602,LEV AC Charge point,3.3,3.3,1
UJOY,Private,Delhi,East Delhi,Delhi,D-371 Ganesh Nagar Pandav Nagar Complex,28.622771,77.283534,LEV AC Charge point,3.3,3.3,1
UJOY,Private,Delhi,East Delhi,Delhi,E25 Pandav Nagar Near Hero Showroom Delhi,28.617279,77.286756,LEV AC Charge point,3.3,3.3,1
UJOY,Private,Delhi,East Delhi,Delhi,"East Guru Angad Nagar, Swasthya Vihar, Delhi, 110092",28.639394,77.28389,LEV AC Charge point,3.3,3.3,1
UJOY,Private,Delhi,East Delhi,Delhi,"F151 Naveen Shahdara Panchheel Garden
Delhi",28.676683,77.279831,LEV AC Charge point,3.3,3.3,1
UJOY,Private,Delhi,East Delhi,Delhi,G57 Vikas Marg Laxmi Nagar Delhi 110092,28.632799,77.280752,LEV AC Charge point,3.3,3.3,1
UJOY,Private,Delhi,East Delhi,Delhi,G9 Neelkanth 2 Saini Enclave Complex Karkardoma New Delhi,28.651464,77.30575,LEV AC Charge point,3.3,3.3,1
UJOY,Private,Delhi,East Delhi,Delhi,"Gali Number 2, Block 6, Geeta Colony, Delhi, 110031",28.654168,77.274101,LEV AC Charge point,3.3,3.3,1
UJOY,Private,Delhi,East Delhi,Delhi,"Gandhi Nagar, Seelampur, Shahdara, Delhi, 110031",28.662952,77.257896,LEV AC Charge point,3.3,3.3,1
UJOY,Private,Delhi,East Delhi,Delhi,"Ghazipur Road, Chilla Sarda Bangar, Chilla Sarda Bangar Village, Mayur Vihar, Delhi, 110091",28.59434,77.302221,LEV AC Charge point,3.3,3.3,1
UJOY,Private,Delhi,East Delhi,Delhi,Jheel Khurana Scooter Market,28.658494,77.273519,LEV AC Charge point,3.3,3.3,1
UJOY,Private,Delhi,East Delhi,Delhi,"Jheel Khurenja, Geeta Colony, Delhi, 110031",28.654208,77.274008,LEV AC Charge point,3.3,3.3,1
UJOY,Private,Delhi,East Delhi,Delhi,"Kanishka Complex, Karkardooma, Anand Vihar, Delhi, 110092",28.651492,77.305693,LEV AC Charge point,3.3,3.3,1
UJOY,Private,Delhi,East Delhi,Delhi,Kondli Sabzi Mandi Chowk Near Agrawal Sweets Shop Name  Ali Store Delhi 110096,28.614419,77.326225,LEV AC Charge point,3.3,3.3,1
UJOY,Private,Delhi,East Delhi,Delhi,Mayur Vihar,28.608603,77.338188,LEV AC Charge point,3.3,3.3,1
UJOY,Private,Delhi,East Delhi,Delhi,"Mayur Vihar 3Rd Pocket B 8, Sector C,Gharoli",28.615013,77.338173,LEV AC Charge point,3.3,3.3,1
UJOY,Private,Delhi,East Delhi,Delhi,Mayur Vihar Phase 1 Ext,28.598138,77.2935,LEV AC Charge point,3.3,3.3,1
UJOY,Private,Delhi,East Delhi,Delhi,Mayur Vihar Phase 3Rd Pocket Di Sector C Gharoli,28.614916,77.337981,LEV AC Charge point,3.3,3.3,1
UJOY,Private,Delhi,East Delhi,Delhi,Mayur Vihar Phase I Ext,28.598155,77.29343,LEV AC Charge point,3.3,3.3,1
UJOY,Private,Delhi,East Delhi,Delhi,"Mayur Vihar Phase Iii, Gharoli, Delhi, 110096",28.608516,77.339866,LEV AC Charge point,3.3,3.3,1
UJOY,Private,Delhi,East Delhi,Delhi,"New Patpar Ganj Rd, Veer Savarkar Block, Block S 2, Upadhyay Block, Shakarpur Khas, New Delhi, Delhi, 110092",28.628544,77.277946,LEV AC Charge point,3.3,3.3,1
UJOY,Private,Delhi,East Delhi,Delhi,"Phase 1, Shashi Garden, Mayur Vihar, Delhi, 110091",28.610079,77.296721,LEV AC Charge point,3.3,3.3,1
UJOY,Private,Delhi,East Delhi,Delhi,Plot No 21 Metroplex East District Centre Laxmi Nagar,28.639454,77.283867,LEV AC Charge point,3.3,3.3,1
UJOY,Private,Delhi,East Delhi,Delhi,Plot No 21Metrplex East District  Centre,28.639445,77.283847,LEV AC Charge point,3.3,3.3,1
UJOY,Private,Delhi,East Delhi,Delhi,"Pocket _A2, Mayur Vihar Phase 3Rd Delhi",28.612554,77.339391,LEV AC Charge point,3.3,3.3,1
UJOY,Private,Delhi,East Delhi,Delhi,"Pocket B, Kondli Gharoli, Gharoli, Delhi, 110096",28.608735,77.339911,LEV AC Charge point,3.3,3.3,1
UJOY,Private,Delhi,East Delhi,Delhi,"Radhu Palace Mall, Patparganj Rd, East Guru Angad Nagar, Laxmi Nagar, Delhi, 110092",28.639539,77.284143,LEV AC Charge point,3.3,3.3,1
UJOY,Private,Delhi,East Delhi,Delhi,S 501 School Block Sakarpur Near Shiv Mandir,28.626039,77.275595,LEV AC Charge point,3.3,3.3,1
UJOY,Private,Delhi,East Delhi,Delhi,S 501 School Block Sakarpur Near Shiv Mandir,28.626236,77.275597,LEV AC Charge point,3.3,3.3,1
UJOY,Private,Delhi,East Delhi,Delhi,S 557 School Block Shakarpur,28.628562,77.277968,LEV AC Charge point,3.3,3.3,1
UJOY,Private,Delhi,East Delhi,Delhi,Scope Minar Pnb Bank,28.638662,77.285072,LEV AC Charge point,3.3,3.3,1
UJOY,Private,Delhi,East Delhi,Delhi,Shashi Garden Street Number 4,28.60901,77.293661,LEV AC Charge point,3.3,3.3,1
UJOY,Private,Delhi,East Delhi,Delhi,Shop No. 22 Gali No. 4D Aram Park Shastri Nagar Delhi 110031,28.643846,77.27813,LEV AC Charge point,3.3,3.3,1
UJOY,Private,Delhi,East Delhi,Delhi,Shopno 112 Metro Pillar No 35 D.D.A Market,28.606555,77.301685,LEV AC Charge point,3.3,3.3,1
UJOY,Private,Delhi,East Delhi,Delhi,South Ganesh Nagar Delhi,28.625391,77.285886,LEV AC Charge point,3.3,3.3,1
UJOY,Private,Delhi,East Delhi,Delhi,Zypp Electric Ghazipur Station-1,28.628719,77.318665,LEV AC Charge point,3.3,3.3,1
UJOY,Private,Delhi,East Delhi,Delhi,Zypp Electric Ghazipur Station-2,28.62866,77.318817,LEV AC Charge point,3.3,3.3,1
UJOY,Private,Delhi,East Delhi,Delhi,Zypp Electric Ghazipur Station-3,28.628706,77.318764,LEV AC Charge point,3.3,3.3,1
UJOY,Private,Delhi,East Delhi,Delhi,Zypp Electric Ghazipur Station-4,28.628719,77.318718,LEV AC Charge point,3.3,3.3,1
UJOY,Private,Delhi,East Delhi,Delhi,Zypp Electric Ghazipur Station-5,28.628705,77.318756,LEV AC Charge point,3.3,3.3,1
UJOY,Private,Delhi,East Delhi,Delhi,Zypp Electric Ghazipur Station-6,28.628706,77.318714,LEV AC Charge point,3.3,3.3,1
UJOY,Private,Delhi,East Delhi,Delhi,Zypp Electric Ghazipur Station-7,28.628664,77.318739,LEV AC Charge point,3.3,3.3,1
UJOY,Private,Delhi,East Delhi,Delhi,Zypp Electric Ghazipur Station-8,28.628708,77.318698,LEV AC Charge point,3.3,3.3,1
UJOY,Private,Delhi,East Delhi,Delhi,"Zypp Electric Hub, Ghazipur",28.628666,77.318695,LEV AC Charge point,3.3,3.3,1
Ather,Private,Delhi,Central Delhi,Delhi,"Ludlow Castle Estate, 2 Alipur Rao,Alipur Road,Central Delhi",28.67095,77.22607,LEV DC Charge Point (IS-17017-2-7),3.3,3.3,1
BECIL,Govt.,Delhi,Central Delhi,Delhi,"Sdmc Parking, Defence Colony, Ip Estate, New Delhi-110002",28.574031,77.230837,Bharat DC-001,15.0,15,1
"BSES
Yamuna",Govt.,Delhi,Central Delhi,Delhi,Anand Vihar Railway Station,28.6471,77.3158,Bharat DC-001,15.0,15,1
"BSES
Yamuna",Govt.,Delhi,Central Delhi,Delhi,"New Delhi Railway Station, Ajmeri Gate",28.6427,77.2247,Bharat DC-001,15.0,15,1
"BSES
Yamuna",Govt.,Delhi,Central Delhi,Delhi,"New Delhi Railway Station, Pahar Ganj",28.6453,77.2126,Bharat DC-001,15.0,15,1
"BSES
Yamuna",Govt.,Delhi,Central Delhi,Delhi,Shakti Kiran Building,28.6553,77.2979,Bharat DC-001,15.0,15,1
"BSES
Yamuna",Govt.,Delhi,Central Delhi,Delhi,Shakti Kiran Building,28.6553,77.2979,Type-II AC,22.0,22,1
"BSES
Yamuna",Govt.,Delhi,Central Delhi,Delhi,Shakti Kiran Building,28.6553,77.2979,Bharat AC-001,3.3,3.3,1
E-Fill,Private,Delhi,Central Delhi,Delhi,"16/16, New Rohtak Road, Karol Bagh, Near Ingah Telephone Exchange, Karol Bagh",28.653943,77.201758,Type-II AC,7.4,7.4,1
EESL,Govt.,Delhi,Central Delhi,Delhi,"Back Side Of Hotel Claridges,Tees January Lane,110003",28.600277,77.21565,Type-II AC,22.0,22,1
EESL,Govt.,Delhi,Central Delhi,Delhi,"Back Side Of Hotel Claridges,Tees January Lane,110003",28.600277,77.21565,Combo (CCS-II + CHAdeMo + Type II),142.0,60+60+22,3
EESL,Govt.,Delhi,Central Delhi,Delhi,"Back Side Of Hotel Claridges,Tees Januarylane, Near Dc-001 Charger,110003",28.601013,77.2133,Combo (CCS-II + CHAdeMo + Type II),142.0,60+60+22,3
EESL,Govt.,Delhi,Central Delhi,Delhi,"Back Side Of Ndmc Office Tees January Lane, Near Mahatma Smirtti Bhawan, New Delhi 110001",28.60137,77.21298,Type-II AC,22.0,22,1
EESL,Govt.,Delhi,Central Delhi,Delhi,"Back Side Of Ndmc Office Tees January Lane, Near Mahatma Smirtti Bhawan, New Delhi 110001",28.60137,77.21298,Bharat DC-001,15.0,15,1
EESL,Govt.,Delhi,Central Delhi,Delhi,"Back Side Of Ndmc Office Tees January Lane, Near Mahatma Smirtti Bhawan, New Delhi 110001",28.60137,77.21298,Combo (CCS-II + CHAdeMo + Type II),142.0,60+60+22,3
EESL,Govt.,Delhi,Central Delhi,Delhi,"Back Side Of Ndmc Office Tees January Lane, Near Mahatma Smirtti Bhawan, New Delhi 110004",28.60137,77.22282,Type-II AC,22.0,22,1
EESL,Govt.,Delhi,Central Delhi,Delhi,"Back Side Of Ndmc Office Tees January Lane, Near Mahatma Smirtti Bhawan, New Delhi 110004",28.60137,77.22282,Bharat DC-001,15.0,15,1
EESL,Govt.,Delhi,Central Delhi,Delhi,"Back Side Sushma Swaraj Bhawan Build Parking ,New Delhi",28.595661,77.181693,Combo (CCS-II + CHAdeMo + Type II),142.0,60+60+22,3
EESL,Govt.,Delhi,Central Delhi,Delhi,"Back Side Sushma Swaraj Bhawan Build Parking ,New Delhi",28.595661,77.181693,Type-II AC,22.0,22,1
EESL,Govt.,Delhi,Central Delhi,Delhi,"Back Side Sushma Swaraj Bhawan Build Parking ,New Delhi",28.595661,77.181693,CHAdeMO,25.0,25,1
EESL,Govt.,Delhi,Central Delhi,Delhi,"Cesl - Dtc Ev Plaza, Ip Dtc Depot, New Delhi - 110002",28.620105,77.247931,Type-II AC,22.0,22,1
EESL,Govt.,Delhi,Central Delhi,Delhi,"Cesl - Dtc Ev Plaza, Ip Dtc Depot, New Delhi - 110002",28.620105,77.247931,CHAdeMO,25.0,25,1
EESL,Govt.,Delhi,Central Delhi,Delhi,"Cesl - Dtc Ev Plaza, Ip Dtc Depot, New Delhi - 110002",28.620105,77.247931,Bharat AC-001,10.0,3.3,3
EESL,Govt.,Delhi,Central Delhi,Delhi,"Cesl - Dtc Ev Plaza, Ip Dtc Depot, New Delhi - 110002",28.620105,77.247931,Bharat DC-001,15.0,15,1
EESL,Govt.,Delhi,Central Delhi,Delhi,"Cesl - Dtc Ev Plaza, Ip Dtc Depot, New Delhi - 110002",28.620105,77.247931,Combo (CCS-II + CHAdeMo + Type II),142.0,60+60+22,3
EESL,Govt.,Delhi,Central Delhi,Delhi,"Cesl - Dtc Ev Plaza, Rajghat - 1 Dtc Depot, New Delhi - 110002",28.640019,77.25623,Type-II AC,22.0,22,1
EESL,Govt.,Delhi,Central Delhi,Delhi,"Cesl - Dtc Ev Plaza, Rajghat - 1 Dtc Depot, New Delhi - 110002",28.640019,77.25623,CHAdeMO,25.0,25,1
EESL,Govt.,Delhi,Central Delhi,Delhi,"Cesl - Dtc Ev Plaza, Rajghat - 1 Dtc Depot, New Delhi - 110002",28.640019,77.25623,Bharat AC-001,10.0,3.3,3
EESL,Govt.,Delhi,Central Delhi,Delhi,"Cesl - Dtc Ev Plaza, Rajghat - 1 Dtc Depot, New Delhi - 110002",28.640019,77.25623,Bharat DC-001,15.0,15,1
EESL,Govt.,Delhi,Central Delhi,Delhi,"Cesl - Dtc Ev Plaza, Rajghat - 1 Dtc Depot, New Delhi - 110002",28.640019,77.25623,Combo (CCS-II + CHAdeMo + Type II),142.0,60+60+22,3
EESL,Govt.,Delhi,Central Delhi,Delhi,"Fire Bridge Lane, Barakambha Road, New Delhi,110001",28.627291,77.23179,Type-II AC,22.0,22,1
EESL,Govt.,Delhi,Central Delhi,Delhi,"Fire Bridge Lane, Barakambha Road, New Delhi,110001",28.627291,77.23179,Combo (CCS-II + CHAdeMo + Type II),142.0,60+60+22,3
EESL,Govt.,Delhi,Central Delhi,Delhi,"Gopal Das Building, Barakhamba Road, Connaught Lane, Barakhamba, New Delhi110001",28.631121,77.221654,Bharat DC-001,15.0,15,1
EESL,Govt.,Delhi,Central Delhi,Delhi,"Icci, Ficci Chowk, Mandi House, Todermal Road Area, Mandi House, New Delhi110001",28.626695,77.231943,Bharat DC-001,15.0,15,1
EESL,Govt.,Delhi,Central Delhi,Delhi,"Laxmi Bai Market, Safderjung Flyover, New Delhi",28.577999,77.209521,Bharat DC-001,15.0,15,1
EESL,Govt.,Delhi,Central Delhi,Delhi,"Ndmc Outside, Ess 33/11Kv Netaji Nagar Delhi-110003",28.579154,77.188127,Type-II AC,22.0,22,1
EESL,Govt.,Delhi,Central Delhi,Delhi,"Ndmc Outside, Ess 33/11Kv Netaji Nagar Delhi-110003",28.579154,77.188127,CHAdeMO,25.0,25,1
EESL,Govt.,Delhi,Central Delhi,Delhi,"Ndmc Outside, Ess 33/11Kv Netaji Nagar Delhi-110003",28.579154,77.188127,Bharat DC-001,15.0,15,1
EESL,Govt.,Delhi,Central Delhi,Delhi,"Ndmc Outside, Ess 33/11Kv Netaji Nagar Delhi-110003",28.579154,77.188127,Combo (CCS-II + CHAdeMo + Type II),142.0,60+60+22,3
EESL,Govt.,Delhi,Central Delhi,Delhi,"Ndmc Parking,  Akashwani Bhawan,  Sansad Marg Road,  New Delhi- 110001",28.622656,77.210994,Bharat DC-001,15.0,15,1
EESL,Govt.,Delhi,Central Delhi,Delhi,"Ndmc Parking,  Back Of Hotel Claridges,  Tees January Marg,  Dr. Apj Abdul Kalam Road,  New Delhi- 110003",28.601118,77.213603,Bharat DC-001,15.0,15,1
EESL,Govt.,Delhi,Central Delhi,Delhi,"Ndmc Parking,  Near Croma, D Block Rr5,  Opposite Bpcl Petrol Pump, Connaught Place, New Delhi- 110001",28.634388,77.221038,Bharat DC-001,15.0,15,1
EESL,Govt.,Delhi,Central Delhi,Delhi,"Ndmc Parking,  Near Ferns N Petals, Near Bpcl Petrol Pump,  C Block Rr5, Connaught Place,  New Delhi- 110001",28.634422,77.220852,Bharat DC-001,15.0,15,1
EESL,Govt.,Delhi,Central Delhi,Delhi,"Ndmc Parking,  Next To Pvr Plaza,  H Block Rr4, Connaught Place,  New Delhi-110001",28.63491,77.219522,Bharat DC-001,15.0,15,1
EESL,Govt.,Delhi,Central Delhi,Delhi,"Ndmc Parking,  Opposite Hp Petrol Pump, Block E, Rr7, Middle Circle, Connaught Place, New Delhi- 110001",28.631584,77.2219,Bharat DC-001,15.0,15,1
EESL,Govt.,Delhi,Central Delhi,Delhi,"Ndmc Parking,  Opposite South Indian Bank, Block E,  Rr6, Middle Circle, Connaught Place,  New Delhi- 110001",28.63363,77.221949,Bharat DC-001,15.0,15,1
EESL,Govt.,Delhi,Central Delhi,Delhi,"Ndmc Parking,  Outside Iqbal Bros.,  G1, Block G, Connaught Place,  New Delhi- 110001",28.633841,77.217664,Bharat DC-001,15.0,15,1
EESL,Govt.,Delhi,Central Delhi,Delhi,"Ndmc Parking,  Outside Jain Bhawan,  Shaheed Bhagat Singh Marg, Gole Market,  New Delhi- 110001",28.633614,77.207691,Bharat DC-001,15.0,15,1
EESL,Govt.,Delhi,Central Delhi,Delhi,"Ndmc Parking,  Outside Oriental Bank, Radial Road No. 7,  Block M, Middle Circe, Connaught Place,  New Delhi- 110001",28.600152,77.215762,Bharat DC-001,15.0,15,1
EESL,Govt.,Delhi,Central Delhi,Delhi,"Ndmc Parking,  Outside Standard Chartered Bank,  Sardar Patel Bhawan, Sansad Marg,  New Delhi- 110001",28.624419,77.213718,Bharat DC-001,15.0,15,1
EESL,Govt.,Delhi,Central Delhi,Delhi,"Ndmc Parking,  Outside Westend Vedi Tailors, Bock M, Middle Circle, Connaught Place,  New Delhi- 110001",28.633867,77.22191,Bharat DC-001,15.0,15,1
EESL,Govt.,Delhi,Central Delhi,Delhi,"Ndmc Parking,  Side Of Hotel Claridges,  Tees January Marg,  Dr. Apj Abdul Kalam Road,  New Delhi- 110003",28.600234,77.21353,Bharat DC-001,15.0,15,1
EESL,Govt.,Delhi,Central Delhi,Delhi,"Ndmc Parking,  Talkatora Garden,  President Estate,  New Delhi- 110001",28.62204,77.194867,Bharat DC-001,15.0,15,1
EESL,Govt.,Delhi,Central Delhi,Delhi,"Ndmc Parking,  Talkatora Garden,  President Estate,  New Delhi- 110001",28.622039,77.194866,Bharat DC-001,15.0,15,1
EESL,Govt.,Delhi,Central Delhi,Delhi,"Ndmc Parking, Near Ndmc Office,  Fire Brigade Lane, Barakhamba,  New Delhi- 110001",28.630256,77.225668,Bharat DC-001,15.0,15,1
EESL,Govt.,Delhi,Central Delhi,Delhi,"Ndmc Parking, Opposite Dory Pharmacy, Khanna Market, Aliganj, Lodhi Colony, New Delhi- 110003",28.584365,77.22054,Bharat DC-001,15.0,15,1
EESL,Govt.,Delhi,Central Delhi,Delhi,"Ndmc Parking, Opposite Goel Opticals, Khanna Market, Aliganj, Lodhi Colony, New Delhi- 110003",28.580532,77.221048,Bharat DC-001,15.0,15,1
EESL,Govt.,Delhi,Central Delhi,Delhi,"Ndmc Parking, Opposite Hdfc Bank, M- Block,  Connaught Place, New Delhi-110001",28.632973,77.222937,Bharat DC-001,15.0,15,1
EESL,Govt.,Delhi,Central Delhi,Delhi,"Ndmc Parking, Outside Devinder Collections, Shankar Market, Connaught Place,  New Delhi- 110001",28.633733,77.22353,Bharat DC-001,15.0,15,1
EESL,Govt.,Delhi,Central Delhi,Delhi,"Ndmc Parking, Prithviraj Market, Prithviraj Ln, New Delhi, Delhi- 110003",28.600735,77.226277,Bharat DC-001,15.0,15,1
EESL,Govt.,Delhi,Central Delhi,Delhi,"Near Icici Bank/Metro Gate No. 7 & 8, Block A, Inner Circle, Connaught Place, New Delhi 110001",28.63242,77.218068,Bharat DC-001,15.0,15,1
EESL,Govt.,Delhi,Central Delhi,Delhi,"Near Ndmc Office, Palika Kendra, New Delhi- 110001",28.6285,77.217046,Bharat DC-001,15.0,15,1
EESL,Govt.,Delhi,Central Delhi,Delhi,"Near Snow White, Block D, Inner Circle, Connaught Place, New Delhi 110001",28.63388,77.221078,Bharat DC-001,15.0,15,1
EESL,Govt.,Delhi,Central Delhi,Delhi,"Near Woodland Showroom, Block B, Inner Circle, Connaught Place, New Delhi 110001",28.634371,77.2195,Bharat DC-001,15.0,15,1
EESL,Govt.,Delhi,Central Delhi,Delhi,"Opposite Fab India, Janpath Rd, Atul Grove Road, Janpath, Connaught Place, New Delhi",28.627546,77.219769,Bharat DC-001,15.0,15,1
EESL,Govt.,Delhi,Central Delhi,Delhi,"Opposite Icici Bank, Janpath, New Delhi",28.628528,77.21946,Bharat DC-001,15.0,15,1
EESL,Govt.,Delhi,Central Delhi,Delhi,"Opposite Ivory Mart, F Block, Inner Circle, Connaught Place, New Delhi 110001",28.63389,77.221079,Bharat DC-001,15.0,15,1
EESL,Govt.,Delhi,Central Delhi,Delhi,"Outside Bharat Sanchar Bhawan, Ashoke Road, Janpath, New Delhi- 110001",28.621724,77.219286,Bharat DC-001,15.0,15,1
EESL,Govt.,Delhi,Central Delhi,Delhi,"Outside Chelmsford Club/ Opposite Csir Building, Rafi Marg, Sansad Marg Area, New Delhi 110001",28.618177,77.21259,Type-II AC,22.0,22,1
EESL,Govt.,Delhi,Central Delhi,Delhi,"Outside Chelmsford Club/ Opposite Csir Building, Rafi Marg, Sansad Marg Area, New Delhi 110001",28.618177,77.21259,CHAdeMO,25.0,25,1
EESL,Govt.,Delhi,Central Delhi,Delhi,"Outside Chelmsford Club/ Opposite Csir Building, Rafi Marg, Sansad Marg Area, New Delhi 110001",28.618177,77.21259,Bharat DC-001,15.0,15,1
EESL,Govt.,Delhi,Central Delhi,Delhi,"Outside Chelmsford Club/ Opposite Csir Building, Rafi Marg, Sansad Marg Area, New Delhi 110001",28.618177,77.21259,Combo (CCS-II + CHAdeMo + Type II),142.0,60+60+22,3
EESL,Govt.,Delhi,Central Delhi,Delhi,"Outside Uco Bank, Block H, Rr3, Connaught Place, New Delhi",28.63407,77.217683,Bharat DC-001,15.0,15,1
EESL,Govt.,Delhi,Central Delhi,Delhi,"Outside Van Heusen Showroom, Block C, Inner Circle, Connaught Place, New Delhi 110001",28.634137,77.220382,Bharat DC-001,15.0,15,1
EESL,Govt.,Delhi,Central Delhi,Delhi,"Palika Maternity Hospital, Block 11, Lodhi Colony, Near Khanna Market, New Delhi 110003",28.583518,77.222057,Bharat DC-001,15.0,15,1
EESL,Govt.,Delhi,Central Delhi,Delhi,"Press Club Of India, 1, Raisina Road, Windsor Place, New Delhi110001",28.617517,77.213919,Bharat DC-001,15.0,15,1
EESL,Govt.,Delhi,Central Delhi,Delhi,Talkatora Stadium Presidents Estate New Delhi 110004,28.625753,77.19453,Bharat DC-001,15.0,15,1
Fortum,Private,Delhi,Central Delhi,Delhi,"Hemkunt Ss,Jangpura Ex",28.58583,77.24038,CCS-II,60.0,30,1
Hero Vida,Private,Delhi,Central Delhi,Delhi,"Rajeev Ss,Sundernagar",28.60697,77.239869,Bharat AC-001,3.3,3.3,1
KAZAM,Private,Delhi,Central Delhi,Delhi,"2E/3,Link Road,Jhandewalan,New Delhi,Delhi,110005",28.64454,77.200709,LEV AC Charge point,3.3,3.3,1
KAZAM,Private,Delhi,Central Delhi,Delhi,"3406,Desh Bandhu Gupta Road,Karol Bagh,New Delhi,Delhi,110005",28.653968,77.190589,LEV AC Charge point,3.3,3.3,1
KAZAM,Private,Delhi,Central Delhi,Delhi,"Rajinder Nagar,New Delhi,Delhi,110060, Charger-1",28.643244,77.186436,LEV AC Charge point,3.3,3.3,1
KAZAM,Private,Delhi,Central Delhi,Delhi,"Rajinder Nagar,New Delhi,Delhi,110060, Charger-2",28.643262,77.186547,LEV AC Charge point,3.3,3.3,1
KAZAM,Private,Delhi,Central Delhi,Delhi,"Rajinder Nagar,New Delhi,Delhi,110060, Charger-3",28.643178,77.186451,LEV AC Charge point,3.3,3.3,1
KAZAM,Private,Delhi,Central Delhi,Delhi,"Shri Jagannath Marg,Ina Colony,New Delhi,Delhi,110003",28.577245,77.219437,LEV AC Charge point,3.3,3.3,1
KAZAM,Private,Delhi,Central Delhi,Delhi,"South Patel Nagar,New Delhi,Delhi,110008",28.646257,77.166991,LEV AC Charge point,3.3,3.3,1
NTPC,Govt.,Delhi,Central Delhi,Delhi,"Hpcl Batra Car Care Centre,Humayun Road, New Delhi",28.602138,77.230071,Bharat DC-001,15.0,15,1
NTPC,Govt.,Delhi,Central Delhi,Delhi,"Hpcl Bedi Motor,Race Course Road, New Delhi",28.59629,77.20446,Bharat DC-001,15.0,15,1
NTPC,Govt.,Delhi,Central Delhi,Delhi,Irwin Road S Stn,28.629249,77.212676,Bharat AC-001,10.0,3.3,1
OLA,Private,Delhi,Central Delhi,Delhi,"Near Jawaharlal Nehrumarg Intersec,Opp. To Mcd Civic Centre,Delhi - Central",28.64145,77.22588,LEV DC Charge Point (IS-17017-2-6),7.0,7,1
Plug &Go,Private,Delhi,Central Delhi,Delhi,"Plug & Go, Near Swati Appt, Narwana Road, Patparganj",28.6215,77.2935,Bharat AC-001,10.0,3.3,1
Plug &Go,Private,Delhi,Central Delhi,Delhi,"Plug & Go, Near Swati Appt, Narwana Road, Patparganj",28.6215,77.2935,Bharat DC-001,15.0,15,1
Sun mobility,Private,Delhi,Central Delhi,Delhi,"Mahatma Gandhi Marg, Gas Turbine Power Station, Ip Estate, New Delhi, Delhi 110002",28.62,77.24,Bharat AC-001,10.0,3.3,1
Sun mobility,Private,Delhi,Central Delhi,Delhi,"Main Patel Rd, Block B, Baljit Nagar, Shadipur, New Delhi - 110008",28.65,77.15,Bharat AC-001,10.0,3.3,1
Sun mobility,Private,Delhi,Central Delhi,Delhi,"Main Patel Rd, Block B, Baljit Nagar, Shadipur, New Delhi - 110008",28.65,77.15,Bharat DC-001,15.0,15,1
Sun mobility,Private,Delhi,Central Delhi,Delhi,"Main Patel Rd, Block W, Dtc Colony, Shadipur, New Delhi, Delhi 110008",28.65116,77.1586,Bharat AC-001,10.0,3.3,1
Sun mobility,Private,Delhi,Central Delhi,Delhi,"Uttam Singh Narula Marg, Rajinder Nagar, New Delhi -110060",28.64273,77.17751,Bharat AC-001,10.0,3.3,1
UJOY,Private,Delhi,Central Delhi,Delhi,"10/6776,Db Gupta Road,Dev Nagar ,Opp Bali Nursing Home",28.656341,77.186152,LEV AC Charge point,3.3,3.3,1
UJOY,Private,Delhi,Central Delhi,Delhi,"10/6776,Db Gupta Road,Opp Bali Nursing Home,Dev Nagar",28.656325,77.186087,LEV AC Charge point,3.3,3.3,1
UJOY,Private,Delhi,Central Delhi,Delhi,111 3  Sukhdev Market Kotla Mubarakpur,28.574873,77.227662,LEV AC Charge point,3.3,3.3,1
UJOY,Private,Delhi,Central Delhi,Delhi,19/8 Old Rajinder Nagar,28.63919,77.182793,LEV AC Charge point,3.3,3.3,1
UJOY,Private,Delhi,Central Delhi,Delhi,"31X/17 Main Road, Gali No 3, Anand Parbat Industrial Area",28.66363,77.178639,LEV AC Charge point,3.3,3.3,1
UJOY,Private,Delhi,Central Delhi,Delhi,"31X/17, Gali No 3, Anand Parbat Industrial Area",28.663565,77.178592,LEV AC Charge point,3.3,3.3,1
UJOY,Private,Delhi,Central Delhi,Delhi,"31X/17, Main Road, Anand Parbat Industrial Area",28.663631,77.178646,LEV AC Charge point,3.3,3.3,1
UJOY,Private,Delhi,Central Delhi,Delhi,"31X/17, Main Road, Gali No 3, Anand Parbat Industrial Area",28.663618,77.178651,LEV AC Charge point,3.3,3.3,1
UJOY,Private,Delhi,Central Delhi,Delhi,4908/41 Reghar Pura Karol Bagh New Delhi,28.653367,77.187696,LEV AC Charge point,3.3,3.3,1
UJOY,Private,Delhi,Central Delhi,Delhi,4908/41 Reghar Pura Karol Bagh New Delhi- Charger-2,28.65339,77.187762,LEV AC Charge point,3.3,3.3,1
UJOY,Private,Delhi,Central Delhi,Delhi,"4908/41 Reghar Pura Karol Bagh New Delhi, Charger-1",28.65328,77.187857,LEV AC Charge point,3.3,3.3,1
UJOY,Private,Delhi,Central Delhi,Delhi,"4908/41 Reghar Pura Karol Bagh New Delhi,Chargrer-3",28.653371,77.187741,LEV AC Charge point,3.3,3.3,1
UJOY,Private,Delhi,Central Delhi,Delhi,808 Sukh Dev Market Kotla Mubarakpur New Delhi,28.574992,77.228454,LEV AC Charge point,3.3,3.3,1
UJOY,Private,Delhi,Central Delhi,Delhi,8810 Schid Pura Rajaram Krolbagh,28.654678,77.200807,LEV AC Charge point,3.3,3.3,1
UJOY,Private,Delhi,Central Delhi,Delhi,A 111 3 Sukhdev Makrket Kotla Mubarakpur,28.57488,77.227579,LEV AC Charge point,3.3,3.3,1
UJOY,Private,Delhi,Central Delhi,Delhi,A-181/6 Sukhdev Nagar Kotla Mubarakpur New Delhi,28.574207,77.228207,LEV AC Charge point,3.3,3.3,1
UJOY,Private,Delhi,Central Delhi,Delhi,"A753/1, Sukhdev Market, Kotla Mubarakpur",28.574847,77.227747,LEV AC Charge point,3.3,3.3,1
UJOY,Private,Delhi,Central Delhi,Delhi,"C-39 Main Market , West Patel Nagar New Delhi",28.650678,77.164484,LEV AC Charge point,3.3,3.3,1
UJOY,Private,Delhi,Central Delhi,Delhi,Patel Nagar Mandir Wali Gali,28.64863,77.161497,LEV AC Charge point,3.3,3.3,1
UJOY,Private,Delhi,Central Delhi,Delhi,Rajendra Nagar,28.639194,77.182719,LEV AC Charge point,3.3,3.3,1
UJOY,Private,Delhi,Central Delhi,Delhi,Shop No.9 Mini Nala Market Near 218 No Pillar,28.649701,77.162809,LEV AC Charge point,3.3,3.3,1
UJOY,Private,Delhi,Central Delhi,Delhi,Shop No.9 Mini Nala Market Near 218 No.Pillar,28.649747,77.162849,LEV AC Charge point,3.3,3.3,1
UJOY,Private,Delhi,Central Delhi,Delhi,Than Singh Nagar Palot Nob 76 Anandparbat,28.66148,77.18327,LEV AC Charge point,3.3,3.3,1
UJOY,Private,Delhi,Central Delhi,Delhi,"Than Singh Nagar Palot Nob 76 Anandparbat, Charger-2",28.661479,77.183261,LEV AC Charge point,3.3,3.3,1
UJOY,Private,Delhi,Central Delhi,Delhi,"Than Singh Nagar Palot Nob 76 Anandparbat, Charger-3",28.661484,77.183271,LEV AC Charge point,3.3,3.3,1
UJOY,Private,Delhi,Central Delhi,Delhi,"Than Singh Nagar Palot Nob 76 Anandparbat, Charger-4",28.661479,77.18327,LEV AC Charge point,3.3,3.3,1
BPCL,Govt.,Delhi,NORTH DELHI,DELHI,"10/7, MILE STONEG.T KARNAL ROAD,, G.T. KARNAL ROAD, , City=DELHI,
District=NORTH DELHI, State=Delhi",28.796248,77.13908,Bharat AC,3.0,3,1
BPCL,Govt.,Delhi,SOUTH EAST DELHI,DELHI,"100, HARI NAGAR ASHRAM, DELHI, , City=DELHI, District=SOUTH EAST DELHI,
State=Delhi",28.574322,77.257423,CCS,60.0,60,2
BPCL,Govt.,Delhi,NEW DELHI,DELHI,"12, SCINDIA HOUSEK.G.MARG C.P, C PLACE, , City=DELHI, District=NEW
DELHI, State=Delhi",28.629647,77.221322,Bharat AC,3.0,3,1
BPCL,Govt.,Delhi,NORTH DELHI,DELHI,"15/1,G.T.KARNAL ROAD,SINGHU BODER, DELHI, , City=DELHI,
District=NORTH DELHI, State=Delhi",28.856247,77.124473,CCS,60.0,60,2
BPCL,Govt.,Delhi,NORTH DELHI,DELHI,"5/5, G.T. KARNAL ROAD NEAR AZADPUR, JAHANGIRPURI, , City=DELHI,
District=NORTH DELHI, State=Delhi",28.724267,77.164504,Bharat AC,3.0,3,1
BPCL,Govt.,Delhi,NORTH DELHI,DELHI,"ADJOINING NARELA FRUIT MANDI, VILLAGE KHAMPUR, , City=DELHI,
District=NORTH DELHI, State=Delhi",28.831151,77.13085,CCS,60.0,60,2
BPCL,Govt.,Delhi,NORTH DELHI,DELHI,"AUCHINNDI VILLAGE,BAWANA, #, , City=DELHI, District=NORTH DELHI,
State=Delhi",28.829667,76.986643,CCS,60.0,60,2
BPCL,Govt.,Delhi,NORTH DELHI,DELHI,"AZADPUR, AZADPUR, , City=DELHI, District=NORTH DELHI, State=Delhi",28.71035,77.17504,Bharat AC,3.0,3,1
BPCL,Govt.,Delhi,SOUTH DELHI,DELHI,"B - BLOCK,G.K.-1, GREATER KAILASH - 1, , City=DELHI, District=DELHI -
SOUTH, State=Delhi",28.559181,77.232018,LEV DC,15.0,7,1
BPCL,Govt.,Delhi,SOUTH WEST DELHI,DELHI,"BIJIWASAN ROAD, DINDARPUR, , City=NEW DELHI, District=DELHI - SOUTH
WEST, State=Delhi",28.588702,76.994407,CCS,30.0,30,1
BPCL,Govt.,Delhi,NORTH WEST DELHI,DELHI,"COMMUNITY CENTRE,CANAL ROAD,AP BLO, COMMUNITY CENTRE,CANAL
ROAD,AP BLO, , City=DELHI, District=DELHI, State=Delhi",28.703093,77.157304,Bharat AC,3.0,3,1
BPCL,Govt.,Delhi,WEST DELHI,DELHI,"DISTRICT CENTRE, PASCHIM VIHAR, , City=DELHI, District=WEST DELHI,
State=Delhi",28.667984,77.087537,CCS,60.0,60,2
BPCL,Govt.,Delhi,SOUTH EAST DELHI,DELHI,"FRIENDS COLONY, MATHURA ROAD, , City=DELHI, District=SOUTH EAST
DELHI, State=Delhi",28.563197,77.264579,LEV DC,15.0,7,1
BPCL,Govt.,Delhi,SOUTH EAST DELHI,DELHI,"FRIENDS COLONY, MATHURA ROAD, , City=DELHI, District=SOUTH EAST
DELHI, State=Delhi",28.563197,77.264579,CCS,60.0,60,2
BPCL,Govt.,Delhi,SHAHDARA,DELHI,"G.T. ROAD, SHAHADRA, , City=DELHI, District=SHAHDARA, State=Delhi",28.67645,77.315803,CCS,30.0,30,1
BPCL,Govt.,Delhi,WEST DELHI,DELHI,"H - 3, H - BLOCKVIKASPURI, VIKASPURI, , City=DELHI, District=WEST DELHI,
State=Delhi",28.648159,77.077278,Bharat AC,3.0,3,1
BPCL,Govt.,Delhi,SOUTH DELHI,DELHI,"HEMKUND COLONY, NEHRU PLACE, NEHRU PLACE, , City=DELHI,
District=SOUTH DELHI, State=Delhi",28.550266,77.247925,CCS,60.0,60,2
BPCL,Govt.,Delhi,SOUTH DELHI,DELHI,"J.B TITO MARG, ANDREWS GANJ, DELHI, , City=DELHI, District=SOUTH DELHI,
State=Delhi",28.562963,77.232151,CCS,30.0,30,1
BPCL,Govt.,Delhi,NEW DELHI,DELHI,"JANPATH,OPP. EASTERN COURT, JANPATH,OPP. EASTERN COURT, ,
City=DELHI, District=NEW DELHI, State=Delhi",28.624517,77.218776,Bharat AC,3.0,3,1
BPCL,Govt.,Delhi,CENTRAL DELHI,DELHI,"KALIDAS MARG SHASHTRI NAGAR, SHASTRI NAGAR, , City=DELHI,
District=CENTRAL DELHI, State=Delhi",28.673722,77.186996,Bharat AC,3.0,3,1
BPCL,Govt.,Delhi,SOUTH WEST DELHI,DELHI,"KAPASHERA BORDER, DELHI, , City=DELHI, District=DELHI - SOUTH WEST,
State=Delhi",28.522202,77.082021,CCS,60.0,60,2
BPCL,Govt.,Delhi,NORTH DELHI,DELHI,"KHASRA NO.66/14&66/15, G.T.KARNAL ROAD, ALIPUR, , City=DELHI,
District=NORTH DELHI, State=Delhi",28.798305,77.144275,CCS,60.0,60,2
BPCL,Govt.,Delhi,SOUTH DELHI,DELHI,"LADOO SARAI,MEHRAULI ROAD, MEHRAULI ROAD, , City=DELHI,
District=SOUTH DELHI, State=Delhi",28.527987,77.189809,CCS,30.0,30,1
BPCL,Govt.,Delhi,CENTRAL DELHI,DELHI,"LINK ROAD, KAROL BAGH, , City=DELHI, District=DELHI - CENTRAL,
State=Delhi",28.645055,77.198875,CCS,60.0,60,2
BPCL,Govt.,Delhi,NEW DELHI,DELHI,"LINK ROAD,KAROL BAGH, LINK ROAD,KAROL BAGH, , City=DELHI,
District=NEW DELHI, State=Delhi",28.644456,77.198797,Bharat AC,3.0,3,1
BPCL,Govt.,Delhi,WEST DELHI,DELHI,"MADIPUR COMMUNITY CENTRE, MAIN PUN, PUNJABI BAGH, , City=DELHI,
District=WEST DELHI, State=Delhi",28.66721,77.11895,CCS,30.0,30,1
BPCL,Govt.,Delhi,NORTH DELHI,DELHI,"MAIN ROAD IBRAHIMPUR PVR, KHASRA NO. 79/2, NR NAVRANG FARMS, ,
City=DELHI, District=NORTH DELHI, State=Delhi",28.770841,77.179316,LEV DC,15.0,7,1
BPCL,Govt.,Delhi,NORTH WEST DELHI,DELHI,"MANGOL PURI INDUSTR.AREA PHASE-1, MANGOLPURI, , City=DELHI,
District=DELHI, State=Delhi",28.688291,77.089723,Bharat AC,3.0,3,1
BPCL,Govt.,Delhi,SOUTH EAST DELHI,DELHI,"NEAR DAYAL SINGH COLLEGE,, LODHI ROAD, , City=DELHI, District=SOUTH
EAST DELHI, State=Delhi",28.592184,77.237445,CCS,60.0,60,2
BPCL,Govt.,Delhi,CENTRAL DELHI,DELHI,"NEAR JAWAHARLAL NEHRUMARG INTERSEC, OPP. TO MCD CIVIC CENTRE, ,
City=DELHI, District=CENTRAL DELHI, State=Delhi",28.641448,77.225883,LEV DC,15.0,7,1
BPCL,Govt.,Delhi,CENTRAL DELHI,DELHI,"NEAR JAWAHARLAL NEHRUMARG INTERSEC, OPP. TO MCD CIVIC CENTRE, ,
City=DELHI, District=CENTRAL DELHI, State=Delhi",28.641448,77.225883,CCS,60.0,60,2
BPCL,Govt.,Delhi,NEW DELHI,DELHI,"NEAR RACE COURSE, NEAR RACE COURSE, , City=DELHI, District=DELHI - NEW
DELHI, State=Delhi",28.596196,77.204918,CCS,30.0,30,1
BPCL,Govt.,Delhi,NORTH WEST DELHI,DELHI,"NEAR RAJIV GANDHI CANCER HOSPITAL,, #, , City=DELHI, District=DELHI,
State=Delhi",28.717999,77.110324,LEV DC,15.0,7,1
BPCL,Govt.,Delhi,NEW DELHI,DELHI,"NELSON MANDELA MARG,, VASANT KUNJ -1, , City=DELHI, District=NEW
DELHI, State=Delhi",28.537794,77.153376,LEV DC,15.0,7,1
BPCL,Govt.,Delhi,NEW DELHI,DELHI,"OPP. CHANAKYA CINEMA,, VINAY MARG, , City=DELHI, District=NEW DELHI,
State=Delhi",28.583514,77.191015,LEV DC,15.0,7,1
BPCL,Govt.,Delhi,NEW DELHI,DELHI,"OPP. CHANAKYA CINEMA,, VINAY MARG, , City=DELHI, District=NEW DELHI,
State=Delhi",28.583514,77.191015,CCS,60.0,60,2
BPCL,Govt.,Delhi,NORTH WEST DELHI,DELHI,"OPPOSITE IOC LPG BOTTLING PLANT, GHEVRA- KANJAWALA ROAD, ,
City=DELHI, District=NORTH WEST DELHI, State=Delhi",28.688089,76.960354,CCS,60.0,60,2
BPCL,Govt.,Delhi,NORTH WEST DELHI,DELHI,"PLOT NO.5, MANGLAM PLACE, SECTOR-3, ROHINI, , City=DELHI,
District=NORTH WEST DELHI, State=Delhi",28.700852,77.115153,LEV DC,15.0,7,1
BPCL,Govt.,Delhi,NEW DELHI,DELHI,"PRAGATI MAIDAN,, OPP. NSCI, , City=DELHI, District=NEW DELHI, State=Delhi",28.614646,77.240612,CCS,60.0,60,2
BPCL,Govt.,Delhi,NEW DELHI,DELHI,"PRATAP BUILDING,N-BLOCK,C.PLACE, N BLOCK , CP, , City=DELHI,
District=NEW DELHI, State=Delhi",28.63142,77.22189,Bharat AC,3.0,3,1
BPCL,Govt.,Delhi,NORTH WEST DELHI,DELHI,"PUNJAB KHOR, PUNJAB KHOR, , City=DELHI, District=NORTH WEST DELHI,
State=Delhi",28.786768,76.962817,CCS,60.0,60,2
BPCL,Govt.,Delhi,CENTRAL DELHI,DELHI,"RAJINDRA MARKET,NEAR TIS HAZARI, RAJINDRA MARKET, , City=DELHI,
District=CENTRAL DELHI, State=Delhi",28.663591,77.218806,Bharat AC,3.0,3,1
BPCL,Govt.,Delhi,WEST DELHI,DELHI,"RAMPURA, RAMPURA, , City=DELHI, District=WEST DELHI, State=Delhi",28.67197,77.154558,CCS,30.0,30,1
BPCL,Govt.,Delhi,SHAHDARA,DELHI,"RD NO 75B,, VIKAS MARG EXTN, , City=DELHI, District=SHAHDARA,
State=Delhi",28.658079,77.310863,LEV DC,15.0,7,1
BPCL,Govt.,Delhi,SHAHDARA,DELHI,"RD NO 75B,, VIKAS MARG EXTN, , City=DELHI, District=SHAHDARA,
State=Delhi",28.658079,77.310863,CCS,60.0,60,2
BPCL,Govt.,Delhi,EAST DELHI,DELHI,"ROAD NO 56, GHAZIPUR, , City=DELHI, District=EAST DELHI, State=Delhi",28.634552,77.315473,CCS,60.0,60,2
BPCL,Govt.,Delhi,NORTH DELHI,DELHI,"ROHINII BAWANA ROAD, BAWANA, , City=DELHI, District=NORTH DELHI,
State=Delhi",28.783392,77.042184,CCS,60.0,60,2
BPCL,Govt.,Delhi,SOUTH WEST DELHI,DELHI,"SECTOR 1,PHASE 1- DWARKA PURI, DWARKA, , City=DELHI, District=SOUTH
WEST DELHI, State=Delhi",28.593855,77.077849,CCS,60.0,60,2
BPCL,Govt.,Delhi,SOUTH WEST DELHI,DELHI,"SECTOR 11, DWARKA, , City=DELHI, District=SOUTH WEST DELHI, State=Delhi",28.591267,77.04699,LEV DC,15.0,7,1
BPCL,Govt.,Delhi,SOUTH WEST DELHI,DELHI,"SECTOR-22, DWARKA, DWARKA, , City=DELHI, District=SOUTH WEST DELHI,
State=Delhi",28.556072,77.056641,CCS,30.0,30,1
BPCL,Govt.,Delhi,NEW DELHI,DELHI,"SHANTIPATH, ROAD, , City=DELHI, District=NEW DELHI, State=Delhi",28.580494,77.17927,CCS,30.0,30,1
BPCL,Govt.,Delhi,NEW DELHI,DELHI,"V & PO RAJOKARI CHOWK, GURGAON ROAD, , City=DELHI, District=NEW
DELHI, State=Delhi",28.522886,77.099731,CCS,60.0,60,2
BPCL,Govt.,Delhi,NEW DELHI,DELHI,"VASANT VIHAR, PALAM MARG, , City=DELHI, District=NEW DELHI,
State=Delhi",28.559364,77.171005,CCS,30.0,30,1
BPCL,Govt.,Delhi,NORTH DELHI,NEW DELHI,"VILLAGE - SULTANPUR DABAS, TEHSIL-NARELA BAWANA KHANJHAWALA RD,
, City=NEW DELHI, District=NORTH DELHI, State=Delhi",28.77453,77.01914,CCS,60.0,60,2
BPCL,Govt.,Delhi,SOUTH WEST DELHI,DELHI,"VILLAGE CHAWLA, NEAR CHAWLA CAMP, , City=NEW DELHI, District=DELHI -
SOUTH WEST, State=Delhi",28.55682,77.004611,CCS,30.0,30,1
BPCL,Govt.,Delhi,NORTH WEST DELHI,DELHI,"VILLAGE GHEVRA, KANJHAWALA GHEVRA ROAD, , City=DELHI,
District=NORTH WEST DELHI, State=Delhi",28.704538,77.00105,CCS,60.0,60,2
BPCL,Govt.,Delhi,CENTRAL DELHI,DELHI,"VILLAGE JHARODA MAJRA,, MAIN ROAD BURARI, , City=DELHI,
District=CENTRAL DELHI, State=Delhi",28.733523,77.198281,CCS,30.0,30,1
BPCL,Govt.,Delhi,NORTH DELHI,DELHI,"VILLAGE KHAMPUR, G.T.KARNAL ROAD, , City=DELHI, District=NORTH DELHI,
State=Delhi",28.820279,77.134353,CCS,30.0,30,1
BPCL,Govt.,Delhi,SOUTH WEST DELHI,DELHI,"VILLAGE MITROAN, VILLAGE MITROAN, , City=DELHI, District=SOUTH WEST
DELHI, State=Delhi",28.608606,76.9525,LEV DC,15.0,7,1
BPCL,Govt.,Delhi,WEST DELHI,DELHI,"VILLAGE MUNDKA, KM STONE 24.306LHS, ROHTAK ROAD, NH, , City=DELHI,
District=WEST DELHI, State=Delhi",28.683623,77.009351,CCS,30.0,30,1
BPCL,Govt.,Delhi,NORTH EAST DELHI,DELHI,"WAZIRABAD ROAD,GOKULPUR, GOKULPUR, , City=DELHI, District=DELHI,
State=Delhi",28.701651,77.289619,CCS,30.0,30,1
BPCL,Govt.,Delhi,WEST DELHI,DELHI,"ZONE G-17, OUTER RING ROAD,PIRA GA, PEERA GARHI, , City=DELHI,
District=WEST DELHI, State=Delhi",28.67531,77.093428,Bharat AC,3.0,3,1
Ather,Private,Goa,North Goa,Goa,"5, 355/3, Near Canacona Industrial Estate, Canacona Industrial Estate, Canacona, Goa 403702",15.008299,74.07144,LEV DC Charge Point (IS-17017-2-7),3.3,3.3,1
Ather,Private,Goa,North Goa,Goa,"Near Ktc Bus Stand Bernard Bab Complex, Opp. Omkar Building, Nagorcem, Canacona, Goa 403702",15.008472,74.042604,LEV DC Charge Point (IS-17017-2-7),3.3,3.3,1
Ather,Private,Goa,North Goa,Goa,"Balli. Near Primary Health Centre. Near Railway Station. Balli Cuncolim, Goa",15.151791,74.018936,LEV DC Charge Point (IS-17017-2-7),3.3,3.3,1
Ather,Private,Goa,North Goa,Goa,"Bus Stand, Shop No 6&7,Grace Enclave, Near Ktc, Cuncolim, Goa",15.181228,73.998217,LEV DC Charge Point (IS-17017-2-7),3.3,3.3,1
Ather,Private,Goa,North Goa,Goa,"H.No617 Dandeavddo Chinchinim Salcete ,South Goa Margao  403715 Goa India",15.214808,73.983818,LEV DC Charge Point (IS-17017-2-7),3.3,3.3,1
Ather,Private,Goa,North Goa,Goa,"466, Gunea Vaddo, Ramada Caravel Rd. , Fatrade Rd., Varca, Goa",15.223143,73.944094,LEV DC Charge Point (IS-17017-2-7),3.3,3.3,1
Ather,Private,Goa,North Goa,Goa,"590/Iii-A, Caramorod, Chinchinim, Goa",15.225126,73.979533,LEV DC Charge Point (IS-17017-2-7),3.3,3.3,1
Ather,Private,Goa,North Goa,Goa,"Poonam Residency, Shop No. 8, Lakaki, Dicarpale, Navelim, Saclcete",15.255023,73.993668,LEV DC Charge Point (IS-17017-2-7),3.3,3.3,1
Ather,Private,Goa,North Goa,Goa,"Shop No G1&G2,Ground Floor,Draupadi Apartment Opp Kenker Engineering Workshop,Sirvodem, Margao, Goa",15.265105,73.959943,LEV DC Charge Point (IS-17017-2-7),3.3,3.3,1
Ather,Private,Goa,North Goa,Goa,"City Plaza, Phase 2, Pedda, Margao, Goa",15.269764,73.95495,LEV DC Charge Point (IS-17017-2-7),3.3,3.3,1
Ather,Private,Goa,North Goa,Goa,"Aquem Alto, Margao, Goa",15.272316,73.971892,LEV DC Charge Point (IS-17017-2-7),3.3,3.3,1
Ather,Private,Goa,North Goa,Goa,"St Joaquim Road, Borda, Margao, Goa 403601",15.282426,73.961726,LEV DC Charge Point (IS-17017-2-7),3.3,3.3,1
Ather,Private,Goa,North Goa,Goa,"Shop No As 13, 14, Block No A, Building Gogol Vista, Near Caro Central, South Goa 403602",15.284851,73.977387,LEV DC Charge Point (IS-17017-2-7),3.3,3.3,1
Ather,Private,Goa,North Goa,Goa,"Cross Road Avenues, Arlem, Margao, Goa",15.296113,73.973946,LEV DC Charge Point (IS-17017-2-7),3.3,3.3,1
Ather,Private,Goa,North Goa,Goa,"Fiona Enterprises, Curchorem - Ponda Rd, Shiroda, Goa",15.339167,74.015849,LEV DC Charge Point (IS-17017-2-7),3.3,3.3,1
Ather,Private,Goa,North Goa,Goa,"H No. 174/2-A-(10), Garage, Near Mes Collage, Zuarinagar, Sancoale",15.3881,73.861907,LEV DC Charge Point (IS-17017-2-7),3.3,3.3,1
Ather,Private,Goa,North Goa,Goa,"Nh 17, Next To Dominos, Dabolim, Goa 403711",15.390716,73.849207,LEV DC Charge Point (IS-17017-2-7),3.3,3.3,1
Ather,Private,Goa,North Goa,Goa,"Opp Market Yard Bethoda Road, Ponda, Goa",15.39959,74.01732,LEV DC Charge Point (IS-17017-2-7),3.3,3.3,1
Ather,Private,Goa,North Goa,Goa,"Hp Petrol Pump,Survey No- 34/1, Ponda Market Road, A/P.- Ponda, Near Old Busstand, Tal-Ponda, District-North Goa, Goa",15.400226,74.004356,LEV DC Charge Point (IS-17017-2-7),3.3,3.3,1
Ather,Private,Goa,North Goa,Goa,"Shop No. 05, Shantai Niwas, Warkhande,, Ponda - Goa 403401, Ponda, Goa 403401",15.40487,74.00618,LEV DC Charge Point (IS-17017-2-7),3.3,3.3,1
Ather,Private,Goa,North Goa,Goa,"Saiyog Solar Water Heater, Donshiwado, Bandoda, Goa",15.4099,73.992809,LEV DC Charge Point (IS-17017-2-7),3.3,3.3,1
Ather,Private,Goa,North Goa,Goa,"Bubble Cafe  Shop No 4, Pereira Building,  Opp. Indusind Bank,  St.Inez Panaji Goa",15.494327,73.819328,LEV DC Charge Point (IS-17017-2-7),3.3,3.3,1
Ather,Private,Goa,North Goa,Goa,"Near Old Goa Fire Brigade, Goa",15.500049,73.914127,LEV DC Charge Point (IS-17017-2-7),3.3,3.3,1
Ather,Private,Goa,North Goa,Goa,"Betim−Pomburpa Rd, Alto− Betim Porvorim, Penha De França, Goa",15.523066,73.825913,LEV DC Charge Point (IS-17017-2-7),3.3,3.3,1
Ather,Private,Goa,North Goa,Goa,"Nh 66, Govekar Nagar, Sangolda, Goa",15.530591,73.824957,LEV DC Charge Point (IS-17017-2-7),3.3,3.3,1
Ather,Private,Goa,North Goa,Goa,"Naika Wado, Calangute, Near St. Alex Church, Calangute, Goa",15.544059,73.769174,LEV DC Charge Point (IS-17017-2-7),3.3,3.3,1
Ather,Private,Goa,North Goa,Goa,"Hpcl Esmeralda Barretom, Calangute - Mapusa Rd, Calangute, Goa",15.545113,73.77079,LEV DC Charge Point (IS-17017-2-7),3.3,3.3,1
Ather,Private,Goa,North Goa,Goa,"Rohit Car Wash, Porbawaddo Calangute, Bardez, Goa",15.551642,73.77191,LEV DC Charge Point (IS-17017-2-7),3.3,3.3,1
Ather,Private,Goa,North Goa,Goa,"Gokulwadi, Sesa Colony, Desai Nagar, Sanquelim, Goa",15.557838,74.018856,LEV DC Charge Point (IS-17017-2-7),3.3,3.3,1
Ather,Private,Goa,North Goa,Goa,"Arpora, Calangute - Arpora Rd, Near Saturday Night Bazaar, Calangute, Goa 403516",15.566756,73.764897,LEV DC Charge Point (IS-17017-2-7),3.3,3.3,1
Ather,Private,Goa,North Goa,Goa,"Jackni Vaddo, Parra, Goa",15.570625,73.791587,LEV DC Charge Point (IS-17017-2-7),3.3,3.3,1
Ather,Private,Goa,North Goa,Goa,"Panchayat Road 403509, Gumal Vaddo, Anjuna, Goa",15.587867,73.749566,LEV DC Charge Point (IS-17017-2-7),3.3,3.3,1
Ather,Private,Goa,North Goa,Goa,"H.No.452, Near Happy Bar, Bouta Waddo, Assagao, Goa",15.591932,73.771787,LEV DC Charge Point (IS-17017-2-7),3.3,3.3,1
Ather,Private,Goa,North Goa,Goa,"Near Industrial Estate Gate, Acoi Village, Goa 403519",15.612208,73.827922,LEV DC Charge Point (IS-17017-2-7),3.3,3.3,1
Ather,Private,Goa,North Goa,Goa,"H.No. 106, Mapusa - Duler - Camurlim Rd, Near Our Lady Of Flight Church, Cunchelim, Mapusa, Goa,403507",15.614203,73.814241,LEV DC Charge Point (IS-17017-2-7),3.3,3.3,1
Ather,Private,Goa,North Goa,Goa,"Viktoria Homes, Siolim, Marna, Goa",15.61526,73.780813,LEV DC Charge Point (IS-17017-2-7),3.3,3.3,1
Ather,Private,Goa,North Goa,Goa,"La Vaiencia Beach Resort, Tembwada, Morjim Beach, Pernem, Goa",15.619488,73.735065,LEV DC Charge Point (IS-17017-2-7),3.3,3.3,1
Ather,Private,Goa,North Goa,Goa,"Near Sfx School, Bammon Vaddo, Siolim, Goa",15.623169,73.76801,LEV DC Charge Point (IS-17017-2-7),3.3,3.3,1
Ather,Private,Goa,North Goa,Goa,"Shop No. 2 Malpe, Pernem, Goa",15.712302,73.810938,LEV DC Charge Point (IS-17017-2-7),3.3,3.3,1
EESL,Govt.,Goa,North Goa,Panaji,Eesl Edc Parking Goa,15.510472,73.837222,Combo (CCS-II + CHAdeMo + Type II),122.0,50+50+22,3
EESL,Govt.,Goa,North Goa,Panaji,"Secretariat Office, Goa",15.5108,73.8368,Combo (CCS-II + CHAdeMo + Type II),122.0,50+50+22,3
EESL,Govt.,Goa,North Goa,Mapusa,The Mamlatdar Office Mapusa Goa,15.5937,73.8142,Combo (CCS-II + CHAdeMo + Type II),122.0,50+50+22,3
HPCL,Govt.,Goa,South Goa,South Goa,Navelim,15.249396,73.970409,Type-II AC,7.0,7,1
HPCL,Govt.,Goa,South Goa,South Goa,"Verna, Goa",15.36163,73.92734,Bharat DC-001,15.0,15,1
Hyundai,Private,Goa,South Goa,Vasco De Gama,Laxmi Petroleum,15.400083,73.822833,CCS-II,50.0,50,1
IOCL,Govt.,Goa,South Goa,South Goa,"""Village Chicalim"" ""Nh-17 Mormugao Taluka"" ""Nh-17 Mormugao Taluka""",15.397872,73.83793,Type-II AC,7.4,7.4,1
IOCL,Govt.,Goa,South Goa,South Goa,"""Village Suktali Sangod"" ""Sanguem Goa"" ""Sanguem Goa""",15.365011,74.17219,Type-II AC,7.4,7.4,1
IOCL,Govt.,Goa,North Goa,North Goa,50 Muncipal Market Mapusa Goa,15.622471,73.88554,Type-II AC,7.4,7.4,1
IOCL,Govt.,Goa,South Goa,South Goa,Chinchinim Tal: Salcette South Goa,15.187579,73.970708,LEV AC Charge point,3.3,3.3,1
IOCL,Govt.,Goa,South Goa,South Goa,Ghotmod Usgao Taluka: Ponda Dist- South Goa Goa,15.41746,74.06591,LEV AC Charge point,3.3,3.3,1
IOCL,Govt.,Goa,North Goa,North Goa,I.O.C. Petrol Pump Dealer Honda Sattari Goa.,15.548917,74.04355,Type-II AC,7.4,7.4,1
IOCL,Govt.,Goa,South Goa,South Goa,Indian Oil Coco Ro Nh 17 - Madgaon - Panaji Road Verna,15.37458,73.925972,Type-II AC,7.4,7.4,1
IOCL,Govt.,Goa,South Goa,South Goa,Indian Oil Coco Ro Nh 4A Mollem Goa-Belgaumhubli Highway,15.37638,74.22812,Type-II AC,7.4,7.4,1
IOCL,Govt.,Goa,North Goa,North Goa,Indian Oil Dealer Nh.4-A Village Priol Tal-Pondanorth Goa Village Priol Tal-Pondanorth Goa,15.442535,73.97483,Type-II AC,7.4,7.4,1
IOCL,Govt.,Goa,North Goa,North Goa,Indian Oil Dealer Opp: Kadamba Bus Terminus Panjim Goa.,15.495227,73.83914,CCS-II,30.0,30,1
IOCL,Govt.,Goa,South Goa,South Goa,Indian Oil Dealer Zuarinagarsancoale Goa,15.376395,73.88105,Type-II AC,7.4,7.4,1
IOCL,Govt.,Goa,South Goa,South Goa,Indian Oil Dealers Bapsoro Velim Taluka- Salcete,15.142565,73.954836,Type-II AC,7.4,7.4,1
IOCL,Govt.,Goa,North Goa,North Goa,Indian Oil Dealers Ladfe Latambarcem,15.626457,73.958303,Type-II AC,7.4,7.4,1
IOCL,Govt.,Goa,North Goa,North Goa,Indian Oil Dealers National Highway Nh-4A. Corlim Ilhas Goa,15.496933,73.92807,Type-II AC,7.4,7.4,1
IOCL,Govt.,Goa,South Goa,South Goa,Mazilwado Benaulim Salcete South Goa Goa,15.248932,73.93686,LEV AC Charge point,3.3,3.3,1
IOCL,Govt.,Goa,South Goa,South Goa,Nh-17 Maxem - Lolieum Canacona Goa,14.94149,74.05951,Type-II AC,7.4,7.4,1
IOCL,Govt.,Goa,North Goa,North Goa,Pernem Pernem-Agarwado Dist- North Goa,15.693748,73.79709,LEV AC Charge point,3.3,3.3,1
IOCL,Govt.,Goa,North Goa,North Goa,Survey No- 25/1 Village- Bainguini Tal: Tiswadi Dist- North Goa Goa- 403107,15.487296,73.902536,Type-II AC,7.4,7.4,1
IOCL,Govt.,Goa,South Goa,South Goa,Survey No- 25/1-Ar Village- Cordem Tal: Quepem Dist- South Goa State: Goa Pin: 403706,15.112065,74.035858,Type-II AC,7.4,7.4,1
IOCL,Govt.,Goa,North Goa,North Goa,Survey No. 183/13 Near Football Ground Agassim-Bambolim Goa Velha,15.439803,73.87328,Type-II AC,7.4,7.4,1
IOCL,Govt.,Goa,North Goa,North Goa,Survey No.227/1-A Vill Usgaon Taluka Ponda Sh-03,15.430955,74.07906,Type-II AC,7.4,7.4,1
IOCL,Govt.,Goa,South Goa,South Goa,Survey No.44/2A Vill-Seraulim Colva Beach Road,15.27925,73.937629,CCS-II,60.0,60,1
IOCL,Govt.,Goa,North Goa,North Goa,Tivre-Orgao Marcel North Goa Goa North Goa Goa,15.508383,73.96168,Type-II AC,7.4,7.4,1
IOCL,Govt.,Goa,South Goa,South Goa,"Village Xeldem ""Tal : Quepem South Goa Goa"" South Goa Goa""",15.240984,74.09751,Type-II AC,7.4,7.4,1
Nikol,Private,Goa,South Goa,Nagoa,"Mendes Vaddo, 36/1- C, Nagva, Bardez, Goa 403519",15.5576,73.7803,CCS-II,30.0,30,1
Nikol,Private,Goa,North Goa,Calangute,"Porba Vaddo, Prabhu wada, Calangute, Goa, 403516",15.5519,73.7721,CCS-II,30.0,30,1
OLA,Private,Goa,North Goa,Panjim,"Near Don Bosco School,Near Don Bosco School,North Goa",15.49532,73.82106,LEV DC Charge Point (IS-17017-2-6),7.0,7,1
REIL,Govt.,Goa,North Goa,Calangute,"Calangute, Calangute, North Goa",15.54392,73.78039,Bharat AC-001,10.0,3.3,1
REIL,Govt.,Goa,North Goa,Sanguem,"Chaitanya Petroleum,Tamsoda Dharbandora Village Taluka Sanguem",15.395847,74.116502,Bharat DC-001,15.0,15,1
REIL,Govt.,Goa,South Goa,Margao,"Comba, Margao, Goa 403601",15.27454,73.95726,Bharat AC-001,10.0,3.3,1
REIL,Govt.,Goa,North Goa,North Goa,"Goa Auto Services,Indian Oil Dealer National Highway No.17 Colvale Goa.",15.635267,73.829533,Bharat DC-001,15.0,15,1
REIL,Govt.,Goa,North Goa,Bicholim,"Govekar Petroleum,Sarvan Bicholim Goa",15.584953,73.959626,Bharat DC-001,15.0,15,1
REIL,Govt.,Goa,South Goa,Margao,"Housing Colony Road,Vidya Nagarsouth Goa",15.28294,73.98021,Bharat AC-001,10.0,3.3,1
REIL,Govt.,Goa,North Goa,Old Goa,"Kadamba Road,Ribander,North Goa",15.48772,73.90554,Bharat AC-001,10.0,3.3,1
REIL,Govt.,Goa,North Goa,Mapusa,"Karaswaddo,Mapusa,North Goa",15.61441,73.82236,Bharat AC-001,10.0,3.3,1
REIL,Govt.,Goa,South Goa,Loliem,"Loliem, Loliem, South Goa",14.91404,74.08342,Bharat AC-001,10.0,3.3,1
REIL,Govt.,Goa,North Goa,Mapusa,"Mapusa, Mapusa, North Goa",15.61441,73.82236,Bharat AC-001,10.0,3.3,1
REIL,Govt.,Goa,North Goa,Mollem,"Mollem, Mollem, South Goa",15.377,74.22855,Bharat AC-001,10.0,3.3,1
REIL,Govt.,Goa,South Goa,Mollem,"Near Check Post,Mollem,South Goa",15.377,74.22855,Bharat AC-001,10.0,3.3,1
REIL,Govt.,Goa,North Goa,Sanquelim,Near Govt Multipurpose Hallgokulwadinorth Goa,15.55412,74.01509,Bharat AC-001,10.0,3.3,1
REIL,Govt.,Goa,North Goa,Thivim,"Near Thivim Railway Station,Thivim,North Goa",15.62708,73.87083,Bharat AC-001,10.0,3.3,1
REIL,Govt.,Goa,South Goa,Loliem,"Nh17, Village Loliem,Polem,Near Milan Bar And Restaurant,South Goa",14.91404,74.08342,Bharat AC-001,10.0,3.3,1
REIL,Govt.,Goa,North Goa,Old Goa,"Old Goa, Old Goa, North Goa",15.48772,73.90554,Bharat AC-001,10.0,3.3,1
REIL,Govt.,Goa,South Goa,Sancoale,"Opp Meta Strip,National Highway 17B,South Goa",15.37634,73.90478,Bharat AC-001,10.0,3.3,1
REIL,Govt.,Goa,North Goa,Panaji,"Panjim, Panjim, North Goa",15.49277,73.83177,Bharat DC-001,15.0,15,1
REIL,Govt.,Goa,North Goa,Parra,"Parra, Parra, North Goa",15.56657,73.78661,Bharat DC-001,15.0,15,1
REIL,Govt.,Goa,North Goa,Priol,"Priol, Priol, North Goa",15.44964,73.96946,Bharat DC-001,15.0,15,1
REIL,Govt.,Goa,North Goa,Panjim,"Rue De Ourem,Rue De Ourem,North Goa",15.49277,73.83177,Bharat DC-001,15.0,15,1
REIL,Govt.,Goa,North Goa,North Goa,"Sairaj Petroleum,Indian Oil Dealers Survey No. 7/2D-1 Village-Dargalim",15.661539,73.838186,Bharat DC-001,15.0,15,1
REIL,Govt.,Goa,South Goa,South Goa,"Salcete Margao, Chalta No, South Goa, Goa 403601",15.277151,73.958442,Bharat AC-001,10.0,3.3,1
REIL,Govt.,Goa,North Goa,North Goa,"Sancoale, Sancoale, South Goa",15.37634,73.90478,Bharat AC-001,10.0,3.3,1
REIL,Govt.,Goa,North Goa,Sanquelim,"Sanquelim, Sanquelim, North Goa",15.55412,74.01509,Bharat AC-001,10.0,3.3,1
REIL,Govt.,Goa,South Goa,Salecette,"Shantadurga Petroleum,Nh-17 Cuncolim Salecette Goa",15.196733,73.996733,Bharat DC-001,15.0,15,1
REIL,Govt.,Goa,North Goa,North Goa,"Sharayu Petroleum,""Nh-17 Kesarval"" ""Cortalim Goa""",15.382917,73.924067,Bharat DC-001,15.0,15,1
REIL,Govt.,Goa,North Goa,Calangute,"Survey No 420 / 3, Chogm Road,Calangute,North Goa",15.54392,73.78039,Bharat AC-001,10.0,3.3,1
REIL,Govt.,Goa,North Goa,Priol,"Survey No 48/1,On Nh- 4A, Mangeshi,North Goa",15.44964,73.96946,Bharat DC-001,15.0,15,1
REIL,Govt.,Goa,North Goa,Dhragalim,"Survey No.280/1-A,Dhargalim,North Goa",15.68399,73.83227,Bharat DC-001,15.0,15,1
REIL,Govt.,Goa,North Goa,Saligao,T & D Petro Service,15.546081,73.784885,Bharat AC-001,10.0,3.3,1
REIL,Govt.,Goa,North Goa,North Goa,"Thivim, Taluka - Bardez, Thivim, Taluka - Bardez, North Goa",15.62708,73.87083,Bharat AC-001,10.0,3.3,1
REIL,Govt.,Goa,South Goa,Margao,"Vidyanagar, Gogol Housing Board, Margao, Goa 403601",15.28294,73.98021,Bharat AC-001,10.0,3.3,1
REIL,Govt.,Goa,North Goa,North Goa,"Village Dhragalim, Village Dhragalim, North Goa",15.68399,73.83227,Bharat DC-001,15.0,15,1
REIL,Govt.,Goa,North Goa,Parra,"Village Parra,Mapusa Calangute Road,North Goa",15.56657,73.78661,Bharat DC-001,15.0,15,1
Reliance BP,Private,Goa,South Goa,Goa,"Utorda Beach Rd, Utorda, Majorda, Goa 403713",15.3201,73.901691,CCS-II,60.0,60,1
Sharify,Private,Goa,North Goa,Goa,"Cavelossim Beach, Cavelossim Salcete South Goa Goa Goa  403001",15.1761,73.947098,Type-II AC,22.0,22,1
Sharify,Private,Goa,North Goa,Candolim,Survey No. 52/5 & 8 Survey No. 52/5 & 8 Candolim Goa  403731,15.1589,73.947998,Type-II AC,7.7,7.7,1
Tata Power,Private,Goa,North Goa,Goa,"70 Vale, Assagao, Bus Stop, 70 Vale, Near El Shaddai, Assagao, Goa 403507",15.6014,73.79345,Type-II AC,7.4,7.4,1
Tata Power,Private,Goa,North Goa,Goa,"Amritara, Aura Spa Retreat, Goa, H. No. 227, Madhalamaj, Mandrem, North Goa 403512",15.662867,73.721868,CCS-II,30.0,30,1
Tata Power,Private,Goa,North Goa,Goa,"Amritara, Aura Spa Retreat, Goa, H. No. 227, Madhalamaj, Mandrem, North Goa 403512",15.662867,73.721868,Type-II AC,7.4,7.4,1
Tata Power,Private,Goa,North Goa,Goa,"Bloom Rooms, Candolim, Candolim-Calangute Sinquerim Road, Opp. Jambleshwar Temple, Gaura Waddo, Calangute, Goa, 403516",15.530131,73.766327,CCS-II,60.0,60,1
Tata Power,Private,Goa,North Goa,Goa,"Bloom Rooms, Candolim, Candolim-Calangute Sinquerim Road, Opp. Jambleshwar Temple, Gaura Waddo, Calangute, Goa, 403516",15.530131,73.766327,Bharat AC-001,10.0,3.3,1
Tata Power,Private,Goa,North Goa,Goa,"Bloom Suites, Calangute, Naikawaddo, Adjacent To Hdfc Bank, Calangute, Goa 403516",15.540146,73.763952,CCS-II,60.0,60,1
Tata Power,Private,Goa,North Goa,Goa,"Bloom Suites, Calangute, Naikawaddo, Adjacent To Hdfc Bank, Calangute, Goa 403516",15.540146,73.763952,Bharat AC-001,10.0,3.3,1
Tata Power,Private,Goa,North Goa,Goa,"Braganza House, Candolim, Braganza House, H.No-519 (50A/5), Vaddy, Candolim, Bardez Goa 403515",15.51613,73.7682,Type-II AC,7.4,7.4,1
Tata Power,Private,Goa,North Goa,Goa,"Cardozo House, Candolim, House Number 312, 28/4 Bammon Vaddo, Candolim Bardez District, North Goa - 403515",15.50835,73.77177,Type-II AC,7.4,7.4,1
Tata Power,Private,Goa,North Goa,Goa,"Chikoo Villa, Bardez, Casa Brance, Plot No.97/9, Near Anjuna Post Office/Tembi Football Ground, Anjuna, Bardez, Goa 403509",15.58139,73.774998,Type-II AC,7.4,7.4,1
Tata Power,Private,Goa,North Goa,Goa,"Cidade De Goa, Vainguinim Beach, Vainguinim Beach, Panaji, Goa 403004",15.456909,73.813542,CCS-II,30.0,30,1
Tata Power,Private,Goa,North Goa,Goa,"Dando Candolim Bardez, Goa, 403515",15.500525,73.770466,Type-II AC,7.4,7.4,1
Tata Power,Private,Goa,North Goa,Goa,"Durga Motors, Porvorim, Plot No 67/10, H. No. 416/13, Near O” Coqueiro Circle, Govekar Nagar, Porvorim, Pilerne, Goa 403521",15.530914,73.824861,CCS-II,30.0,30,1
Tata Power,Private,Goa,North Goa,Goa,"Kharvi Abode Betul,Quepem, House Nos. 7 & 8 Postawado Near Betul Fort, Betul, Quepem, Goa 403705",15.14019,73.95149,Type-II AC,7.4,7.4,1
Tata Power,Private,Goa,North Goa,Goa,"La Quinta, Mala, H.No.5/158, Near St.Sebastian Chapel, Fontainhas , Mala, Panaji 403001",15.496315,73.831379,Type-II AC,7.4,7.4,1
Tata Power,Private,Goa,North Goa,Goa,"Magsons Fresh, Taleigao, Magsons Fresh, Rawalnath Estate, Taleigao 403002",15.46817,73.819022,CCS-II,30.0,30,1
Tata Power,Private,Goa,North Goa,Goa,"Magsons Towers, Panaji, Magsons Towers, Opp Sports Complex, D B Marg, Miramar, Panaji Goa 403001",15.46069,73.824127,CCS-II,30.0,30,1
Tata Power,Private,Goa,North Goa,Goa,"Priority Auto Lincs, Taleiga, Survey No.166/1, New Taleigao Bypass Road, Opp.Taleigao Community Centre. Taleiga- Goa-403002",15.469336,73.820463,CCS-II,50.0,50,1
Tata Power,Private,Goa,North Goa,Goa,"Rosetum Goa, Anjuna North Goa , Sohana Palace, Survey No. 176/09, Rosetum, Soranto Or Gothniche Bhat, Anjuna, North Goa- 403509",15.587153,73.743893,CCS-II,30.0,30,1
Tata Power,Private,Goa,North Goa,Goa,"Rosetum Goa, Anjuna North Goa , Sohana Palace, Survey No. 176/09, Rosetum, Soranto Or Gothniche Bhat, Anjuna, North Goa- 403509",15.587153,73.743893,Type-II AC,7.4,7.4,1
Tata Power,Private,Goa,North Goa,Goa,"Taj Exotica Resort & Spa, Benaulim, Calwaddo, Benaulim, Goa 403716",15.24514,73.92528,Type-II AC,7.4,7.4,1
Tata Power,Private,Goa,North Goa,Goa,"Taj Fort Aguada Resorts And Spa Goa, Sinquerim Candolim Bardez, Goa, 403515",15.497365,73.768258,Type-II AC,7.4,7.4,1
Tata Power,Private,Goa,North Goa,Goa,"Taj Fort Aguada Resorts And Spa Goa, Taj Fort Aguada Resorts And Spa Goa, Sinquerim Candolim Bardez, Goa, 403515",15.497326,73.76824,CCS-II,30.0,30,1
Tata Power,Private,Goa,North Goa,Goa,"Taj Holiday Village Resort & Spa, Dando Candolim Bardez, Goa, 403515",15.500591,73.770099,CCS-II,30.0,30,1
Tata Power,Private,Goa,North Goa,Goa,"Taj Resort & Convention Centre, Vainguinim Beach, Vainguinim Beach, Dona Paula, Panaji, Goa 403004",15.458193,73.812206,CCS-II,30.0,30,1
Tata Power,Private,Goa,North Goa,Goa,"Terry'S Super Market, Porvorim, H.No. B 50 Bardez, Alto- Betim Porvorim, Goa 403521",15.50636,73.82488,Combo (CCS-II+CHAdeMO),25.0,25,2
Tata Power,Private,Goa,North Goa,Goa,"The Park, Calangute, The Park, 1 221, Gaura Vaddo, Calangute, North Goa, Goa, 403516",15.533721,73.759568,CCS-II,30.0,30,1
Tata Power,Private,Goa,North Goa,Goa,"The Park, Calangute, The Park, 1 221, Gaura Vaddo, Calangute, North Goa, Goa, 403516",15.533721,73.759568,Type-II AC,7.4,7.4,1
Tata Power,Private,Goa,North Goa,Goa,"Vainguinim Beach, Vainguinim Beach, Dona Paula, Panaji, Goa 403004",15.457259,73.811958,Type-II AC,7.4,7.4,1
Tata Power,Private,Goa,North Goa,Goa,"Vainguinim Beach, Vainguinim Beach, Panaji, Goa 403004",15.456495,73.813378,Type-II AC,7.4,7.4,1
Tata Power,Private,Goa,North Goa,Goa,"Villa No.1 Saipam Goa, Pilerne Industrial Estates, Villa No 1 Saipem Hills Pilerne- Candolim Road, Pilerne Industrial Estates, Goa 403114",15.52445,73.78686,Type-II AC,7.4,7.4,1
Tata Power,Private,Goa,North Goa,Goa,"Villa Siolim Goa, Siolim Bardez, Villa Siolim, Porta Vaddo, Off The Siolim-Chopdam, Bridge Road Siolim Bardez, Goa-403507",15.62526,73.73658,Type-II AC,7.4,7.4,1
Tata Power,Private,Goa,North Goa,Goa,"Zone Connect, Calangute, 2/16A, Calangute Candolim Road, Calangute, North Goa - 403516",15.538915,73.768432,CCS-II,30.0,30,1
Tata Power,Private,Goa,North Goa,Goa,"Zone Connect, Calangute, 2/16A, Calangute Candolim Road, Calangute, North Goa - 403516",15.538915,73.768432,Type-II AC,7.4,7.4,1
Tata Power,Private,Goa,North Goa,Goa,"Zone Connect, Parra, Insignia Retreats & Spa, 171/16-A, Parra , North Goa, Goa - 403510",15.565512,73.785032,CCS-II,30.0,30,1
Tata Power,Private,Goa,North Goa,Goa,"Zone Connect, Parra, Insignia Retreats & Spa, 171/16-A, Parra , North Goa, Goa - 403510",15.565512,73.785032,Type-II AC,7.4,7.4,1
BPCL,Govt.,Goa,SOUTH GOA,SANVORDEM,"#, #, , City=SANVORDEM, District=SOUTH GOA, State=Goa",15.26993,74.112101,CCS,60.0,60,2
BPCL,Govt.,Goa,SOUTH GOA,MARGAO,"HOUSING COLONY ROAD, VIDYA NAGAR,, , City=MARGAO, District=SOUTH
GOA, State=Goa",15.282935,73.980213,LEV DC,15.0,7,1
BPCL,Govt.,Goa,SOUTH GOA,MOLLEM,"NEAR CHECK POST, MOLLEM, , City=MOLLEM, District=SOUTH GOA,
State=Goa",15.377,74.228548,CCS,60.0,60,2
BPCL,Govt.,Goa,NORTH GOA,PANJIM,"NEAR DON BOSCO SCHOOL, NEAR DON BOSCO SCHOOL, , City=PANJIM,
District=NORTH GOA, State=Goa",15.495315,73.821062,LEV DC,15.0,7,1
BPCL,Govt.,Goa,NORTH GOA,SANQUELIM,"NEAR GOVT MULTIPURPOSE HALL,, GOKULWADI,, , City=SANQUELIM,
District=NORTH GOA, State=Goa",15.554122,74.015089,CCS,60.0,60,2
BPCL,Govt.,Goa,NORTH GOA,BORIM,"NEAR NEW BORIM BRIDGE, BORIM, , City=BORIM, District=NORTH GOA,
State=Goa",15.370548,74.009558,CCS,60.0,60,2
BPCL,Govt.,Goa,NORTH GOA,"THIVIM, TALUKA - BARDEZ","NEAR THIVIM RAILWAY STATION, THIVIM, , City=THIVIM, TALUKA - BARDEZ,
District=NORTH GOA, State=Goa",15.627084,73.870827,CCS,60.0,60,2
BPCL,Govt.,Goa,SOUTH GOA,VASCO-DA-GAMA,"NEXT TO HOTEL KESARWAL, NH-17, , City=VASCO-DA-GAMA, District=SOUTH
GOA, State=Goa",15.378489,73.926182,CCS,30.0,30,1
BPCL,Govt.,Goa,SOUTH GOA,LOLIEM,"NH17, VILLAGE LOLIEM,POLEM, NEAR MILAN BAR AND RESTAURANT, ,
City=LOLIEM, District=SOUTH GOA, State=Goa",14.914043,74.083424,CCS,60.0,60,2
BPCL,Govt.,Goa,NORTH GOA,TORXEM,"ON NH 66, TORXEM, , City=TORXEM, District=NORTH GOA, State=Goa",15.773197,73.846382,CCS,60.0,60,2
BPCL,Govt.,Goa,NORTH GOA,HONDA,"ONDA, SATTARI, , City=HONDA, District=NORTH GOA, State=Goa",15.548484,74.043918,CCS,60.0,60,2
BPCL,Govt.,Goa,SOUTH GOA,SANCOALE,"OPP META STRIP, NATIONAL HIGHWAY 17B, , City=SANCOALE,
District=SOUTH GOA, State=Goa",15.376342,73.904781,CCS,60.0,60,2
BPCL,Govt.,Goa,NORTH GOA,BORIM,"OPP. TOP COLA FACTORY, PANJIM BELAUM ROAD, , City=BORIM,
District=NORTH GOA, State=Goa",15.370547,74.009533,CCS,60.0,60,2
BPCL,Govt.,Goa,NORTH GOA,BICHOLIM,"PLOT NO 46/3, OPP SESA GOA LTD (AMONA BRANCH), , City=BICHOLIM,
District=NORTH GOA, State=Goa",15.529403,73.992351,CCS,60.0,60,2
BPCL,Govt.,Goa,NORTH GOA,PRIOL,"SURVEY NO 48/1, ON NH- 4A, MANGESHI, , City=PRIOL, District=NORTH
GOA, State=Goa",15.449643,73.969458,CCS,60.0,60,2
BPCL,Govt.,Goa,SOUTH GOA,TISKA,"TISKA, #, , City=TISKA, District=SOUTH GOA, State=Goa",15.403062,74.095613,CCS,60.0,60,2
BPCL,Govt.,Goa,SOUTH GOA,USGAO,"USGAO, TAL - PONDA, , City=USGAO, District=SOUTH GOA, State=Goa",15.445539,74.047761,CCS,60.0,60,2
BPCL,Govt.,Goa,NORTH GOA,VALPOI,"VALPOI, VALPOI PANAJI ROAD, , City=VALPOI, District=NORTH GOA,
State=Goa",15.525934,74.123197,CCS,60.0,60,2
Ather,Private,Gujarat,Valsad,Vapi,"Nh 48, Phase 1, Gidc, Vapi, Gujarat 396191",20.358949,72.916733,LEV DC Charge Point (IS-17017-2-7),3.3,3.3,1
Ather,Private,Gujarat,Surat,Surat City,"3Mg4+Wv6, Hazira, Gujarat",21.077361,72.657319,LEV DC Charge Point (IS-17017-2-7),3.3,3.3,1
Ather,Private,Gujarat,Surat,Surat City,"Surat - Bardoli Rd, Opp. Pragati Tata Motors, Gidc, Bardoli, Surat,  Gujarat 394601",21.117214,73.096008,LEV DC Charge Point (IS-17017-2-7),3.3,3.3,1
Ather,Private,Gujarat,Surat,Surat City,"Ug-6, Safal Square, Opp. Prime Shoppers, Vesu, Surat, Gujarat 395007",21.148373,72.765474,LEV DC Charge Point (IS-17017-2-7),3.3,3.3,1
Ather,Private,Gujarat,Surat,Surat City,"G1 And G2, Milagro Milestone, Opposite Um Road, Someshwara Enclave, Vesu, Surat, Gujarat",21.15295,72.778545,LEV DC Charge Point (IS-17017-2-7),3.3,3.3,1
Ather,Private,Gujarat,Surat,Surat City,"48,49,Narayan Nagar Ind.,Vi-2 Behind Ttl (Textile Trade Link, Limbayat, Surat, Gujarat 395010",21.18029,72.860734,LEV DC Charge Point (IS-17017-2-7),3.3,3.3,1
Ather,Private,Gujarat,Surat,Surat City,"Bhatha, Surat, Gujarat 394510",21.185001,72.760181,LEV DC Charge Point (IS-17017-2-7),3.3,3.3,1
Ather,Private,Gujarat,Surat,Surat City,"1,2. Abhinandan Heights, Nr.Madhuvan Circle, Lp Savani Rd, Adajan Gam, Adajan, Surat, Gujarat",21.20145,72.793138,LEV DC Charge Point (IS-17017-2-7),3.3,3.3,1
Ather,Private,Gujarat,Surat,Surat City,"P767, Ashwini Kumar Road, New Gidc",21.228029,72.842445,LEV DC Charge Point (IS-17017-2-7),3.3,3.3,1
Ather,Private,Gujarat,Surat,Surat City,"Platinum Plaza, Neat Vt Circle, Sarthana Jakat Naka, Surat, Gujarat 395006",21.230447,72.908377,LEV DC Charge Point (IS-17017-2-7),3.3,3.3,1
Ather,Private,Gujarat,Vadodara,Vadodara,"855/1/C Vadodara, Makarpura Gidc, Vadodara, Gujarat 390010",22.245089,73.180983,LEV DC Charge Point (IS-17017-2-7),3.3,3.3,1
Ather,Private,Gujarat,Rajkot,Rajkot,"10, Gondal Rd, Behind S T Workshop, Samrat Industrial Area, Rajkot, Gujarat 360004",22.258533,70.79786,LEV DC Charge Point (IS-17017-2-7),3.3,3.3,1
Ather,Private,Gujarat,Vadodara,Vadodara,"Rutu Platina Complex, Gf 1 & 2, Near Patidar Circle, Eva Mall, Manjalpur, Vadodara, Gujarat 390011",22.272786,73.188366,LEV DC Charge Point (IS-17017-2-7),3.3,3.3,1
Ather,Private,Gujarat,Vadodara,Vadodara,"1&2 Manjalpur Road, Near, Vrajdham Mandir Rd, Swarnaganga Society, Vadodara, Gujarat 390011",22.275363,73.188226,LEV DC Charge Point (IS-17017-2-7),3.3,3.3,1
Ather,Private,Gujarat,Rajkot,Rajkot,"Near J P Tower, Tagore Rd, Opposite Golden Plaza, Rajkot, Gujarat 360002",22.284284,70.794245,LEV DC Charge Point (IS-17017-2-7),3.3,3.3,1
Ather,Private,Gujarat,Vadodara,Vadodara,"D-5, Apsara Apartment, Kanaiyalal Munshi Marg, Beside Apsara Cinema, Pratap Nagar, Navapura, Vadodara, Gujarat 390004",22.286577,73.208181,LEV DC Charge Point (IS-17017-2-7),3.3,3.3,1
Ather,Private,Gujarat,Rajkot,Rajkot,"Main Road, Commissioner Bunglow Rd, Near Swami Vivekananda Road, Ram Krishna Nagar, Rama Krishan Nagar, Rajkot, Gujarat 360002",22.288875,70.793041,LEV DC Charge Point (IS-17017-2-7),3.3,3.3,1
Ather,Private,Gujarat,Vadodara,Vadodara,"Dabhoi - Waghodia Ring Rd, Opp. Shri Swami Narayan Gurukul, Near Parivar Char Rasta, Waghodia, Vadodara, Gujarat 390019",22.289321,73.235748,LEV DC Charge Point (IS-17017-2-7),3.3,3.3,1
Ather,Private,Gujarat,Vadodara,Vadodara,"Near Faiz School, Zamzam Park, B-61, Tandalja, Vadodara, Gujarat 390012",22.290089,73.149378,LEV DC Charge Point (IS-17017-2-7),3.3,3.3,1
Ather,Private,Gujarat,Rajkot,Rajkot,"Near, Karuna Nidhan University Main Road, Kotecha Cir, Rajkot, Gujarat 360005",22.290568,70.777726,LEV DC Charge Point (IS-17017-2-7),3.3,3.3,1
Ather,Private,Gujarat,Vadodara,Vadodara,"Shop No. 17, Pratham Ave, Opp. Hotel Taj Vivanta, Pratham Avenue, Akota, Vadodara, Gujarat 390020",22.292183,73.173468,LEV DC Charge Point (IS-17017-2-7),3.3,3.3,1
Ather,Private,Gujarat,Vadodara,Vadodara,"Jetalpur Rd, Anand Nagar, Haripura, Vadodara, Gujarat 390020",22.30652,73.177167,LEV DC Charge Point (IS-17017-2-7),3.3,3.3,1
Ather,Private,Gujarat,Rajkot,Rajkot,"Kuvadava Rd, Opp. Reliance Petrol Pump, Bhagvati Park, Ranchod Nagar Society, Arya Nagar, Rajkot, Gujarat 360003",22.306982,70.816222,LEV DC Charge Point (IS-17017-2-7),3.3,3.3,1
Ather,Private,Gujarat,Vadodara,Vadodara,"Sun Buildings, Race Course Rd, Besides Citibank, Vadodara, Gujarat 390020",22.308869,73.160277,LEV DC Charge Point (IS-17017-2-7),3.3,3.3,1
Ather,Private,Gujarat,Vadodara,Vadodara,"Ground Floor, Regent Tower, Race Course Rd,",22.309436,73.165533,LEV DC Charge Point (IS-17017-2-7),3.3,3.3,1
Ather,Private,Gujarat,Rajkot,Rajkot,"Shop No 14, 150 Feet Ring Rd, Shastri Nagar, Dharam Nagar, Rajkot, Gujarat 360005",22.315278,70.76744,LEV DC Charge Point (IS-17017-2-7),3.3,3.3,1
Ather,Private,Gujarat,Vadodara,Vadodara,"Second Floor, Gunjan Complex, Harni Rd, Sangam Char Rasta, Vadodara, Gujarat 390006",22.31869,73.211899,LEV DC Charge Point (IS-17017-2-7),3.3,3.3,1
Ather,Private,Gujarat,Vadodara,Vadodara,"Opp. Sbi Cantonment Branch Besides Gifts For You, Jayesh Colony, Fatehgunj, Vadodara, Gujarat 390002",22.323593,73.189409,LEV DC Charge Point (IS-17017-2-7),3.3,3.3,1
Ather,Private,Gujarat,Vadodara,Vadodara,"Beside D-Mart, Old Chhani Road, Near Pandya Bridge, Chhani Station Road, Vadodara, Gujarat 390007",22.323784,73.176356,LEV DC Charge Point (IS-17017-2-7),3.3,3.3,1
Ather,Private,Gujarat,Rajkot,Rajkot,"Jakaat Naaka, Ramani Park, Near Mobri, Juno Morbi Rd, Rajkot, Gujarat 360003",22.324521,70.821643,LEV DC Charge Point (IS-17017-2-7),3.3,3.3,1
Ather,Private,Gujarat,Vadodara,Vadodara,"Dinbandhu Society, Nehru Park Society, Bajwa, Vadodara, Gujarat 391320",22.363541,73.144164,LEV DC Charge Point (IS-17017-2-7),3.3,3.3,1
Ather,Private,Gujarat,Jamnagar,Jamnagar,"Plot No 18, Sardar Industrial Estate, Behind Apple International, Nandanvan Park, Dared, Jamnagar, Gujarat 361005",22.409428,70.055318,LEV DC Charge Point (IS-17017-2-7),3.3,3.3,1
Ather,Private,Gujarat,Jamnagar,Jamnagar,"Plot No.3337, Shed No. 2 C- Road, Nr. Smi Circle, Phase -3, Dared, Jamnagar, Gujarat 361004",22.418075,70.04157,LEV DC Charge Point (IS-17017-2-7),3.3,3.3,1
Ather,Private,Gujarat,Jamnagar,Jamnagar,"46/1,  Hirji Mistry Rd, Ancillary Bhawan, Udyog Nagar, Shankar Tekri, Jamnagar, Gujarat 361005",22.460056,70.051458,LEV DC Charge Point (IS-17017-2-7),3.3,3.3,1
Ather,Private,Gujarat,Jamnagar,Jamnagar,"Nr. Hotel Vishal International Jamnagar Khambhaliya, Highway, Jamnagar, Gujarat 361006",22.464549,70.038673,LEV DC Charge Point (IS-17017-2-7),3.3,3.3,1
Ather,Private,Gujarat,Jamnagar,Jamnagar,"Ground Floor, Plot No 83, Gurukrupa Heights, Saru Section Rd, Near Gujarat Maritime Board, Jamnagar, Gujarat 361006",22.474712,70.051674,LEV DC Charge Point (IS-17017-2-7),3.3,3.3,1
Ather,Private,Gujarat,Jamnagar,Jamnagar,"M.P. Shah Udhyog Nagar, Saru Section Rd, Opp. L. N Classes, Industrial Estate, Jamnagar, Gujarat 361008",22.485191,70.048833,LEV DC Charge Point (IS-17017-2-7),3.3,3.3,1
Ather,Private,Gujarat,Rajkot,Rajkot,"Sanala By Pass, Bhakti Nagar Cir, Bhakti Nagar, Morbi, Rajkot, Gujarat 363641",22.7949,70.810165,LEV DC Charge Point (IS-17017-2-7),3.3,3.3,1
Ather,Private,Gujarat,Ahmedabad,Ahmedabad,"Prernapith, Satpanth Mandir Pirana Rd, Pirana, Ahmedabad, Gujarat 382425",22.883623,72.54338,LEV DC Charge Point (IS-17017-2-7),3.3,3.3,1
Ather,Private,Gujarat,Ahmedabad,Ahmedabad,"3-4, Behind Bank Of Baroda, Nandej-Barejadi, Ahmedabad - 382435, Gujarat",22.895765,72.679372,LEV DC Charge Point (IS-17017-2-7),3.3,3.3,1
Ather,Private,Gujarat,Ahmedabad,Ahmedabad,"Maruti Restaurant ,Ashwamegh Industrial Park Kamod To Pirana Road, Ahmedabad, Gujarat 382425",22.89947,72.544761,LEV DC Charge Point (IS-17017-2-7),3.3,3.3,1
Ather,Private,Gujarat,Ahmedabad,Ahmedabad,"Kamod, Satpanth Mandir Pirana Rd, Near Shiv Prerana Industrial Park, Ahmedabad, Gujarat 382427",22.905549,72.54547,LEV DC Charge Point (IS-17017-2-7),3.3,3.3,1
Ather,Private,Gujarat,Ahmedabad,Ahmedabad,"43, Shyam Estate, Behind Steel Town, At Post- Moraiya, Changodar, Ahmedabad, Gujarat 382213",22.910228,72.438897,LEV DC Charge Point (IS-17017-2-7),3.3,3.3,1
Ather,Private,Gujarat,Ahmedabad,Ahmedabad,"27, Dholeshwar Nagar, Nr.  Saffron Hotel, Sarkhej-Bavla Road, Changodar, Ahmedabad",22.924662,72.44416,LEV DC Charge Point (IS-17017-2-7),3.3,3.3,1
Ather,Private,Gujarat,Ahmedabad,Ahmedabad,"Shop No- 28, 25/2/2 + 26/2/2 & 50 Gopinath Ind. Hub, Opp. Durganagar, Nr.
Vatva Gidc Over Bridge, Ambica Tube Mill Compound, Vatva, Ahmedabad 380050",22.96703,72.624776,LEV DC Charge Point (IS-17017-2-7),3.3,3.3,1
Ather,Private,Gujarat,Ahmedabad,Ahmedabad,"Rohit Estate, Opp. Ujala Circle, Sarkhej - Gandhinagar Hwy, Sarkhej, Ahmedabad, Gujarat 382210",22.979977,72.49231,LEV DC Charge Point (IS-17017-2-7),3.3,3.3,1
Ather,Private,Gujarat,Ahmedabad,Ahmedabad,"M M Rajputana Complex Near Hajra Masjid Opp Essar Petrol Pump Sarkhej Juhapura, Road, S Arkhej, Ahmedabad, Gujarat 380055",22.990013,72.514771,LEV DC Charge Point (IS-17017-2-7),3.3,3.3,1
Ather,Private,Gujarat,Ahmedabad,Ahmedabad,"Shop No.1, Mahalaxmi Corner, Opp. Sardar Patel Hospital, Rambagh, Maninagar, Ahmedabad, Gujarat 380008",22.999473,72.601456,LEV DC Charge Point (IS-17017-2-7),3.3,3.3,1
Ather,Private,Gujarat,Ahmedabad,Ahmedabad,"201 Abhijyot Square Nr. Safal Solitaire & Matrix B/S Divya Bhaskar Press, Sarkhej - Gandhinagar Hwy, Ahmedabad, Gujarat 380051",22.999641,72.500032,LEV DC Charge Point (IS-17017-2-7),3.3,3.3,1
Ather,Private,Gujarat,Ahmedabad,Ahmedabad,"1, Solitaire Complex, Near Divya Bhaskar, Sg Road, Ahmedabad, Gujarat - 380015",22.999901,72.49931,LEV DC Charge Point (IS-17017-2-7),3.3,3.3,1
Ather,Private,Gujarat,Ahmedabad,Ahmedabad,"Shop No : 2,3,4,5, Saujanya Apartment I Ashima Mill, Compound Near,
Anupam Cinema, Shri Khandubhai Desai Marg, Khokhra, Ahmedabad - 380008",23.008207,72.615616,LEV DC Charge Point (IS-17017-2-7),3.3,3.3,1
Ather,Private,Gujarat,Ahmedabad,Ahmedabad,"100 Feet Anand Nagar Rd, Near Shell Petrol Pump, Prahlad Nagar, Ahmedabad, Gujarat 380015",23.012392,72.513711,LEV DC Charge Point (IS-17017-2-7),3.3,3.3,1
Ather,Private,Gujarat,Ahmedabad,Ahmedabad,"Rakhial Rd, Krishna Nagar, Rakhial, Ahmedabad, Gujarat 380018",23.022306,72.615939,LEV DC Charge Point (IS-17017-2-7),3.3,3.3,1
Ather,Private,Gujarat,Ahmedabad,Ahmedabad,"Shop No. 01, Ground Floor, 3Rd Eye Vision Opp. Shivalik Plaza, Near Ama, Panjrapole Charrasta, Ahmedabad, Gujarat",23.028197,72.543289,LEV DC Charge Point (IS-17017-2-7),3.3,3.3,1
Ather,Private,Gujarat,Ahmedabad,Ahmedabad,"Between Girish Coldrink And Xaviers Corner, Chimanlal Girdharlal Rd, Navrangpura, Ahmedabad, Gujarat",23.033167,72.556813,LEV DC Charge Point (IS-17017-2-7),3.3,3.3,1
Ather,Private,Gujarat,Ahmedabad,Ahmedabad,"Hl, Commerce College Rd, Opp. Yanki Sizzlers, Navrangpura, Ahmedabad, Gujarat 380009",23.035791,72.554746,LEV DC Charge Point (IS-17017-2-7),3.3,3.3,1
Ather,Private,Gujarat,Ahmedabad,Ahmedabad,"101-102, Prarthana Complex, Nr. Kakadia Hospital, Opp. Dinesh Chambers, Bapunagar, Ahmedabad, Gujarat",23.040249,72.630711,LEV DC Charge Point (IS-17017-2-7),3.3,3.3,1
Ather,Private,Gujarat,Ahmedabad,Ahmedabad,"Kasturi Pride, Nikol, Ahmedabad, Gujarat 380038",23.045488,72.68046,LEV DC Charge Point (IS-17017-2-7),3.3,3.3,1
Ather,Private,Gujarat,Ahmedabad,Ahmedabad,"Nr. Taj Lane Hotel, Sankalp Square Lane Nr. S. P. Ring Road, Sindhu Bhavan Marg, Road, Ahmedabad, Gujarat",23.04574,72.483755,LEV DC Charge Point (IS-17017-2-7),3.3,3.3,1
Ather,Private,Gujarat,Ahmedabad,Ahmedabad,"C/6 , Ashwarath Complex Near Municipal Corporation Zonal Office, Usmanpura, Ahmedabad, Gujarat 380013",23.047764,72.57113,LEV DC Charge Point (IS-17017-2-7),3.3,3.3,1
Ather,Private,Gujarat,Ahmedabad,Ahmedabad,"Plot No.33/1/1, Nikol - Naroda Rd, Near Shrushti Lavish, Opp. Block-C, Nikol, Ahmedabad, Gujarat 382330",23.061866,72.671616,LEV DC Charge Point (IS-17017-2-7),3.3,3.3,1
Ather,Private,Gujarat,Ahmedabad,Ahmedabad,"2 Shreekunj Eligance, Near Sahaj Paradise Banglow, Ahmedabad, Gujarat",23.073553,72.520875,LEV DC Charge Point (IS-17017-2-7),3.3,3.3,1
Ather,Private,Gujarat,Ahmedabad,Ahmedabad,"Riddhi Eatery Science City,Shop No. 1-2-3, Satyam Complex, ,Opp. J.B.R. Arcade, Science City Road, Sola, Ahmedabad, Gujarat 380060",23.074845,72.511429,LEV DC Charge Point (IS-17017-2-7),3.3,3.3,1
Ather,Private,Gujarat,Ahmedabad,Ahmedabad,"Block-B, Shukan Platinum, G 10,11,12 Shukun Platinum, New Sg Road, Vandhe Mataram Nagar, Shukan Lotus, Gota, Shukan Platinum Rd, Vandematram Arcade, Gota, Ahmedabad, Gujarat 382481",23.094584,72.546542,LEV DC Charge Point (IS-17017-2-7),3.3,3.3,1
Ather,Private,Gujarat,Ahmedabad,Ahmedabad,"9,10, Aditya Avenue, Nr. Krishna Banglows,Motera, Ahmedabad-380005",23.107274,72.600523,LEV DC Charge Point (IS-17017-2-7),3.3,3.3,1
Ather,Private,Gujarat,Ahmedabad,Ahmedabad,"Opposite Radhe Fortune, Bhat Circle, S.P Ring Road, Ah,Edabad",23.116852,72.628852,LEV DC Charge Point (IS-17017-2-7),3.3,3.3,1
Ather,Private,Gujarat,Ahmedabad,Ahmedabad,"204, Sardar Patel Ring Rd, Nigam Nagar, Chandkheda, Ahmedabad, Gujarat 382424",23.124141,72.603776,LEV DC Charge Point (IS-17017-2-7),3.3,3.3,1
Ather,Private,Gujarat,Ahmedabad,Ahmedabad,"Cluster_Gandhinagar 2 Office, Sector 16, Gandhinagar, Gujarat",23.231052,72.648583,LEV DC Charge Point (IS-17017-2-7),3.3,3.3,1
Ather,Private,Gujarat,Ahmedabad,Ahmedabad,"Plot No 145, 2Nd Floor, Royal Honda Showroom, Sector 21, Gandhinagar, Gujarat",23.231621,72.668206,LEV DC Charge Point (IS-17017-2-7),3.3,3.3,1
Ather,Private,Gujarat,Gandhinagar,Gandhinagar,"E/56 Second Floor, Gidc Rd, Sector 26, Gandhinagar, Gujarat 382028",23.25545,72.63516,LEV DC Charge Point (IS-17017-2-7),3.3,3.3,1
Ather,Private,Gujarat,Mahesana,Mehsana,"F-35 , S9 Market , Opp. Starline Maruti, Mehsana - Ahmedabad Highway",23.580898,72.36904,LEV DC Charge Point (IS-17017-2-7),3.3,3.3,1
EESL,Govt.,Gujarat,Ahmedabad,Ahmedabad,"Amc Near Gate 2, Kakariya Lake, Near Public Convenience,Ahmedabad,Gujarat - 380002",23.013058,72.600801,Combo (CCS-II + CHAdeMo + Type II),122.0,50+50+22,3
EESL,Govt.,Gujarat,Ahmedabad,Ahmedabad,"Amc Near Gate 2, Kakariya Lake, Near Public Convenience,Ahmedabad,Gujarat - 380002",23.013058,72.600801,Bharat DC-001,15.0,15,1
EESL,Govt.,Gujarat,Ahmedabad,Ahmedabad,"Kakariya Lake,Ahmedabad,Gujarat - 380002",23.003914,72.59887,Bharat DC-001,15.0,15,1
EESL,Govt.,Gujarat,Ahmedabad,Ahmedabad,"Navrangpura Parking Complex, Ahmedabad,Gujarat - 380009",23.038277,72.56377,Combo (CCS-II + CHAdeMo + Type II),122.0,50+50+22,3
EESL,Govt.,Gujarat,Ahmedabad,Ahmedabad,"Navrangpura Parking Complex, Ahmedabad,Gujarat - 380009",23.038277,72.56377,Bharat DC-001,15.0,15,1
EESL,Govt.,Gujarat,Ahmedabad,Ahmedabad,"Near Gate 7, Kids City,Kakariya Lake,Ahmedabad,Gujarat - 380002",23.002405,72.60098,Combo (CCS-II + CHAdeMo + Type II),122.0,50+50+22,3
EESL,Govt.,Gujarat,Ahmedabad,Ahmedabad,"Near Gate 7, Kids City,Kakariya Lake,Ahmedabad,Gujarat - 380002",23.002405,72.60098,Bharat DC-001,15.0,15,1
Fortum,Private,Gujarat,Ahmedabad,Ahmedabad,"Shree Gokulesh Petroleum - Coco Vejalpur, Next To Sachin Towers Shyamal Cross Roads, Ahmedabad, Gujarat 380015",23.013027,72.523872,Combo (CCS-II+CHAdeMO),50.0,25,2
Fortum,Private,Gujarat,Ahmedabad,Ahmedabad,"Shree Gokulesh Petroleum - Coco Vejalpur, Next To Sachin Towers Shyamal Cross Roads, Ahmedabad, Gujarat 380015",23.013027,72.523872,Bharat DC-001,15.0,15,1
HPCL,Govt.,Gujarat,Porbandar,Porbandar,Aai Maa Petroleum Rajkot,21.36546,70.70263,Bharat AC-001,3.3,3.3,1
HPCL,Govt.,Gujarat,Kachchh,Bhuj,Adhoc Khawda Petroleum Gandhidham,22.989076,69.842981,Type-II AC,7.4,7.4,1
HPCL,Govt.,Gujarat,Kachchh,Bhuj,Adhoc Ram Petroleum  Rajkot,22.862729,69.688926,Type-II AC,7.4,7.4,1
HPCL,Govt.,Gujarat,Ahmedabad,Ahmedabad,Adhoc Shreeji Petroleum Ahmedabad,22.346175,71.723894,Type-II AC,7.4,7.4,1
HPCL,Govt.,Gujarat,Porbandar,Porbandar,Amar Fuels Rajkot,21.649007,69.882016,Type-II AC,7.4,7.4,1
HPCL,Govt.,Gujarat,Gandhinagar,Mansa,Amrutdhara Petroleum Ahmedabad,23.49654,72.645653,Type-II AC,7.4,7.4,1
HPCL,Govt.,Gujarat,Ahmedabad,Ahmedabad,"Ananta Petroleum, Lathidad Ahmedabad",22.121427,71.748386,Type-II AC,7.4,7.4,1
HPCL,Govt.,Gujarat,Rajkot,Rajkot,Arjun Fuel Station  Rajkot,23.185175,70.179095,Bharat AC-001,3.3,3.3,1
HPCL,Govt.,Gujarat,Ahmedabad,Ahmedabad,Arth Petroleum Ahmedabad,23.147481,73.215259,Type-II AC,7.4,7.4,1
HPCL,Govt.,Gujarat,Tapi,Tapi,At Village :Kaprada S/N 115 P1 Opposite Kaprada Bus Stand On Nh-848 Valsad-Nasik Road 396067,20.40225,73.21356,Bharat AC-001,3.0,3,1
HPCL,Govt.,Gujarat,Porbandar,Porbandar,Avanish Petroleum Rajkot,21.20265,70.2634,Type-II AC,7.4,7.4,1
HPCL,Govt.,Gujarat,Surat,Surat City,Block No 274 Village Sathvav Taluka Mandvi 394160,21.312156,73.32411,Type-II AC,7.0,7,1
HPCL,Govt.,Gujarat,Ahmedabad,Ahmedabad,"Chirag Petroleum, Tintoi Ahmedabad",23.599483,73.320011,Type-II AC,7.4,7.4,1
HPCL,Govt.,Gujarat,Ahmedabad,Ahmedabad,"D M Petroleum, Kamroda Ahmedabad",23.453859,73.503305,Type-II AC,7.4,7.4,1
HPCL,Govt.,Gujarat,Panch Mahals,Baroda,Dashmaa Petroleum Baroda,22.974067,73.700797,Type-II AC,7.4,7.4,1
HPCL,Govt.,Gujarat,Sabar Kantha,Ahmedabad,Dharti Fuel Centre           Ahmedabad,23.604929,73.16965,Type-II AC,7.4,7.4,1
HPCL,Govt.,Gujarat,Dahod,Baroda,Ekta Petroleum Baroda,23.053499,73.966855,Type-II AC,7.4,7.4,1
HPCL,Govt.,Gujarat,Rajkot,Rajkot,Gajanand Petroleum Rajkot,22.811291,70.81089,Bharat AC-001,3.3,3.3,1
HPCL,Govt.,Gujarat,Ahmedabad,Ahmedabad,"Gajanand Petroleum,Kada Bus Stand Ahmedabad",23.629644,72.56308,Type-II AC,7.4,7.4,1
HPCL,Govt.,Gujarat,Ahmedabad,Ahmedabad,H P Petrol Pump Shahibaug Road Ahmedabad 380004,23.041506,72.588616,Bharat AC-001,3.0,3,1
HPCL,Govt.,Gujarat,Panch Mahals,Panch Mahals,H.P. Petrol Pump Plot No. 329 / 1 Kothamba Fatehpura Road Village Kothamba Taluka Lunawada 389220,23.0233,73.508242,Type-II AC,7.0,7,1
HPCL,Govt.,Gujarat,Panch Mahals,Panch Mahals,H.P. Petrol Pump Survey No 25 State Highway No. 154 Village Parpata Taluka Limkheda 389140,22.8012,73.980819,Bharat AC-001,3.0,3,1
HPCL,Govt.,Gujarat,Panch Mahals,Panch Mahals,"H.P. Petrol Pump, Plot No. 85 Paikee 1 State Highway No. Village Padaliya Taluka Fatepura 389190",23.166422,73.990255,Bharat AC-001,3.0,3,1
HPCL,Govt.,Gujarat,Devbhumi Dwarka,Verad,Het Petroleum Rajkot,21.94461,69.86672,Type-II AC,7.4,7.4,1
HPCL,Govt.,Gujarat,Junagadh,Junagadh,Hp Petro Pump Survey No 912/1/2 Vill Junagadh  Tal Junagadh  Nh151 Jetpur Somnath Highway 362610,21.4815,70.35009,CCS-II,30.0,30,1
HPCL,Govt.,Gujarat,Kachchh,Kachchh,"Hp Petrol Pump , Plot No 60 To 69 Bhuj Kachchh Road Sh 42 Kachchh 370020",23.240325,69.71509,CCS-II,30.0,30,1
HPCL,Govt.,Gujarat,Ahmedabad,Ahmedabad,"Hp Petrol Pump ,Survey No. 515 Bavla, Nh-8A Gujarat 382220",22.799195,72.341363,Bharat AC-001,3.0,3,1
HPCL,Govt.,Gujarat,Patan,Patan,Hp Petrol Pump Chanasma Mehsana Harij Road 384220,23.71523,72.099413,Bharat AC-001,3.0,3,1
HPCL,Govt.,Gujarat,Sabar Kantha,Sabar Kantha,"Hp Petrol Pump Dhrol Morbi Road, Sh22 Darbargarh 361210",22.573119,70.42847,Type-II AC,7.0,7,1
HPCL,Govt.,Gujarat,Rajkot,Rajkot,Hp Petrol Pump Rajkot-Ahmedabad Highway Nh-27 Rajkot 360003,22.285591,70.88735,CCS-II,30.0,30,1
HPCL,Govt.,Gujarat,Porbandar,Porbandar,Hp Petrol Pump Survey No 180 P2 Vill Porbandar On Nh 27 Porbandar Rajkot Highway 360550,21.67424,69.778036,Type-II AC,7.0,7,1
HPCL,Govt.,Gujarat,Jamnagar,Jamnagar,"Hp Petrol Pump Survey No. 144 Survey No. 144 Village Jamnagar , Kalyanpur Taluka 361315",21.8649,69.35252,CCS-II,30.0,30,1
HPCL,Govt.,Gujarat,Surendranagar,Surendranagar,Hp Petrol Pump Survey No. 166 Ahmedabad-Rajkot Highway Nh 8A Vill Tokarala Limbdi 363423,22.702593,71.959,Bharat AC-001,3.0,3,1
HPCL,Govt.,Gujarat,Vadodara,Vadodara,"Hp Petrol Pump, At Survey No. 853 Sh-11, Dabhoi Road Vill. Palaswada, Ta. Dabhoi 391107",22.220865,73.308983,CCS-II,30.0,30,1
HPCL,Govt.,Gujarat,Banas Kantha,Banas Kantha,"Hp Petrol Pump, Bhildi Deesa Radhanpur Road, Nh 14 Village Bhildi, Teh Deesa,Banas Kantha  385530",24.185891,72.003257,Bharat AC-001,3.0,3,1
HPCL,Govt.,Gujarat,Panch Mahals,Panch Mahals,"Hp Petrol Pump, Plot No 463 State Highway No 157 Village Akona Taluka Naswadi 391150",22.034306,73.718392,Bharat AC-001,3.0,3,1
HPCL,Govt.,Gujarat,Mahesana,Mahesana,"Hp Petrol Pump, Plot No. 1169 Sh 712 Chansol 385421",23.963691,72.593578,Bharat AC-001,3.0,3,1
HPCL,Govt.,Gujarat,Gandhinagar,Gandhinagar,"Hp Petrol Pump, Plot No. 1284, Sector-6 Gh-3, Near St Stand Gandhinagar 382355",23.216249,72.639701,CCS-II,30.0,30,1
HPCL,Govt.,Gujarat,Mahesana,Mahesana,"Hp Petrol Pump, Plot No. 1579 Sh55 Dabhala 382865",23.560022,72.534386,Bharat AC-001,3.0,3,1
HPCL,Govt.,Gujarat,Mahesana,Mahesana,"Hp Petrol Pump, Plot No. 901/2P/2 Sh 133 Ranasan 382870",23.507118,72.743646,Bharat AC-001,3.0,3,1
HPCL,Govt.,Gujarat,Anand,Anand,"Hp Petrol Pump, R.S.No 2600, 2601, 2602P National Highway Nh 48 Samarkha Crossing, Anand 388001",22.578419,72.970882,CCS-II,30.0,30,1
HPCL,Govt.,Gujarat,Banas Kantha,Banas Kantha,"Hp Petrol Pump, Surana Surana Deodar Road, Mdr Village Surana, Ta Deodar 385330",24.087234,71.799684,Bharat AC-001,3.0,3,1
HPCL,Govt.,Gujarat,Bhavnagar,Bhavnagar,"Hp Petrol Pump, Survey No 243 Talaja-Mahuva Highway (Nh-51) Datha (Borda) 364130",21.300482,71.921804,Bharat AC-001,3.0,3,1
HPCL,Govt.,Gujarat,Gandhinagar,Gandhinagar,"Hp Petrol Pump, Survey No. 1005/3 Paiki Sh41, Ahmedabad-Mehsana Highway Post And Taluka Kalol 382721",23.251178,72.485705,Bharat AC-001,3.0,3,1
HPCL,Govt.,Gujarat,Sabar Kantha,Sabar Kantha,"Hp Petrol Pump, Survey No. 115, Nr. Tejpur Chokdi, Sh68, Halisa-Shivpura Kampa Rd., Mouje Harsol, Taluka Talod 383305",23.370699,73.02715,Bharat AC-001,3.0,3,1
HPCL,Govt.,Gujarat,Arvalli,Arvalli,"Hp Petrol Pump, Survey No. 125/1 Sh59 Dhansura-Modasa Highway Village Rahiyol, Taluka Dhansura 383310",23.411921,73.239184,Bharat AC-001,3.0,3,1
HPCL,Govt.,Gujarat,Surendranagar,Surendranagar,"Hp Petrol Pump, Survey No. 143/P Surendranagar-Rajkot Road Sh17 Ratanpar, Wadhwan 363001",22.754582,71.61959,Bharat AC-001,3.0,3,1
HPCL,Govt.,Gujarat,Surendranagar,Surendranagar,"Hp Petrol Pump, Survey No. 1650 Dasada-Patdi Highway Sh19 Patdi 382765",23.211718,71.791313,Bharat AC-001,3.0,3,1
HPCL,Govt.,Gujarat,Surendranagar,Surendranagar,"Hp Petrol Pump, Survey No. 1650 Paiki 1 Surendranagar-Dhrangadhra Highway Nh51 Wadhwan 363030",22.719185,71.68735,Bharat AC-001,3.0,3,1
HPCL,Govt.,Gujarat,Surendranagar,Surendranagar,"Hp Petrol Pump, Survey No. 205 Paiki 2 Wadhwan-Limbdi Road Sh20 Vill Nana Kerala, Wadhwan 363030",22.681764,71.724364,Bharat AC-001,3.0,3,1
HPCL,Govt.,Gujarat,Porbandar,Porbandar,"Hp Petrol Pump, Survey No. 25 P1 Vill Porbandar Tal Porbandar On Porbandar Dwarka Road Nh51 360579",21.7694,69.45966,Type-II AC,7.0,7,1
HPCL,Govt.,Gujarat,Surendranagar,Surendranagar,"Hp Petrol Pump, Survey No. 255/Pakki 3 Viramgam-Dhrangadhra Highway Sh7 Vill Kamalpur, Patdi 382765",23.084278,71.881778,Bharat AC-001,3.0,3,1
HPCL,Govt.,Gujarat,Arvalli,Arvalli,"Hp Petrol Pump, Survey No. 309 Gadhada Kampa, Taluka Modasa  383320",23.606722,73.21783,Bharat AC-001,3.0,3,1
HPCL,Govt.,Gujarat,Surendranagar,Surendranagar,"Hp Petrol Pump, Survey No. 3132 Memkha Vill Road Mouje-Wadhwan, Memkha, 363030",22.726842,71.725472,Bharat AC-001,3.0,3,1
HPCL,Govt.,Gujarat,Sabar Kantha,Sabar Kantha,"Hp Petrol Pump, Survey No. 41 And 42 Sh9, Idar-Ambaji Highway Town And Taluka Idar 383430",23.837594,73.002094,Bharat AC-001,3.0,3,1
HPCL,Govt.,Gujarat,Arvalli,Arvalli,"Hp Petrol Pump, Survey No. 422/2 Sh145, Shamlaji-Bhiloda Highway Village And Taluka Bhiloda 383245",23.757501,73.268879,Bharat AC-001,3.0,3,1
HPCL,Govt.,Gujarat,Sabar Kantha,Sabar Kantha,"Hp Petrol Pump, Survey No. 456, Paiki 4 Himatnagar Bypass Road Village Katwad, Taluka Himatnagar 383001",23.595173,72.945162,Bharat AC-001,3.0,3,1
HPCL,Govt.,Gujarat,Anand,Anand,"Hp Petrol Pump, Survey No. 595 /2/A State Highway Sh 83 Karamsad, Anand 388325",22.540919,72.910481,CCS-II,30.0,30,1
HPCL,Govt.,Gujarat,Surendranagar,Surendranagar,"Hp Petrol Pump, Survey No. 850 Surendranagar-Dhrangadhra Highway Nh51 Dudhrej, Surendranagar 363040",22.75678,71.620172,Bharat AC-001,3.0,3,1
HPCL,Govt.,Gujarat,Bhavnagar,Bhavnagar,"Hp Petrol Pump, Survey No: 35/2 Talaja Palitana Road Sh 31 Village:Majunagadh Iya, Taluka: Talaja 364140",21.375482,72.006274,Bharat AC-001,3.0,3,1
HPCL,Govt.,Gujarat,Ahmedabad,Ahmedabad,"Hp Petrol Pump,Block No 1062 Mehemdabad Road Hirapur Chowkdi,Hirapur 382435",22.917618,72.699095,Bharat AC-001,3.0,3,1
HPCL,Govt.,Gujarat,Bhavnagar,Bhavnagar,"Hp Petrol Pump,S. No.79,80,79/1P, 80/1Ab Bhavnagar Mahuva Hwy, Nh-51 Village:Panch Pipla, Taluka:Talaja 364265",21.476841,72.114022,Bharat AC-001,3.0,3,1
HPCL,Govt.,Gujarat,Ahmedabad,Ahmedabad,"Hp Petrol Pump,Survey No 17 Sh-1 Village Gundanpara 382210",22.607551,72.197119,Bharat AC-001,3.0,3,1
HPCL,Govt.,Gujarat,Ahmedabad,Ahmedabad,"Hp Petrol Pump,Survey No. 601 Vataman Pipli Highway Sh6 Village Motiboru 382230",22.524296,72.345492,Bharat AC-001,3.0,3,1
HPCL,Govt.,Gujarat,Ahmedabad,Ahmedabad,"Hp Petrol Pump,Sy No 197 200' Sardar Patel Ring Road Vill Visalpur Taluka Daskroi 382210",22.939047,72.494504,Bharat AC-001,3.0,3,1
HPCL,Govt.,Gujarat,Jamnagar,Jamnagar,Hpc Dealer Morbi Road Near Jamnagar Chaukri 360003,22.343197,70.807057,Type-II AC,7.0,7,1
HPCL,Govt.,Gujarat,Tapi,Tapi,"Hpc Petrol Pump Survey No. 693/2/2/2 Naroli To Silvassa Main Road Village Naroli, Near Naroli Check Post 396235",20.28099,72.92298,CCS-II,30.0,30,1
HPCL,Govt.,Gujarat,Tapi,Tapi,"Hpc Petrol Pump, Sur No. 163/1/3/5 Nani Daman Coastal Highway, Village Bhimpore, Opp. Moltak Company, 396210",20.453806,72.876527,CCS-II,30.0,30,1
HPCL,Govt.,Gujarat,Tapi,Tapi,"Hpc Petrol Pump, Sur. No.211/3-B & 212/A Dabhel Athiyawad Morai Road Atiyawad Falia, Dabhel 396210",20.41113,72.894642,CCS-II,30.0,30,1
HPCL,Govt.,Gujarat,Valsad,Valsad,"Hpc Petrol Pump, Survey No. 44/5P National Highway No. 8 Village Karambele, Oppos Cello Factory 396105",20.335793,72.903044,CCS-II,30.0,30,1
HPCL,Govt.,Gujarat,Tapi,Tapi,"Hpc Petrol Pump, Survey No. 54/8/2/1 Silvassa To Junagadh Vel Main Road Village- Khadoli 396230",20.160764,73.030099,CCS-II,30.0,30,1
HPCL,Govt.,Gujarat,Valsad,Valsad,"Hpc Petrol Pump, Survey. No. 77/1 National Highway No. 48 Village Motiwada, Taluka Pardi 396185",21.804302,73.05412,CCS-II,30.0,30,1
HPCL,Govt.,Gujarat,Surat,Surat City,Hpcl Petrol Pump Block No 155 Village Valwada Tal Mahuva 394248,21.814921,73.251705,Bharat AC-001,3.0,3,1
HPCL,Govt.,Gujarat,Banas Kantha,Banas Kantha,Hpcl Petrol Pump Survey No 928 Paiki 1 State Highway 41 (Palanpur Ahmedabad) Palanpur 385001,23.649948,72.408248,Bharat AC-001,3.0,3,1
HPCL,Govt.,Gujarat,Anand,Anand,"Hpcl Petrol Pump Survey No. 246 National Highway Nh 47 Timba Na Muvada, Galteshwar 388235",22.873026,73.335519,Bharat AC-001,3.0,3,1
HPCL,Govt.,Gujarat,Kachchh,Kachchh,Hpcl Petrol Pump Vill Shikarpur  370150,23.221984,70.704394,Type-II AC,7.0,7,1
HPCL,Govt.,Gujarat,Banas Kantha,Banas Kantha,"Hpcl Petrol Pump, Sr. No. 134 State Highway 54 Village Katarva Taluka Lakhni 385535",21.303056,71.938437,Bharat AC-001,3.0,3,1
HPCL,Govt.,Gujarat,Banas Kantha,Banas Kantha,"Hpcl Petrol Pump, Survey No 247 Nh 68 ,Tharad Sanchore Highway Opposite Piluda  Apmc Market, Tharad 385565",24.532573,71.69076,Bharat AC-001,3.0,3,1
HPCL,Govt.,Gujarat,Kachchh,Kachchh,"Hpcl Retail Outlet Vill Kachchh Nh27, Samakhiali Palanpur Highway 370145",23.368134,70.618519,Type-II AC,7.0,7,1
HPCL,Govt.,Gujarat,Rajkot,Rajkot,Jay Jalaram Petrol Point Rajkot,23.230761,69.6404,Type-II AC,7.4,7.4,1
HPCL,Govt.,Gujarat,Tapi,Baroda,Jay Laxmi Petroleum Baroda,20.917708,73.336705,Type-II AC,7.4,7.4,1
HPCL,Govt.,Gujarat,Kachchh,Bhuj,"Jay Vilnath Petroleum, Mokhana Rajkot",23.286743,70.005486,Type-II AC,7.4,7.4,1
HPCL,Govt.,Gujarat,Vadodara,Vadodara,Johar Petroleum Baroda,22.896425,73.007011,Type-II AC,7.4,7.4,1
HPCL,Govt.,Gujarat,Ahmedabad,Ahmedabad,Kamdhenu Petroleum Ahmedabad,22.74043,72.291,Type-II AC,7.4,7.4,1
HPCL,Govt.,Gujarat,Porbandar,Porbandar,Keshav Petroleum Rajkot,21.642624,70.519818,Type-II AC,7.4,7.4,1
HPCL,Govt.,Gujarat,Rajkot,Rajkot,Khodalraj Petroleum Rajkot,22.063784,70.782797,Type-II AC,7.4,7.4,1
HPCL,Govt.,Gujarat,Ahmedabad,Ahmedabad,Krishav Fuel Station Ahmedabad,23.534071,72.750717,Type-II AC,7.4,7.4,1
HPCL,Govt.,Gujarat,Porbandar,Porbandar,Krishna Fuels Rajkot,21.51693,70.431825,Type-II AC,7.4,7.4,1
HPCL,Govt.,Gujarat,Rajkot,Rajkot,Kuvadva Petroleum Rajkot,22.349215,70.953604,Type-II AC,7.4,7.4,1
HPCL,Govt.,Gujarat,Kachchh,Bhuj,Lilavanti Petroleum Rajkot,23.215098,69.294451,Type-II AC,7.4,7.4,1
HPCL,Govt.,Gujarat,Jamnagar,Jamnagar,"Maruti Petroleum, Anandpar Rajkot",22.210832,70.580389,Type-II AC,7.4,7.4,1
HPCL,Govt.,Gujarat,Amreli,Amreli,Marutinandan Petroleum Rajkot,21.957141,71.360012,Bharat AC-001,3.3,3.3,1
HPCL,Govt.,Gujarat,Rajkot,Rajkot,Matrukrupa Hp Rajkot,22.979981,71.194529,Type-II AC,7.4,7.4,1
HPCL,Govt.,Gujarat,Kachchh,Bhuj,Ms/Hsd Jay Shree Chamunda Petroleum Rajkot,23.400204,69.692497,Type-II AC,7.4,7.4,1
HPCL,Govt.,Gujarat,Rajkot,Rajkot,Ms/Hsd Maa Petroleum Rajkot,21.735216,70.431386,Type-II AC,7.4,7.4,1
HPCL,Govt.,Gujarat,Rajkot,Rajkot,"Ms/Hsd Shivay Petroleum, Ajotha Rajkot",20.89422,70.45042,Type-II AC,7.4,7.4,1
HPCL,Govt.,Gujarat,Tapi,Baroda,Mshsd Ami Petroleum Baroda,20.742845,73.140173,Type-II AC,7.4,7.4,1
HPCL,Govt.,Gujarat,Tapi,Baroda,Mshsd Dheeraj Petroleum Baroda,21.032742,73.448799,Type-II AC,7.4,7.4,1
HPCL,Govt.,Gujarat,Mahisagar,Baroda,Mshsd Mahisagar Fuel Station Baroda,23.191888,73.600634,Type-II AC,7.4,7.4,1
HPCL,Govt.,Gujarat,Tapi,Baroda,Mshsd Parishram Petroleum Baroda,20.97226,70.41968,Type-II AC,7.4,7.4,1
HPCL,Govt.,Gujarat,Valsad,Baroda,Mshsd Poonam Petroleum Baroda,20.157374,72.746716,Type-II AC,7.4,7.4,1
HPCL,Govt.,Gujarat,Chhotaudepur,Baroda,Mshsd Riddhi Petroleum Baroda,22.325862,73.835462,Type-II AC,7.4,7.4,1
HPCL,Govt.,Gujarat,Narmada,Baroda,Mshsd Ronak Petroleum Baroda,21.815071,73.362396,Type-II AC,7.4,7.4,1
HPCL,Govt.,Gujarat,Dahod,Baroda,Mshsd Safari Petroleum Baroda,22.694232,73.925285,Type-II AC,7.4,7.4,1
HPCL,Govt.,Gujarat,Bharuch,Baroda,Mshsd Sagar Petroleum Baroda,21.76489,73.02322,Type-II AC,7.4,7.4,1
HPCL,Govt.,Gujarat,Bharuch,Baroda,Mshsd Samrat Petroleum Baroda,21.915985,73.038212,Type-II AC,7.4,7.4,1
HPCL,Govt.,Gujarat,Navsari,Baroda,Mshsd Shree Kunj Petroleum Baroda,20.792368,73.228797,Type-II AC,7.4,7.4,1
HPCL,Govt.,Gujarat,Surat,Baroda,Mshsd Shri Mahadev Petroleum Baroda,21.462763,73.475981,Type-II AC,7.4,7.4,1
HPCL,Govt.,Gujarat,Anand,Baroda,Mshsd Shri Ram Fuel Station Baroda,22.483869,73.066727,Type-II AC,7.4,7.4,1
HPCL,Govt.,Gujarat,Panch Mahals,Baroda,Mshsd Shri Sainath Petroleum Baroda,22.978617,73.890681,Type-II AC,7.4,7.4,1
HPCL,Govt.,Gujarat,Amreli,Amreli,N G Petroleum Rajkot,21.485543,71.259538,Bharat AC-001,3.3,3.3,1
HPCL,Govt.,Gujarat,Bhavnagar,Umrala,"Nandini Petroleum,Dedakadi Ahmedabad",21.805136,71.715259,Type-II AC,7.4,7.4,1
HPCL,Govt.,Gujarat,Rajkot,Rajkot,Near Railway Station Rajkot   360490,21.745523,70.28211,Type-II AC,7.0,7,1
HPCL,Govt.,Gujarat,Ahmedabad,Ahmedabad,"Nilakantha Petrolium,Meghraj Ahmedabad",23.509804,73.512911,Type-II AC,7.4,7.4,1
HPCL,Govt.,Gujarat,Ahmedabad,Ahmedabad,Nirmal Fuel Station Ahmedabad,23.962487,72.369156,Type-II AC,7.4,7.4,1
HPCL,Govt.,Gujarat,Rajkot,Rajkot,North Star Petroleum Rajkot,22.577457,70.981518,Bharat AC-001,3.3,3.3,1
HPCL,Govt.,Gujarat,Kachchh,Bhuj,"Nyalkaran Petroleum, Samatra Rajkot",23.195656,69.503784,Type-II AC,7.4,7.4,1
HPCL,Govt.,Gujarat,Ahmedabad,Ahmedabad,Outside Shapur Gate Hp Dealer Ahmedabad 380004,23.039481,72.581624,Bharat AC-001,3.0,3,1
HPCL,Govt.,Gujarat,Ahmedabad,Ahmedabad,Plot No Cm-1/P Gidc Naroda Naroda Ahmedabad 382330,23.081953,72.65776,Bharat AC-001,3.0,3,1
HPCL,Govt.,Gujarat,Banas Kantha,Banas Kantha,Radhanpur Sanchor Highway Piluda  385565,24.641334,71.763565,Type-II AC,7.0,7,1
HPCL,Govt.,Gujarat,Kachchh,Bhuj,Raghuvanshi Petroleum Gandhidham,23.363702,69.24697,Type-II AC,7.4,7.4,1
HPCL,Govt.,Gujarat,Ahmedabad,Ahmedabad,"Raj Petroleum, Khadol Ahmedabad",22.415841,72.037469,Type-II AC,7.4,7.4,1
HPCL,Govt.,Gujarat,Ahmedabad,Ahmedabad,Ramdevkrupa Petroleum Ahmedabad,22.746903,72.353907,Type-II AC,7.4,7.4,1
HPCL,Govt.,Gujarat,Ahmedabad,Ahmedabad,Rameshwar Petroleum Ahmedabad,22.4651,71.4819,Type-II AC,7.4,7.4,1
HPCL,Govt.,Gujarat,Rajkot,Rajkot,Royal Petroleum Rajkot,20.82998,71.04936,Bharat AC-001,3.3,3.3,1
HPCL,Govt.,Gujarat,Porbandar,Porbandar,Rudreshwar Petroleum Rajkot,21.15708,70.31497,Bharat AC-001,3.3,3.3,1
HPCL,Govt.,Gujarat,Rajkot,Rajkot,"Sai Petroleum, Manaba Rajkot",23.06186,70.84562,Type-II AC,7.4,7.4,1
HPCL,Govt.,Gujarat,Rajkot,Rajkot,Shivaay Fuel Station Rajkot,22.18397,70.83857,Type-II AC,7.4,7.4,1
HPCL,Govt.,Gujarat,Rajkot,Rajkot,"Shivkrupa Petroleum, Kharachiya Rajkot",21.821535,70.165626,Type-II AC,7.4,7.4,1
HPCL,Govt.,Gujarat,Rajkot,Rajkot,Shree Bahuchar Petroleum Rajkot,22.85194,70.72692,Bharat AC-001,3.3,3.3,1
HPCL,Govt.,Gujarat,Ahmedabad,Ahmedabad,Shree Gajanand Petroleum Ahmedabad,22.717606,72.425945,Type-II AC,7.4,7.4,1
HPCL,Govt.,Gujarat,Banas Kantha,Tharad,"Shree Harihar Petroleum, Mavsari Ahmedabad",24.607696,71.364164,Type-II AC,7.4,7.4,1
HPCL,Govt.,Gujarat,Kachchh,Bhuj,"Shree Jalaram Petroleum, Rapar Rajkot",23.578114,70.655937,Type-II AC,7.4,7.4,1
HPCL,Govt.,Gujarat,Kachchh,Bhuj,Shree Jaliyan Petroleum  Rajkot,23.331881,70.333148,Type-II AC,7.4,7.4,1
HPCL,Govt.,Gujarat,Tapi,Baroda,Shree Kansari Petroleum Baroda,21.184196,73.781776,Type-II AC,7.4,7.4,1
HPCL,Govt.,Gujarat,Valsad,Baroda,Shree Mohaneshwar Gasoline Baroda,20.517309,72.897594,Type-II AC,7.4,7.4,1
HPCL,Govt.,Gujarat,Rajkot,Rajkot,Shree Momai Krupa Fuel Station  Rajkot,22.721098,70.475957,Bharat AC-001,3.3,3.3,1
HPCL,Govt.,Gujarat,Rajkot,Rajkot,Shree Shakti Petroleum Rajkot,22.102919,71.025452,Bharat AC-001,3.3,3.3,1
HPCL,Govt.,Gujarat,Ahmedabad,Ahmedabad,Shri Ashapura Petroleum Ahmedabad,23.011656,71.458168,Type-II AC,7.4,7.4,1
HPCL,Govt.,Gujarat,Ahmedabad,Ahmedabad,Shri Dwarkesh Auto Fuels Ahmedabad,23.005457,72.758059,Type-II AC,7.4,7.4,1
HPCL,Govt.,Gujarat,Banas Kantha,Tharad,"Shrre Ogadji Energy, Rampura Ahmedabad",24.285128,72.060704,Type-II AC,7.4,7.4,1
HPCL,Govt.,Gujarat,Valsad,Baroda,Shyam Petroleum Baroda,20.657183,72.914628,Type-II AC,7.4,7.4,1
HPCL,Govt.,Gujarat,Sabar Kantha,Ahmedabad,Somnath Petroleum Ahmedabad,23.351354,72.941002,Type-II AC,7.4,7.4,1
HPCL,Govt.,Gujarat,Patan,Patan,Sur. No 25/P1 Mouje Dhanodharda Tal Chanasma 384220,23.703733,72.156325,Bharat AC-001,3.0,3,1
HPCL,Govt.,Gujarat,Anand,Anand,"Surbey No. 853/3/P, Khata No. 907 Village Varsada, Taluka Tarapur  388180",22.614264,72.515471,Bharat AC-001,3.0,3,1
HPCL,Govt.,Gujarat,Banas Kantha,Banas Kantha,Survey No 104 On Sh 132 Hp Petrol Pump At Village Dantiwada Opp Dantiwada Police Station Banas Kantha  385505,24.34972,72.3282,Bharat AC-001,3.0,3,1
HPCL,Govt.,Gujarat,Ahmedabad,Ahmedabad,Survey No 193/Paiki Village Navapura Taluka Sanand 382210,22.948852,72.463617,Bharat AC-001,3.0,3,1
HPCL,Govt.,Gujarat,Banas Kantha,Banas Kantha,"Survey No 308/P4/P2, On Nh 27 Near Zyka Hotel, Village Chadotar , Ta Palanpur, Gujrat 385001",24.345028,72.37656,Bharat AC-001,3.0,3,1
HPCL,Govt.,Gujarat,Banas Kantha,Banas Kantha,"Survey No 384P1 On Nh 27 Near Chekhla Village Chekhala, Ta Kankrej District Banas Kantha , 385550",22.705678,71.937056,Bharat AC-001,3.0,3,1
HPCL,Govt.,Gujarat,Ahmedabad,Ahmedabad,"Survey No 624/3 Ramol Gam Ramol, Ahmedabad 382449",22.980261,72.65182,Bharat AC-001,3.0,3,1
HPCL,Govt.,Gujarat,Bhavnagar,Bhavnagar,"Survey No. 10/1/P1 Rohisa Chowkdi, Nh51 At: Rohisa , Taluka: Mahuwa 364295",23.236898,71.855575,Bharat AC-001,3.0,3,1
HPCL,Govt.,Gujarat,Anand,Anand,"Survey No. 1217, Village Dahevan, On Nh-64 (Dandi Marg), Taluka Borsad 388550",22.592241,72.832042,Bharat AC-001,3.0,3,1
HPCL,Govt.,Gujarat,Surat,Surat City,Survey No. 260 Village Vandervella Fadvel Road 396540,20.740153,73.199168,Bharat AC-001,3.0,3,1
HPCL,Govt.,Gujarat,Arvalli,Arvalli,"Survey No. 911 Village Sathamba, Tehsil Bayad Aravalli 383340",23.171072,73.313331,Bharat AC-001,3.0,3,1
HPCL,Govt.,Gujarat,Bhavnagar,Bhavnagar,Survey No: 38P1/2/P1 Talaja On Sh31 In Gopnath Road Taluka Talaja 364140,21.349022,72.039222,Bharat AC-001,3.0,3,1
HPCL,Govt.,Gujarat,Tapi,Tapi,Survey No-3041 Village Pariya On Pariya-Ambach Road  396145,20.440694,72.961727,Bharat AC-001,3.0,3,1
HPCL,Govt.,Gujarat,Mahesana,Mahesana,Survey Number 148 Kukas Mehsana 384012,23.576271,72.42289,Bharat AC-001,3.0,3,1
HPCL,Govt.,Gujarat,Mahesana,Mahesana,Survey Number 168 Fatepura Kadi 382165,23.153825,72.210335,Bharat AC-001,3.0,3,1
HPCL,Govt.,Gujarat,Mahesana,Mahesana,Survey Number 435 Malekpur Kheralu 384325,23.888062,72.5799,Bharat AC-001,3.0,3,1
HPCL,Govt.,Gujarat,Gandhinagar,Mansa,Urja Petroleum Ahmedabad,23.453098,72.723536,Type-II AC,7.4,7.4,1
HPCL,Govt.,Gujarat,Amreli,Amreli,Vihal Petroleum Rajkot,21.83574,71.21543,Bharat AC-001,3.3,3.3,1
HPCL,Govt.,Gujarat,Ahmedabad,Ahmedabad,"Vijay Filling Station, Gadhada Ahmedabad",21.979131,71.592208,Type-II AC,7.4,7.4,1
HPCL,Govt.,Gujarat,Banas Kantha,Tharad,Vikas Petroleum Ahmedabad,24.376141,71.574192,Type-II AC,7.4,7.4,1
HPCL,Govt.,Gujarat,Kachchh,Kachchh,Vill Kachchh  Hp Petrol Pump Anjar Mundra Highway Nh41 370410,22.902886,69.743772,Type-II AC,7.0,7,1
HPCL,Govt.,Gujarat,Surendranagar,Surendranagar,Village Virendragadh Taluka Dhrangdhara  363310,23.07601,71.4496,Bharat AC-001,3.0,3,1
HPCL,Govt.,Gujarat,Rajkot,Rajkot,Vishwanath Petroleum Rajkot,22.173387,71.353303,Type-II AC,7.4,7.4,1
HPCL,Govt.,Gujarat,Rajkot,Rajkot,"Yadunandan Petroleum, Mitana Rajkot",22.572739,70.745741,Type-II AC,7.4,7.4,1
IOCL,Govt.,Gujarat,Mahesana,Mehsana,"""81/1 Gidc Mehsana Motera High"" ""Near Motera Circle Mehsana""",23.5941,72.3759,Type-II AC,7.4,7.4,1
IOCL,Govt.,Gujarat,Valsad,Valsad,"""Block No. 271/2 Vill: Rola"" Nh - 8 Dist: Valsad Nh - 8 Dist: Valsad",20.7016,72.9874,CCS-II,30.0,30,1
IOCL,Govt.,Gujarat,Surat,Surat City,"""Block No.243/2/P Vil. Lajpore"" Navsari Road Dist. Surat Navsari Road Dist. Surat",21.075295,72.888384,LEV AC Charge point,3.3,3.3,1
IOCL,Govt.,Gujarat,Anand,Anand,"""Indian Oil Pump Lotia Bhagol"" Lotia Bhagol Anand",22.5484,72.955,Type-II AC,7.4,7.4,1
IOCL,Govt.,Gujarat,Patan,Patan,"""Near Hotel City Point ""Palanpur Highway Sidhpur -384151"" Sidhpur",23.932608,72.361908,LEV AC Charge point,3.3,3.3,1
IOCL,Govt.,Gujarat,Vadodara,Vadodara,"""Plot No 13 Tps-7 Harni Road"" City : Vadodara   Dist : Vadodara City : Vadodara   Dist : Vadodara",22.3137,73.2118,CCS-II,30.0,30,1
IOCL,Govt.,Gujarat,Vadodara,Vadodara,"""S.No.624/625P Alembik To Refi"" ""Road At Gorwa Vadodara"" Vadodara City",22.3355,73.1531,CCS-II,30.0,30,1
IOCL,Govt.,Gujarat,Valsad,Valsad,"""Survey No. 129/2/P Vill: Bald"" ""Taluka: Pardi Dist: Valsad"" Dist: Valsad",20.5113,72.9625,Type-II AC,7.4,7.4,1
IOCL,Govt.,Gujarat,Junagadh,Junagadh,Adhoc Trupti Petroleum Junagadh  Veraval Nh A/P Vanthali Dist. Junagadh,21.4823,70.3508,CCS-II,30.0,30,1
IOCL,Govt.,Gujarat,Banas Kantha,Banas Kantha,Akhol Nani Deesa  District Banaskantha Dist. Banaskantha,24.273465,72.176153,LEV AC Charge point,3.3,3.3,1
IOCL,Govt.,Gujarat,Vadodara,Vadodara,Alkapuri R C Dutt Road Alkapuri Baroda    (39),22.3102,73.1687,LEV AC Charge point,3.3,3.3,1
IOCL,Govt.,Gujarat,Anand,Anand,Anand -Bhalej Road Near Dalapur At. Samarkha Dist. Anand,22.616646,73.009037,LEV AC Charge point,3.3,3.3,1
IOCL,Govt.,Gujarat,Anand,Anand,Anand-V V Nagar Road Anand Dist. Anand,22.552123,72.942402,Type-II AC,7.4,7.4,1
IOCL,Govt.,Gujarat,Kheda,Kheda,Apruji To Kapadwanj Road Tal Apruji Tal. Kathlal Dist. Kheda,23.043,72.929,LEV AC Charge point,3.3,3.3,1
IOCL,Govt.,Gujarat,Ahmedabad,Ahmedabad,At - Bodkadev Sarkhej-Gandhinagar Highway Dist - Ahmedabad,23.0413,72.5126,LEV AC Charge point,3.3,3.3,1
IOCL,Govt.,Gujarat,Banas Kantha,Banas Kantha,At & Post  : Sherau Tal. Tharad Dist. Banaskantha,24.6413,71.5401,LEV AC Charge point,3.3,3.3,1
IOCL,Govt.,Gujarat,Sabar Kantha,Sabar Kantha,At & Post : Akodra Tal. Himmatnagar Dist. Sabarkantha,23.5392,73.0029,LEV AC Charge point,3.3,3.3,1
IOCL,Govt.,Gujarat,Sabar Kantha,Sabar Kantha,At & Post : Badoli Tal. Idar Dist. Sabarkantha,23.8241,73.0656,LEV AC Charge point,3.3,3.3,1
IOCL,Govt.,Gujarat,Banas Kantha,Banas Kantha,At & Post : Bhorol Tal. Tharad Dist. Banaskantha,24.516,71.5478,LEV AC Charge point,3.3,3.3,1
IOCL,Govt.,Gujarat,Sabar Kantha,Sabar Kantha,At & Post : Dedhrota Navalpur Pati Tal. Himmatnagar Dist. Sabarkantha,23.604258,72.897984,LEV AC Charge point,3.3,3.3,1
IOCL,Govt.,Gujarat,Arvalli,Aravalli,At & Post : Demai On State Highway No. 59 Tal. Bayad Dist. Aravalli,23.145268,73.215606,LEV AC Charge point,3.3,3.3,1
IOCL,Govt.,Gujarat,Sabar Kantha,Sabar Kantha,At & Post : Ilol Tavad Road Tal. Himmatnagar Dist. Sabarkantha,23.6432,72.9138,LEV AC Charge point,3.3,3.3,1
IOCL,Govt.,Gujarat,Banas Kantha,Banas Kantha,At & Post : Jadiya Tal. Dhanera Dist. Banaskantha,24.590193,72.022171,LEV AC Charge point,3.3,3.3,1
IOCL,Govt.,Gujarat,Patan,Patan,At & Post : Kakoshi Tal. Sidhpur Dist. Patan,24.009573,72.300596,LEV AC Charge point,3.3,3.3,1
IOCL,Govt.,Gujarat,Banas Kantha,Banas Kantha,At & Post : Kumbhasan Tal. Palanpur Dist. Banaskantha,24.170049,72.311818,LEV AC Charge point,3.3,3.3,1
IOCL,Govt.,Gujarat,Sabar Kantha,Sabar Kantha,At & Post : Matoda Tal. Khedbramha Dist. Sabarkantha,24.13431,73.01188,LEV AC Charge point,3.3,3.3,1
IOCL,Govt.,Gujarat,Banas Kantha,Banas Kantha,At & Post : Moriya Tal. Vadgam Dist. Banaskantha,24.102934,72.663239,LEV AC Charge point,3.3,3.3,1
IOCL,Govt.,Gujarat,Banas Kantha,Banas Kantha,At & Post : Nagafana Tal. Deesa Dist. Banaskantha,24.375629,72.074294,LEV AC Charge point,3.3,3.3,1
IOCL,Govt.,Gujarat,Sabar Kantha,Sabar Kantha,At & Post : Parabada Himmatnagar By Pass Himmatnagar Dist. Sabarkantha,23.6017,72.9437,LEV AC Charge point,3.3,3.3,1
IOCL,Govt.,Gujarat,Kheda,Kheda,At & Post : Pithai Tal. Kathlal Dist. Kheda,22.908061,72.942941,LEV AC Charge point,3.3,3.3,1
IOCL,Govt.,Gujarat,Patan,Patan,At & Post : Sinad Taluka : Radhanpur Distt : Patan,23.8323,71.6454,Type-II AC,7.4,7.4,1
IOCL,Govt.,Gujarat,Arvalli,Aravalli,At & Post : Tintoi Nr. Tintoi Bus State Highway No. 5 Tal. Modasa Dist. Aravalli,23.611445,73.325407,LEV AC Charge point,3.3,3.3,1
IOCL,Govt.,Gujarat,Sabar Kantha,Sabar Kantha,At & Post : Vaktapur Tal. Himmatnagar Dist. Sabarkantha,23.67574,72.951427,LEV AC Charge point,3.3,3.3,1
IOCL,Govt.,Gujarat,Gandhinagar,Gandhi Nagar,At & Post: Mansa Rajpura Chokdi Tal. Mansa Dist. Gandhinagar,23.400829,72.649304,LEV AC Charge point,3.3,3.3,1
IOCL,Govt.,Gujarat,Banas Kantha,Banas Kantha,At :  Jerda On Nh 168 A Taluka : Deesa District : Banaskantha,24.367876,72.12455,LEV AC Charge point,3.3,3.3,1
IOCL,Govt.,Gujarat,Mahesana,Mehsana,At :  Sundhia Visnagar Kheralu Sh Taluka : Vadnagar Distrct : Mehsana,23.843227,72.587895,LEV AC Charge point,3.3,3.3,1
IOCL,Govt.,Gujarat,Rajkot,Rajkot,At Kolki Upleta To Kolki Sh 97,21.7867,70.2343,LEV AC Charge point,3.3,3.3,1
IOCL,Govt.,Gujarat,Sabar Kantha,Sabar Kantha,At Village : Badoli Tal. Idar Dist. Sabarkantha,23.821623,73.070245,LEV AC Charge point,3.3,3.3,1
IOCL,Govt.,Gujarat,Gandhinagar,Gandhi Nagar,At Village : Bilodara On Sh-55 Tal. Mansa Dist. Gandhinagar,23.537501,72.676752,Type-II AC,7.4,7.4,1
IOCL,Govt.,Gujarat,Anand,Anand,At Village : Jitodia On National Highway No. 228 Tal. Anand Dist. Anand,22.511807,72.953013,LEV AC Charge point,3.3,3.3,1
IOCL,Govt.,Gujarat,Banas Kantha,Banas Kantha,At Village : Khodla Tal. Kankrej Dist. Banaskantha,24.124455,71.953145,LEV AC Charge point,3.3,3.3,1
IOCL,Govt.,Gujarat,Banas Kantha,Banas Kantha,At Village : Mangrol Tal. Tharad Dist. Banaskantha,24.502593,71.680304,LEV AC Charge point,3.3,3.3,1
IOCL,Govt.,Gujarat,Banas Kantha,Banas Kantha,At Village : Panchada Tal. Vadgam Dist. Banaskantha,24.054279,72.567927,LEV AC Charge point,3.3,3.3,1
IOCL,Govt.,Gujarat,Banas Kantha,Banas Kantha,At Village : Piluda On National Highway No. 68 Tal. Tharad Dist. Banaskantha,24.561626,71.70145,LEV AC Charge point,3.3,3.3,1
IOCL,Govt.,Gujarat,Banas Kantha,Banas Kantha,At Village : Raviya Tal. Dhanera Dist. Banaskantha,24.566093,72.125024,LEV AC Charge point,3.3,3.3,1
IOCL,Govt.,Gujarat,Anand,Anand,At Village : Sihol Tal. Petlda Dist. Anand,22.50503,72.841964,Type-II AC,7.4,7.4,1
IOCL,Govt.,Gujarat,Banas Kantha,Banas Kantha,At Village : Suigam Tal. Suigam Dist. Banaskantha,24.178374,71.37444,LEV AC Charge point,3.3,3.3,1
IOCL,Govt.,Gujarat,Anand,Anand,At Village : Tarapur On State Highway No. 8 Tal. Talapur Dist. Anand,22.495343,72.649694,LEV AC Charge point,3.3,3.3,1
IOCL,Govt.,Gujarat,Mahesana,Mehsana,At Village : Unjha Tal. Unjha Dist. Mehsana,23.797377,72.394936,Type-II AC,7.4,7.4,1
IOCL,Govt.,Gujarat,Banas Kantha,Banas Kantha,At Village : Vachhol Tal. Dhanera Dist. Banaskantha,24.617021,72.331543,LEV AC Charge point,3.3,3.3,1
IOCL,Govt.,Gujarat,Banas Kantha,Banas Kantha,At Village : Vaghrol Tal. Dantiwada Dist. Banaskantha,24.279829,72.33156,LEV AC Charge point,3.3,3.3,1
IOCL,Govt.,Gujarat,Patan,Patan,At Village : Varahi Tal. Santalpur Dist. Patan,23.791971,71.460959,CCS-II,30.0,30,1
IOCL,Govt.,Gujarat,Anand,Anand,At Village : Varsada Vataman-Tarapur Road Tal. Tarapur Dist. Anand,22.504159,72.503,Type-II AC,7.4,7.4,1
IOCL,Govt.,Gujarat,Arvalli,Aravalli,At. & Post : Hallodar Tal. Malpur Dist. Aravalli,23.294169,73.505345,LEV AC Charge point,3.3,3.3,1
IOCL,Govt.,Gujarat,Ahmedabad,Ahmedabad,At. & Post : Koth Tal. Dholka Dist. Ahmedabad,22.641211,72.301663,LEV AC Charge point,3.3,3.3,1
IOCL,Govt.,Gujarat,Ahmedabad,Ahmedabad,At. & Post : Suraj Tal. Jotana Dist. Mehsana,23.384889,72.308509,LEV AC Charge point,3.3,3.3,1
IOCL,Govt.,Gujarat,Sabar Kantha,Sabar Kantha,At. Javangadh Before Raigadh N.H.48 Shamlaji To Himatnagar Tal. Himmatnagar Dist. Sk,23.643241,72.913813,Type-II AC,7.4,7.4,1
IOCL,Govt.,Gujarat,Kheda,Kheda,At. Kamla Chowkdi Village : Kamla Tal. Nadiad Dist. Kheda,22.72036,72.843759,LEV AC Charge point,3.3,3.3,1
IOCL,Govt.,Gujarat,Ahmedabad,Ahmedabad,At. Kankarvadi Viramgam To Maliya Highway Sh7Tal. Viramgam Dist. A'Bad,23.0789,71.9657,LEV AC Charge point,3.3,3.3,1
IOCL,Govt.,Gujarat,Ahmedabad,Ahmedabad,At. Lambha Tal. Vatva Dist. Ahmedabad,22.924079,72.5613,CCS-II,60.0,60,1
IOCL,Govt.,Gujarat,Sabar Kantha,Sabar Kantha,At. Madhva Chokdi Sudrasana Bus St Near Valasana Village Tal Idar Dist. Sabarkantha,23.89169,73.09809,LEV AC Charge point,3.3,3.3,1
IOCL,Govt.,Gujarat,Kheda,Kheda,At. Mahudha On State Highway No. 59 Dist. Kheda,22.80598,72.93008,LEV AC Charge point,3.3,3.3,1
IOCL,Govt.,Gujarat,Banas Kantha,Banas Kantha,At. Rampura Post. Sardarpur Tal. Palanpur Dist. Banaskantha,23.643241,72.913813,LEV AC Charge point,3.3,3.3,1
IOCL,Govt.,Gujarat,Arvalli,Aravalli,At. Vantada Post : Vatrak Tal. Bayad Dist. Aravalli,23.2429,73.22202,LEV AC Charge point,3.3,3.3,1
IOCL,Govt.,Gujarat,Ahmedabad,Ahmedabad,At. Vatva Ahmedabad City Ahmedabad,22.936004,72.624607,CCS-II,60.0,60,1
IOCL,Govt.,Gujarat,Ahmedabad,Ahmedabad,At. Vejalka Opp. Ashapura Hotel Bagodara-Tarapur Highway Tal. Dholka Dist. Ahmedabad,22.555,72.3031,LEV AC Charge point,3.3,3.3,1
IOCL,Govt.,Gujarat,Banas Kantha,Banas Kantha,At. Village : Jadiyali Tal. Lakhani Dist. Banaskantha,24.455602,71.926074,LEV AC Charge point,3.3,3.3,1
IOCL,Govt.,Gujarat,Ahmedabad,Ahmedabad,At. Village : Muthiya Tal. Asarva Dist. Ahmedabad,23.0,73.0,Type-II AC,7.4,7.4,1
IOCL,Govt.,Gujarat,Ahmedabad,Ahmedabad,At. Village Manpura Tal. Mandal Dist. Ahmedabad,23.318228,72.053093,CCS-II,30.0,30,1
IOCL,Govt.,Gujarat,Ahmedabad,Ahmedabad,At: Godhavinr. Sanskar Dham School Ramdev Farm Bopal- Sanand Rd. Dist. Ahmedabad,23.027107,72.42085,Type-II AC,7.4,7.4,1
IOCL,Govt.,Gujarat,Kheda,Kheda,At: Piplag Naear Khodiyar Temple Nadiad Petlad Road Taluka: Nadia District: Anand,22.653625,72.855483,LEV AC Charge point,3.3,3.3,1
IOCL,Govt.,Gujarat,Vadodara,Vadodara,Balaji Kisan Seva Kendra (Adhoc) Survey No.1324 Vill: Sinor Tal: Sinor Dist: Vadodara,21.924015,73.33642,Type-II AC,7.4,7.4,1
IOCL,Govt.,Gujarat,Gandhinagar,Gandhi Nagar,Balva Chokdi Opp. Mahisagar Hotel At. Balva Tal. Kalol Dist. Gandhinagar,23.350252,72.644157,LEV AC Charge point,3.3,3.3,1
IOCL,Govt.,Gujarat,Valsad,Valsad,Bhilad Nh-08 Near Naroli Cha Rasta Tal Umbergaon Dist Valsad Rasta Tal Umbergaon Dist Valsad,20.2833,72.8954,Type-II AC,7.4,7.4,1
IOCL,Govt.,Gujarat,Kheda,Kheda,Block No. 474/P Nh-8 Vill. Kanera Taluka&Dist : Kheda Dist. Kheda,22.8198,72.6149,LEV AC Charge point,3.3,3.3,1
IOCL,Govt.,Gujarat,Ahmedabad,Ahmedabad,Block No.303 Amli-Bopal Road Ahmedabad.,23.0293,72.475,CCS-II,60.0,60,1
IOCL,Govt.,Gujarat,Gandhinagar,Gandhi Nagar,Block No.48 (Part) Village Khatraj Tal Kalol District Gandhinagar,23.1479,72.445,Type-II AC,7.4,7.4,1
IOCL,Govt.,Gujarat,Vadodara,Vadodara,Block No.617/P Vill: Dumad Tal: Vadodara Dist: Vadodara State Highway,22.382526,73.191092,LEV AC Charge point,3.3,3.3,1
IOCL,Govt.,Gujarat,Vadodara,Vadodara,Block No.617/P Vill: Dumad Tal: Vadodara Dist: Vadodara State Highway,22.382526,73.191092,Type-II AC,7.4,7.4,1
IOCL,Govt.,Gujarat,Banas Kantha,Banas Kantha,C/O. Bihari Farm At & Post : Pilucha Tal. Vadgam Dist. Banaskantha,23.977236,72.523998,LEV AC Charge point,3.3,3.3,1
IOCL,Govt.,Gujarat,Gandhinagar,Gandhi Nagar,Dashela Survey No. 505 Village - Dashela Taluka - Gandhinagar Dist.- Gandhi,23.258503,72.746102,LEV AC Charge point,3.3,3.3,1
IOCL,Govt.,Gujarat,Banas Kantha,Banas Kantha,Deesa - Chitrasani Road At. Village - Bhatamal Moti Tal.Palanpur Dist.Banaksantha,24.281562,72.38944,LEV AC Charge point,3.3,3.3,1
IOCL,Govt.,Gujarat,Banas Kantha,Banas Kantha,Deesa - Palanpur Highway Dist. Banaskantha Banaskantha,24.2455,72.2044,LEV AC Charge point,3.3,3.3,1
IOCL,Govt.,Gujarat,Banas Kantha,Banas Kantha,Deesa-Radhanpur Road Nh No. 27 At. Lorvada Tal. Deesa Dist. Banaskantha,24.226829,72.091279,CCS-II,30.0,30,1
IOCL,Govt.,Gujarat,Devbhumi Dwarka,Devbhumi Dwarka,Dwarka Nh8E Indian Oil Dealer District Jamnagar,22.244953,68.96415,LEV AC Charge point,3.3,3.3,1
IOCL,Govt.,Gujarat,Ahmedabad,Ahmedabad,E-358/359 Gvmmlimited Odhav Road Nh 59 Odhav Ahmedabad,23.0251,72.6763,CCS-II,60.0,60,1
IOCL,Govt.,Gujarat,Ahmedabad,Ahmedabad,F.P.No.81 Tps No.16 Mouje Shaherkotda Saraspur-Ahmedabad,23.0311,72.6053,CCS-II,60.0,60,1
IOCL,Govt.,Gujarat,Narmada,Narmada,Garudeshwar Phata Nandol Talukaakteshwar Villag Dist.Bharuch (219),21.8969,73.6476,LEV AC Charge point,3.3,3.3,1
IOCL,Govt.,Gujarat,Ahmedabad,Ahmedabad,Gota Village Gota Ahmedabad,23.0944,72.5358,LEV AC Charge point,3.3,3.3,1
IOCL,Govt.,Gujarat,Panch Mahals,Panch Mahal,Govindi Taluka- Godhra District - Panchmahal State: Gujarat,22.802778,73.637208,LEV AC Charge point,3.3,3.3,1
IOCL,Govt.,Gujarat,Ahmedabad,Ahmedabad,Gst-Chenpur Road At. Chenpur New Ranip Ahmedabad,23.0962,72.5601,CCS-II,60.0,60,1
IOCL,Govt.,Gujarat,Sabar Kantha,Sabar Kantha,Harsol-Modas Highway Rojad Chowkdi Tal Bayad Sk Rojad Cohowkdi,23.3455,73.0766,LEV AC Charge point,3.3,3.3,1
IOCL,Govt.,Gujarat,Banas Kantha,Banas Kantha,Highway Checkpost Posttal-Palanpur Dist:Banaskantha,24.191337,72.43428,LEV AC Charge point,3.3,3.3,1
IOCL,Govt.,Gujarat,Banas Kantha,Banas Kantha,Highway Road At. Amirgadh Dist. Banaskantha,24.3931,72.6235,CCS-II,30.0,30,1
IOCL,Govt.,Gujarat,Surat,Surat City,Ibp Dealer Gangadhara At Kareliaena Tundi Patia Dist:Surat,21.1352,73.0422,CCS-II,30.0,30,1
IOCL,Govt.,Gujarat,Banas Kantha,Banas Kantha,Ibp Dealerhighway Road Nr.Rto Check Post Tal-Palanpurbanaskantha,24.1929,72.437,LEV AC Charge point,3.3,3.3,1
IOCL,Govt.,Gujarat,Anand,Anand,Ibp Dealersnh No 8 Village Vasad Dist-Anand,22.4547,73.0714,LEV AC Charge point,3.3,3.3,1
IOCL,Govt.,Gujarat,Patan,Patan,Ibp Petrol Pump Khalichar Rasta Highway Post-Khalital-Sidhpur.,23.893709,72.368986,Type-II AC,7.4,7.4,1
IOCL,Govt.,Gujarat,Sabar Kantha,Sabar Kantha,Idar - Valasana Highway At&Po:Deshotar Dist.Sabarkantha Dist. Sabarkantha,23.805831,72.870594,LEV AC Charge point,3.3,3.3,1
IOCL,Govt.,Gujarat,Ahmedabad,Ahmedabad,Indian Oil Dealer  39 Km Ahmedabad-Bombay Nh8 Narol A'Bad Dist.Ahmedabad.Tel:3901,22.9632,72.5905,LEV AC Charge point,3.3,3.3,1
IOCL,Govt.,Gujarat,Jamnagar,Jamnagar,Indian Oil Dealer  Survey No. 657 Village : Changa Patia Taluka : Jamnagar,22.342275,70.026183,Type-II AC,7.4,7.4,1
IOCL,Govt.,Gujarat,Navsari,Navsari,"Indian Oil Dealer ""Rs. No. 51/1 P Vill:Jamalpore"" Navsari Gandevi Road",20.9322,72.9432,CCS-II,30.0,30,1
IOCL,Govt.,Gujarat,Ahmedabad,Ahmedabad,Indian Oil Dealer 152 Km Mandal Road Viramgam Dist.Ahmedabad. Tel:218,23.1268,72.0483,Type-II AC,7.4,7.4,1
IOCL,Govt.,Gujarat,Arvalli,Aravalli,Indian Oil Dealer At & Post : Ambiliyara Tal : Bayad Dist. Sk.,23.209,73.0396,LEV AC Charge point,3.3,3.3,1
IOCL,Govt.,Gujarat,Arvalli,Aravalli,Indian Oil Dealer At Po Ta Bhiloda Dist Sabarkantha Gujrat,23.7665,73.2466,LEV AC Charge point,3.3,3.3,1
IOCL,Govt.,Gujarat,Mahisagar,Mahisagar,Indian Oil Dealer At Umariya Tal: Khanpur Sh-5 Dist: Panchmahal Gujarat 383350,23.3057,73.5832,LEV AC Charge point,3.3,3.3,1
IOCL,Govt.,Gujarat,Sabar Kantha,Sabar Kantha,Indian Oil Dealer At Vadali T A Vadali Dist Sabarkantha Dist. Sabarkantha,23.9394,73.039,LEV AC Charge point,3.3,3.3,1
IOCL,Govt.,Gujarat,Tapi,Tapi,Indian Oil Dealer B No.925/2 C S No.1278/B/2 Vill: Valod Tal: Valod Tapi,21.04919,73.26815,LEV AC Charge point,3.3,3.3,1
IOCL,Govt.,Gujarat,Surat,Surat City,Indian Oil Dealer B/Survey No.96 Vill: Kumbhari Tal: Olpad Dist: Surat,21.35336,72.72829,Type-II AC,7.4,7.4,1
IOCL,Govt.,Gujarat,Surat,Surat City,Indian Oil Dealer Block No. 217 Paiki S No.113 Vill: Bamania Tal: Mahuva,20.9511,73.1829,CCS-II,30.0,30,1
IOCL,Govt.,Gujarat,Panch Mahals,Panch Mahal,Indian Oil Dealer Block No.1213 Vill: Derol Gam Tal: Kalol Dist: Panchmahal,22.628166,73.453519,LEV AC Charge point,3.3,3.3,1
IOCL,Govt.,Gujarat,Surat,Surat City,Indian Oil Dealer Block No.142 A Vill: Vav Tal: Kamrej Dist: Surat,21.226614,72.9691,Type-II AC,7.4,7.4,1
IOCL,Govt.,Gujarat,Surat,Surat City,Indian Oil Dealer Block No.152 Vill: Dhamdod Nh-48 Tal: Mangrol Surat,21.516211,73.004504,Type-II AC,7.4,7.4,1
IOCL,Govt.,Gujarat,Vadodara,Vadodara,Indian Oil Dealer Block No.405 Vill: Pingalwada Tal: Karjan Dist: Vadodara,22.103063,73.092267,Type-II AC,7.4,7.4,1
IOCL,Govt.,Gujarat,Tapi,Tapi,Indian Oil Dealer Block No.444 Paiki-1 Vill: Vyara Dist: Tapi,21.1237,73.3935,CCS-II,30.0,30,1
IOCL,Govt.,Gujarat,Surat,Surat City,Indian Oil Dealer Block No.485 F P No.07 Pal Dist: Surat Surat City,21.1889,72.7724,Type-II AC,7.4,7.4,1
IOCL,Govt.,Gujarat,Navsari,Navsari,Indian Oil Dealer Block/Survey No.1669 Vill: Khergam Tal: Khergam,20.638403,73.094737,Type-II AC,7.4,7.4,1
IOCL,Govt.,Gujarat,Valsad,Valsad,Indian Oil Dealer Block/Survey No.582 Vill:Tumb Tal: Umbergaon Dist: Valsad,20.219976,72.838698,Type-II AC,7.4,7.4,1
IOCL,Govt.,Gujarat,Bharuch,Bharuch,Indian Oil Dealer Block/Suvey No.5 Vill: Bharan Tal: Ankleshwar Dist: Bharuch,21.506149,73.038571,LEV AC Charge point,3.3,3.3,1
IOCL,Govt.,Gujarat,Bharuch,Bharuch,Indian Oil Dealer City Survey No 2691 Ankleshwar,21.6341,72.9917,LEV AC Charge point,3.3,3.3,1
IOCL,Govt.,Gujarat,Ahmedabad,Ahmedabad,Indian Oil Dealer Dhandhuka Dist.Ahmedabad. 245 Km,22.3947,71.9813,Type-II AC,7.4,7.4,1
IOCL,Govt.,Gujarat,Panch Mahals,Panch Mahal,Indian Oil Dealer Kantu Taluka- Ghoghamba District- Panchmahal Gujarat,22.622437,73.79478,LEV AC Charge point,3.3,3.3,1
IOCL,Govt.,Gujarat,Sabar Kantha,Sabar Kantha,Indian Oil Dealer Khedbrahma Ta Khedbramha Dist Sabarkantha,24.027,73.0465,LEV AC Charge point,3.3,3.3,1
IOCL,Govt.,Gujarat,Surendranagar,Surendranagar,Indian Oil Dealer Lakhtar Dist. Surendranagar Lakhtar,22.8576,71.7942,LEV AC Charge point,3.3,3.3,1
IOCL,Govt.,Gujarat,Ahmedabad,Ahmedabad,Indian Oil Dealer Nh8 Opp.Transport Nagar Nh 8 Narol Ahmedabaddist.Ahmedabad.382405,22.970431,72.589066,Type-II AC,7.4,7.4,1
IOCL,Govt.,Gujarat,Ahmedabad,Ahmedabad,Indian Oil Dealer Nr.Polytecn Ambawadi Ahmedabad  3 Dist.Ahmedabad,23.024,72.549,CCS-II,60.0,60,1
IOCL,Govt.,Gujarat,Ahmedabad,Ahmedabad,Indian Oil Dealer Nr.Sardar P Stadium Xavier'S School Road Ahmedabaddist.Ahmedabad,23.0445,72.561,CCS-II,60.0,60,1
IOCL,Govt.,Gujarat,Ahmedabad,Ahmedabad,Indian Oil Dealer Opp.Jain Merchant Soc. Paldi Ahmedabad Dist.Ahmedabad.,23.0085,72.5603,CCS-II,60.0,60,1
IOCL,Govt.,Gujarat,Vadodara,Vadodara,Indian Oil Dealer R B No.5 Vill: Kanthariya Tal: Karjan Dist: Vadodara,21.952833,73.192699,Type-II AC,7.4,7.4,1
IOCL,Govt.,Gujarat,Surat,Surat City,Indian Oil Dealer R Block No.85/B Rs No.92&93P Vill: Kharbhasi Tal: Palsana,21.1458,72.949,LEV AC Charge point,3.3,3.3,1
IOCL,Govt.,Gujarat,Mahisagar,Mahisagar,Indian Oil Dealer R S / Block No.9 P-2. Vill: Charngam Tal: Lunawada,23.05922,73.447147,Type-II AC,7.4,7.4,1
IOCL,Govt.,Gujarat,Surat,Surat City,Indian Oil Dealer R S /Block No. 140/Paiki 1 Vill: B Taluka − Olpad District − Surat,21.417461,72.882238,Type-II AC,7.4,7.4,1
IOCL,Govt.,Gujarat,Valsad,Valsad,Indian Oil Dealer R S No. 1331/Paiki 1 Vill- Dungri Taluka- Valsad District-Valsad,20.676949,72.974072,LEV AC Charge point,3.3,3.3,1
IOCL,Govt.,Gujarat,Vadodara,Vadodara,Indian Oil Dealer R S No. 301/1/1&302/1 Vill: Gothda Tal: Savli,22.542782,73.226891,LEV AC Charge point,3.3,3.3,1
IOCL,Govt.,Gujarat,Valsad,Valsad,Indian Oil Dealer R S No.1098 Vill: Bilpudi Tal: Dharampur Dist: Valsad,20.5278,73.1999,LEV AC Charge point,3.3,3.3,1
IOCL,Govt.,Gujarat,Surat,Surat City,Indian Oil Dealer R S No.149/A Vill: Kanav Tal: Palsana Dist: Surat,21.093176,73.017891,Type-II AC,7.4,7.4,1
IOCL,Govt.,Gujarat,Vadodara,Vadodara,Indian Oil Dealer R S No.178 Vill: Dhaniyavi Tal: Vadodara Dist: Vadodara,22.201517,73.238026,LEV AC Charge point,3.3,3.3,1
IOCL,Govt.,Gujarat,Panch Mahals,Panch Mahal,Indian Oil Dealer R S No.41P2 Vill: Vanakpur Tal: Godhra Dist: Panchmahal,22.73694,73.59496,Type-II AC,7.4,7.4,1
IOCL,Govt.,Gujarat,Dahod,Dahod,Indian Oil Dealer R S No.6/2 P Vill: Doki Nh-113 Dist: Dahod,22.9061,74.2215,Type-II AC,7.4,7.4,1
IOCL,Govt.,Gujarat,Vadodara,Vadodara,Indian Oil Dealer R S No.61/2 Vill:Bhadarva Tal: Savli Dist: Vadodara,22.515461,73.131607,Type-II AC,7.4,7.4,1
IOCL,Govt.,Gujarat,Mahisagar,Mahisagar,Indian Oil Dealer R S No.666768 Vill:Limbodra Tal: Lunawada Dist: Mahisagar,23.19569,73.601323,Type-II AC,7.4,7.4,1
IOCL,Govt.,Gujarat,Vadodara,Vadodara,Indian Oil Dealer R S No.769/B/P.1 Vill Kotambi Tal: Waghodia,22.4157,73.3089,Type-II AC,7.4,7.4,1
IOCL,Govt.,Gujarat,Valsad,Valsad,Indian Oil Dealer R S No.824 Vill: Chiri Tal: Vapi Dist: Valsad,20.385181,72.911453,LEV AC Charge point,3.3,3.3,1
IOCL,Govt.,Gujarat,Valsad,Valsad,Indian Oil Dealer R S No.853/2 Vill: Nargol Tal: Umargam Dsit: Valsad,20.244857,72.757904,Type-II AC,7.4,7.4,1
IOCL,Govt.,Gujarat,Valsad,Valsad,Indian Oil Dealer R S No.899 Vill: Phaldhara Tal: Valsad Dist: Valsad,20.5142,73.1028,Type-II AC,7.4,7.4,1
IOCL,Govt.,Gujarat,Dahod,Dahod,Indian Oil Dealer R S No.954/1 Vill: Jhalod Tal: Jhalod Dist: Dahod,23.087836,74.15282,CCS-II,30.0,30,1
IOCL,Govt.,Gujarat,Surat,Surat City,Indian Oil Dealer R S/Block No. 62/A 123& 124 Vill: Rupan Tal: Mandvisurat,21.274524,73.315711,Type-II AC,7.4,7.4,1
IOCL,Govt.,Gujarat,Narmada,Narmada,Indian Oil Dealer R.S No.178 Vill: Utavali Tal: Tilakwada Dist: Narmada,22.010133,73.546773,Type-II AC,7.4,7.4,1
IOCL,Govt.,Gujarat,Vadodara,Vadodara,Indian Oil Dealer R.S No.919 Vill: Anandi Tal: Sinor Dist: Vadodara,22.018664,73.372536,Type-II AC,7.4,7.4,1
IOCL,Govt.,Gujarat,Vadodara,Vadodara,Indian Oil Dealer R.S/Block No. 14 Vill: Mangrol. Tal: Karjan Dist: Vadodara,22.01291,73.03972,LEV AC Charge point,3.3,3.3,1
IOCL,Govt.,Gujarat,Ahmedabad,Ahmedabad,Indian Oil Dealer Rakhial Road Ahmedabad Dist.Ahmedabad. Tel:367164,23.022032,72.618484,LEV AC Charge point,3.3,3.3,1
IOCL,Govt.,Gujarat,Valsad,Valsad,Indian Oil Dealer Revenue Block No. 1669 Bhagdwada Tal: Valsad,20.6146,72.9109,LEV AC Charge point,3.3,3.3,1
IOCL,Govt.,Gujarat,Bharuch,Bharuch,Indian Oil Dealer Revenue Survey No. 21/P&13/P Village: Kesrol Dist: Bharuch,21.7136,72.7909,CCS-II,30.0,30,1
IOCL,Govt.,Gujarat,Vadodara,Vadodara,Indian Oil Dealer Revenue Survey No. 50 Paiki-3 Vill: Ranoli Tal: Vadodara,22.393727,73.132181,Type-II AC,7.4,7.4,1
IOCL,Govt.,Gujarat,Bharuch,Bharuch,Indian Oil Dealer Revenue Survey/Block No : 1837 Vill: Achhod Tal: Amodbhruch,21.970176,72.840721,LEV AC Charge point,3.3,3.3,1
IOCL,Govt.,Gujarat,Surat,Surat City,Indian Oil Dealer Revenue Survey/Block No:22 Vill: Karanj Tal: Mandvi,21.3729,72.98701,LEV AC Charge point,3.3,3.3,1
IOCL,Govt.,Gujarat,Tapi,Tapi,Indian Oil Dealer Revenue/Survey No.345 Vill: Maypur Taluka − Vyara,21.0994,73.3244,Type-II AC,7.4,7.4,1
IOCL,Govt.,Gujarat,Navsari,Navsari,Indian Oil Dealer Rs Block No.1395 Vill:Gandeva Tal: Chikhli Dist: Nvsari,20.86344,73.08838,Type-II AC,7.4,7.4,1
IOCL,Govt.,Gujarat,Surat,Surat City,Indian Oil Dealer Rs No. 123 Bagumara Tal Palsana Nh - 6 Dist.: Surat,21.1518,73.0123,CCS-II,30.0,30,1
IOCL,Govt.,Gujarat,Surat,Surat City,Indian Oil Dealer Rs No.193/2 Block No.447 Vill: Bhatha Tal: Choryasi,21.1916,72.75257,Type-II AC,7.4,7.4,1
IOCL,Govt.,Gujarat,Bharuch,Bharuch,Indian Oil Dealer S.B No.447 Vill: Samlod Tal: Bharuch Dist: Bharuch,21.822988,73.091092,LEV AC Charge point,3.3,3.3,1
IOCL,Govt.,Gujarat,Surat,Surat City,Indian Oil Dealer S/B No. 450 (New) 238/2/Paiki 1(Ol Vil:Hansaporetal:Jalalporedit: Na,20.907787,72.932949,LEV AC Charge point,3.3,3.3,1
IOCL,Govt.,Gujarat,Tapi,Tapi,Indian Oil Dealer S/B No.19 Vill: Jamki Tal: Uchhal Dist: Tapi,21.167535,73.682398,LEV AC Charge point,3.3,3.3,1
IOCL,Govt.,Gujarat,Surat,Surat City,Indian Oil Dealer S/B No.341/Pvill: Deladva Tal: Choryasi Dist: Surat,21.139488,72.891441,LEV AC Charge point,3.3,3.3,1
IOCL,Govt.,Gujarat,Mahisagar,Mahisagar,Indian Oil Dealer S/B No.363/P-1 Vill:Limbadiya Tal: Khanpur Dist:Mahisagar,23.237224,73.56976,Type-II AC,7.4,7.4,1
IOCL,Govt.,Gujarat,Panch Mahals,Panch Mahal,Indian Oil Dealer S/B No.424/P-4 Vill: Gollav Tal: Godhra Dist: Panchmahal,22.738055,73.786331,LEV AC Charge point,3.3,3.3,1
IOCL,Govt.,Gujarat,Narmada,Narmada,Indian Oil Dealer S/B No.603 Vill: Amletha Tal: Nandod Dist: Narmada,21.842241,73.430303,LEV AC Charge point,3.3,3.3,1
IOCL,Govt.,Gujarat,Navsari,Navsari,Indian Oil Dealer S/B No.737/002 Vill: Limzar Tal: Vansda Dist: Navsari,20.73634,73.31034,Type-II AC,7.4,7.4,1
IOCL,Govt.,Gujarat,Tapi,Tapi,Indian Oil Dealer S/Bl. No.30/B/1 Vill: Gunasda Tal: Songadh Dist: Tapi,21.187853,73.569767,Type-II AC,7.4,7.4,1
IOCL,Govt.,Gujarat,Dahod,Dahod,Indian Oil Dealer S/Block No.215/Paiki 1 Vill: Fathe District : Dahod Pin-389172,23.256763,74.049686,LEV AC Charge point,3.3,3.3,1
IOCL,Govt.,Gujarat,Mahisagar,Mahisagar,Indian Oil Dealer S/Block No.413/Paiki2/Paiki2 Vill: Limbadiyatal:Khanpur,23.224876,73.590105,LEV AC Charge point,3.3,3.3,1
IOCL,Govt.,Gujarat,Surat,Surat City,Indian Oil Dealer S/Block No.57+58/13Tp No. 34 Vill: Magob Tal: Puna,21.200098,72.859717,Type-II AC,7.4,7.4,1
IOCL,Govt.,Gujarat,Dahod,Dahod,Indian Oil Dealer S/Block No.64/P-1/P-1 Vill: Limdi Tal: Jhalod Dist: Dahod,22.991277,74.14724,LEV AC Charge point,3.3,3.3,1
IOCL,Govt.,Gujarat,Surendranagar,Surendranagar,Indian Oil Dealer Sanghvi Park Taaramani Township,21.60352,71.503652,LEV AC Charge point,3.3,3.3,1
IOCL,Govt.,Gujarat,Dahod,Dahod,Indian Oil Dealer Sruvey No. 25 Vill: Karodiya Tal: Fatehpura Dist: Dahod,23.260742,74.031088,Type-II AC,7.4,7.4,1
IOCL,Govt.,Gujarat,Bharuch,Bharuch,Indian Oil Dealer Sur./Block No.379 Vill: Hinglot Tal:& Dist: Bharuch,21.699524,72.906944,LEV AC Charge point,3.3,3.3,1
IOCL,Govt.,Gujarat,Valsad,Valsad,Indian Oil Dealer Survey No. 1032 Vill: Bhadeli Jagalala Tal: Valsad Valsad,20.657183,72.914628,LEV AC Charge point,3.3,3.3,1
IOCL,Govt.,Gujarat,Panch Mahals,Panch Mahal,Indian Oil Dealer Survey No. 113/1 Paiki2+ 112 P Vill:Popatpuratal: Godhra,22.722096,73.582841,LEV AC Charge point,3.3,3.3,1
IOCL,Govt.,Gujarat,Tapi,Tapi,Indian Oil Dealer Survey No. 265 Vill: Titva Tal: Valod Nh-53 Dist: Tapi,21.096118,73.254274,LEV AC Charge point,3.3,3.3,1
IOCL,Govt.,Gujarat,Banas Kantha,Banas Kantha,Indian Oil Dealer Survey No. 376/A Vil. Jalotra Tal. Vadgam Dist. Banaskantha,24.1416,72.5804,LEV AC Charge point,3.3,3.3,1
IOCL,Govt.,Gujarat,Panch Mahals,Panch Mahal,Indian Oil Dealer Survey No. 38/1 Paiki 28 Vill: Godhra Tal: Godhra,22.796984,73.617004,Type-II AC,7.4,7.4,1
IOCL,Govt.,Gujarat,Valsad,Valsad,Indian Oil Dealer Survey No. 45/1 Paikee Vill: Nandigam Tal: Umbergaon,20.2366,72.8841,CCS-II,30.0,30,1
IOCL,Govt.,Gujarat,Tapi,Tapi,Indian Oil Dealer Survey No.1054 Vill: Kalkava Tal: Dolvan Dist: Tapi,20.9616,73.25901,LEV AC Charge point,3.3,3.3,1
IOCL,Govt.,Gujarat,Tapi,Tapi,Indian Oil Dealer Survey No.13 Vill: Chapawadi Songadh Dist: Tapi,21.14872,73.56751,Type-II AC,7.4,7.4,1
IOCL,Govt.,Gujarat,Panch Mahals,Panch Mahal,Indian Oil Dealer Survey No.130/P-1 Vill:Mirap Tal: Godhra Dist: Panchmahal,22.7697,73.820143,Type-II AC,7.4,7.4,1
IOCL,Govt.,Gujarat,Bharuch,Bharuch,Indian Oil Dealer Survey No.132 At: Avadhar Tal: Ankleshwar Dist: Bharuch,21.62494,73.12041,LEV AC Charge point,3.3,3.3,1
IOCL,Govt.,Gujarat,Panch Mahals,Panch Mahal,Indian Oil Dealer Survey No.141P-1Vill:Chariya Tal: Godhra Dist: Panchmahal,22.751482,73.696175,Type-II AC,7.4,7.4,1
IOCL,Govt.,Gujarat,Dahod,Dahod,Indian Oil Dealer Survey No.157 Dhanar Patiya Dhanpur Dist: Dahod,22.638729,74.215521,Type-II AC,7.4,7.4,1
IOCL,Govt.,Gujarat,Vadodara,Vadodara,Indian Oil Dealer Survey No.1587Vill:Goraj Tal: Waghodia Dist: Vadodara,22.3341,73.4875,Type-II AC,7.4,7.4,1
IOCL,Govt.,Gujarat,Vadodara,Vadodara,Indian Oil Dealer Survey No.165/P Vill: Vadadla Tal: Savli Dist: Vadodara,22.46339,73.31975,Type-II AC,7.4,7.4,1
IOCL,Govt.,Gujarat,Panch Mahals,Panch Mahal,Indian Oil Dealer Survey No.185 P-1Vill: Halol Tal: Halol Dist:Panchmahal,22.503041,73.459421,Type-II AC,7.4,7.4,1
IOCL,Govt.,Gujarat,Bharuch,Bharuch,Indian Oil Dealer Survey No.208 Vill: Govali Dist: Bharuch,21.699799,73.099588,LEV AC Charge point,3.3,3.3,1
IOCL,Govt.,Gujarat,Surat,Surat City,Indian Oil Dealer Survey No.20Vill: Karala Tal: Palsana Dist: Surat,21.148618,72.950721,LEV AC Charge point,3.3,3.3,1
IOCL,Govt.,Gujarat,Panch Mahals,Panch Mahal,Indian Oil Dealer Survey No.214/P2Vill:Parawadi Tal: Godhra Dist: Panchmahal,22.784103,73.672943,Type-II AC,7.4,7.4,1
IOCL,Govt.,Gujarat,Chhotaudepur,Chhotaudepur,Indian Oil Dealer Survey No.330 Vill: Kalarani Tal: Jetpur Pavi Chhotaudepur,22.229994,73.8602,LEV AC Charge point,3.3,3.3,1
IOCL,Govt.,Gujarat,Navsari,Navsari,Indian Oil Dealer Survey No.332/P1 Vill: Devsar Tal: Gandevi Dist: Navsari,20.77646,72.9741,Type-II AC,7.4,7.4,1
IOCL,Govt.,Gujarat,Jamnagar,Jamnagar,Indian Oil Dealer Survey No.41/P1 Kalawad-Jamnagar Rddistt.Jamnagar,22.2483,70.3452,LEV AC Charge point,3.3,3.3,1
IOCL,Govt.,Gujarat,Valsad,Valsad,Indian Oil Dealer Survey No.432 Vill:Bhambha Tal: Dharampur Dist: Valsad,20.58018,73.13639,Type-II AC,7.4,7.4,1
IOCL,Govt.,Gujarat,Vadodara,Vadodara,Indian Oil Dealer Survey No.487 Vill: Ranu Tal: Padra Dist: Vadodara,22.212272,73.028866,LEV AC Charge point,3.3,3.3,1
IOCL,Govt.,Gujarat,Vadodara,Vadodara,Indian Oil Dealer Survey No.487 Vill: Ranu Tal: Padra Dist: Vadodara,22.212272,73.028866,Type-II AC,7.4,7.4,1
IOCL,Govt.,Gujarat,Surat,Surat City,Indian Oil Dealer Survey No.5789 Vill: Tarsadi Tal: Mangrol Dist: Surat,21.458452,72.939895,Type-II AC,7.4,7.4,1
IOCL,Govt.,Gujarat,Narmada,Narmada,Indian Oil Dealer Survey No.57Vill: Chikali Tal: Sagbara Dist: Narmada,21.535391,73.820471,LEV AC Charge point,3.3,3.3,1
IOCL,Govt.,Gujarat,Surat,Surat City,Indian Oil Dealer Survey No.65&66 Block No.52 Vill: Dhoranpardi Tal: Kamrej,21.323376,72.966522,LEV AC Charge point,3.3,3.3,1
IOCL,Govt.,Gujarat,Bharuch,Bharuch,Indian Oil Dealer Survey No.70 (Old S No.175/A Vill: Dadheda Tal: Jhagadia,21.64097,73.11796,LEV AC Charge point,3.3,3.3,1
IOCL,Govt.,Gujarat,Vadodara,Vadodara,Indian Oil Dealer Survey No.710/B Vill: Kanzat Tal: Padra Dist: Vadodara,22.107466,72.886713,LEV AC Charge point,3.3,3.3,1
IOCL,Govt.,Gujarat,Vadodara,Vadodara,Indian Oil Dealer Survey No.710/B Vill: Kanzat Tal: Padra Dist: Vadodara,22.107466,72.886713,Type-II AC,7.4,7.4,1
IOCL,Govt.,Gujarat,Surat,Surat City,Indian Oil Dealer Survey No.978-979B. No 926 Variav- Surat City,21.270757,21.270757,LEV AC Charge point,3.3,3.3,1
IOCL,Govt.,Gujarat,Panch Mahals,Panch Mahal,Indian Oil Dealer Survey. No.44/16 P-41 Vill: Vavdi(Buzarg)Tal:Godhra,22.76817,73.63887,Type-II AC,7.4,7.4,1
IOCL,Govt.,Gujarat,Panch Mahals,Panch Mahal,Indian Oil Dealer Survey/Block No. 325 Paiki 8 Vill: Samapa Tal: Godhra,22.85031,73.685546,Type-II AC,7.4,7.4,1
IOCL,Govt.,Gujarat,Surat,Surat City,Indian Oil Dealer Survey/Block No. 378/B Rs No.288/1 Vill: Gothantaluka-Olpad Dist:Sur,21.285879,72.869938,LEV AC Charge point,3.3,3.3,1
IOCL,Govt.,Gujarat,Vadodara,Vadodara,Indian Oil Dealer Survey/Block No.1027 Vill: Kandari Tal: Karjan Dist: Vadodara,22.07431,73.148544,LEV AC Charge point,3.3,3.3,1
IOCL,Govt.,Gujarat,Panch Mahals,Panch Mahal,Indian Oil Dealer Survey/Block No.110Tal:Godhra Vill: Karsanadist: Panchmahal,22.85854,73.537521,Type-II AC,7.4,7.4,1
IOCL,Govt.,Gujarat,Dahod,Dahod,Indian Oil Dealer Survey/Block No.16/K/P1/P2 Vill: Singwad Tal: Singwad,22.959176,73.960097,LEV AC Charge point,3.3,3.3,1
IOCL,Govt.,Gujarat,Bharuch,Bharuch,Indian Oil Dealer Survey/Block No.17&18 Vill: Nahier Tal: Amod,21.9942,72.8693,LEV AC Charge point,3.3,3.3,1
IOCL,Govt.,Gujarat,Bharuch,Bharuch,Indian Oil Dealer Survey/Block No.17&18 Vill: Nahier Tal: Amod,21.9942,72.8693,Type-II AC,7.4,7.4,1
IOCL,Govt.,Gujarat,Mahisagar,Mahisagar,Indian Oil Dealer Survey/Block No.2-1-1 P Vill: Felsani Tal: Balasinor,23.017257,73.323505,LEV AC Charge point,3.3,3.3,1
IOCL,Govt.,Gujarat,Surat,Surat City,Indian Oil Dealer Survey/Block No.385 Vill: Kosmada Tal: Kamrej,21.21346,72.92329,Type-II AC,7.4,7.4,1
IOCL,Govt.,Gujarat,Valsad,Valsad,Indian Oil Dealer Survey/Block No.459/1 Vill: Moti Dholdungri,20.576749,73.194221,Type-II AC,7.4,7.4,1
IOCL,Govt.,Gujarat,Bharuch,Bharuch,Indian Oil Dealer Survey/Block No.50P/2 Vill: Rahadp Tal: Bharuch Dist: Bharuch,21.736524,72.995962,LEV AC Charge point,3.3,3.3,1
IOCL,Govt.,Gujarat,Bharuch,Bharuch,Indian Oil Dealer Survey/Block No.589 Vill: Jambusar Tal: Jambusar,22.054877,72.777879,LEV AC Charge point,3.3,3.3,1
IOCL,Govt.,Gujarat,Navsari,Navsari,Indian Oil Dealer Survey/Block No.812/1 Vill: Bhinar Tal:Chikhli,20.800025,73.337911,Type-II AC,7.4,7.4,1
IOCL,Govt.,Gujarat,Surat,Surat City,Indian Oil Dealer Surveyno44/1/2Block No.70/1/2 Vill: Mahuva Tal: Mahuva,21.02288,73.13371,LEV AC Charge point,3.3,3.3,1
IOCL,Govt.,Gujarat,Vadodara,Vadodara,Indian Oil Dealer Tp No.4/Fp No.5 Ajwa Road Baroda Vadodara City,22.3025,73.2266,CCS-II,30.0,30,1
IOCL,Govt.,Gujarat,Ahmedabad,Ahmedabad,Indian Oil Dealer Usmanpura Ahmedabad.,23.048155,72.570787,CCS-II,60.0,60,1
IOCL,Govt.,Gujarat,Mahesana,Mehsana,Indian Oil Dealer Vijapur Dist.Mehsana. 130 Km,23.553772,72.73924,Type-II AC,7.4,7.4,1
IOCL,Govt.,Gujarat,Vadodara,Vadodara,Indian Oil Dealer Vill: Dabhasha Tal: Padra Dist: Vadodara,22.240452,73.026786,LEV AC Charge point,3.3,3.3,1
IOCL,Govt.,Gujarat,Vadodara,Vadodara,Indian Oil Dealer Vill: Dabhasha Tal: Padra Dist: Vadodara,22.240452,73.026786,Type-II AC,7.4,7.4,1
IOCL,Govt.,Gujarat,Navsari,Navsari,Indian Oil Dealer Vill: Khaparia Sur/Block No.44848 Tal: Gandevi Dist: Navsari,20.860329,73.056638,Type-II AC,7.4,7.4,1
IOCL,Govt.,Gujarat,Navsari,Navsari,Indian Oil Dealer Vill: Mindhabari Tal: Vansda Dist: Navsari,20.739408,73.335222,LEV AC Charge point,3.3,3.3,1
IOCL,Govt.,Gujarat,Amreli,Amreli,Indian Oil Dealer Village Ingorala Taluka Khambadistt.Amreli,21.2277,71.2022,LEV AC Charge point,3.3,3.3,1
IOCL,Govt.,Gujarat,Kachchh,Kutch,Indian Oil Dealer Village Palasav Taluka Rapar,23.479692,70.92886,LEV AC Charge point,3.3,3.3,1
IOCL,Govt.,Gujarat,Kachchh,Kutch,Indian Oil Dealer Village Samaghoga Taluka Mundra,22.8576,69.6868,LEV AC Charge point,3.3,3.3,1
IOCL,Govt.,Gujarat,Porbandar,Porbander,Indian Oil Dealer Village: Madhavpur Taluka: Porbandar,21.256312,69.98235,LEV AC Charge point,3.3,3.3,1
IOCL,Govt.,Gujarat,Junagadh,Junagadh,Indian Oil Dealer Village: Shil Taluka: Mangrol,21.181131,70.053347,LEV AC Charge point,3.3,3.3,1
IOCL,Govt.,Gujarat,Rajkot,Rajkot,Indian Oil Dealer Village: Srinathgadh Taluka: Gondal,21.861434,70.912509,LEV AC Charge point,3.3,3.3,1
IOCL,Govt.,Gujarat,Jamnagar,Jamnagar,Indian Oil Dealer Village: Vankiya Taluka: Dhrol,22.554765,70.384929,LEV AC Charge point,3.3,3.3,1
IOCL,Govt.,Gujarat,Devbhumi Dwarka,Devbhumi Dwarka,Indian Oil Dealer Village-Gadka Taluka-Kalyanpur Dist-Devbhumi Dwarka,22.106884,69.416519,LEV AC Charge point,3.3,3.3,1
IOCL,Govt.,Gujarat,Junagadh,Junagadh,Indian Oil Dealer Village-Ranpur Taluka-Bhesan Dist-Junagadh,21.573537,70.663483,LEV AC Charge point,3.3,3.3,1
IOCL,Govt.,Gujarat,Bhavnagar,Bhavnagar,Indian Oil Dealer Village-Talaja Ta-Talaja Dist-Bhavnagar State-Gujarat,21.343737,72.038834,LEV AC Charge point,3.3,3.3,1
IOCL,Govt.,Gujarat,Rajkot,Rajkot,Indian Oil Dealer Vill-Modhuka Ta-Vinchiya Dist-Rajkot,22.104155,71.417809,LEV AC Charge point,3.3,3.3,1
IOCL,Govt.,Gujarat,Vadodara,Vadodara,"Indian Oil Dealer Vip Road Vadodara City ""Vadodara City""",22.3175,73.2285,LEV AC Charge point,3.3,3.3,1
IOCL,Govt.,Gujarat,Sabar Kantha,Sabar Kantha,Indian Oil Dealerambavadi Mahavirnagar At Po Tal Himatnagar Dist Sabarkantha Gujrat,23.5976,72.9679,LEV AC Charge point,3.3,3.3,1
IOCL,Govt.,Gujarat,Banas Kantha,Banas Kantha,Indian Oil Dealers Dantiwada-Panthwada Road At. Dantiwadadist.Banaskantha,24.343549,72.326889,LEV AC Charge point,3.3,3.3,1
IOCL,Govt.,Gujarat,Banas Kantha,Banas Kantha,Indian Oil Dealers Dhanera Banaskantha,24.5007,72.0317,Type-II AC,7.4,7.4,1
IOCL,Govt.,Gujarat,Surendranagar,Surendranagar,Indian Oil Dealers Survey No. 1176 Village-Ravaliyavad Taluka-Dhranga Dist-Surendranagar,22.828691,71.381155,LEV AC Charge point,3.3,3.3,1
IOCL,Govt.,Gujarat,Surendranagar,Surendranagar,Indian Oil Dealr  Survey No. 173Village Naviyani Taluka Dasada,23.486216,71.986645,LEV AC Charge point,3.3,3.3,1
IOCL,Govt.,Gujarat,Banas Kantha,Banas Kantha,Indian Oil Petrol Pump Iqbalgarh Taluk Amirgadh Dist-Banaskanta,24.3442,72.5461,CCS-II,30.0,30,1
IOCL,Govt.,Gujarat,Jamnagar,Jamnagar,Indian Oil Petrol Pump Survey No. 23 Village Shishang,22.2154,70.4695,LEV AC Charge point,3.3,3.3,1
IOCL,Govt.,Gujarat,Mahisagar,Mahisagar,Indianoil Dealer R.S.No. 38/1 Vill: Khantana Bhesav Taluka: Lunawada Dist: Mahisagar,23.151057,73.55801,LEV AC Charge point,3.3,3.3,1
IOCL,Govt.,Gujarat,Navsari,Navsari,Indianoil Dealer Survey / Block No.7672 Vill: Gada Tal: Gandevi Dist: Navsari,20.852636,72.9895,LEV AC Charge point,3.3,3.3,1
IOCL,Govt.,Gujarat,Surat,Surat City,Indianoil Dealer Survey No. 198/B Vill: Dinod Tal: Mangrol Dist: Surat,21.512376,73.056175,LEV AC Charge point,3.3,3.3,1
IOCL,Govt.,Gujarat,Surendranagar,Surendranagar,Indianoil Dealer Village-Kankavati Taluka-Dhrangadhra,23.067013,71.359918,LEV AC Charge point,3.3,3.3,1
IOCL,Govt.,Gujarat,Amreli,Amreli,Indianoil Dealer Vill-Chital Ta-Amreli Dist-Amreli,21.731998,71.20787,LEV AC Charge point,3.3,3.3,1
IOCL,Govt.,Gujarat,Ahmedabad,Ahmedabad,Ioc Dealer   C.G. Road Near Panchwati Ahmedabad-380006.,23.0258,72.5568,CCS-II,60.0,60,1
IOCL,Govt.,Gujarat,Surat,Surat City,Ioc Dealer Amboli Surat.,21.3018,72.9535,CCS-II,30.0,30,1
IOCL,Govt.,Gujarat,Panch Mahals,Panch Mahal,Ioc Dealer Baska Taluka Halol District: Panchmahals,22.4635,73.442,CCS-II,30.0,30,1
IOCL,Govt.,Gujarat,Valsad,Valsad,Ioc Dealer Dist Valsadgujarat. 1100512013,20.6048,72.93,LEV AC Charge point,3.3,3.3,1
IOCL,Govt.,Gujarat,Valsad,Valsad,Ioc Dealers Dharampur Dist. Bulsar,20.5373,73.1699,Type-II AC,7.4,7.4,1
IOCL,Govt.,Gujarat,Valsad,Valsad,Ioc Dealers Dungri Dungri,20.6822,72.9608,Type-II AC,7.4,7.4,1
IOCL,Govt.,Gujarat,Bharuch,Bharuch,Ioc Dealers Jhagadia Bharuch,21.6998,73.1291,CCS-II,30.0,30,1
IOCL,Govt.,Gujarat,Rajkot,Rajkot,Iocl Dealer Bhavnagar Road Rajkot Indian Oil De Chunarawad Chowk Rajkot,22.294422,70.820417,CCS-II,60.0,60,1
IOCL,Govt.,Gujarat,Jamnagar,Jamnagar,Iocl Dealer Jamnagar-Lalpur Road Sh-27 Taluka-Lalpur Dist-Jamnagar,22.200416,69.966844,LEV AC Charge point,3.3,3.3,1
IOCL,Govt.,Gujarat,Kachchh,Kutch,Iocl Dealer Survey No.172 & 182/1 Sh-42  Near Sapeda Village Tal: Anjar Distt: Kutch,23.1461,69.9804,CCS-II,60.0,60,1
IOCL,Govt.,Gujarat,Porbandar,Porbander,Iocl Dealer Survey No.520 Nh-8B Ranakandorna Porbandar,21.6497,69.8776,LEV AC Charge point,3.3,3.3,1
IOCL,Govt.,Gujarat,Surendranagar,Surendranagar,Iocl Dealer Village-Bavali Taluka-Dhrangadhra Dist-Surendranagar,22.909885,71.426226,LEV AC Charge point,3.3,3.3,1
IOCL,Govt.,Gujarat,Porbandar,Porbander,Iocl Dealer Village-Bhalpara Taluka-Patan Vera Dist-Gir Somnath,20.912136,70.396568,LEV AC Charge point,3.3,3.3,1
IOCL,Govt.,Gujarat,Rajkot,Rajkot,Iocl Dealer Village-Jasdan Taluka-Jasdan Dist-Rajkot,22.053576,71.21494,LEV AC Charge point,3.3,3.3,1
IOCL,Govt.,Gujarat,Morbi,Morbi,Iocl Dealer Village-Juna Nagdawas Taluka-Morbi Dist-Morbi,22.9937,70.8181,Type-II AC,7.4,7.4,1
IOCL,Govt.,Gujarat,Junagadh,Junagadh,Iocl Dealer Village-Menderda Ta-Menderda Dist-Junagadh,21.332131,70.461885,LEV AC Charge point,3.3,3.3,1
IOCL,Govt.,Gujarat,Amreli,Amreli,Iocl Dealer Village-Mota Zinzuda Taluka-Savark Dist-Amreli,21.326297,71.373063,LEV AC Charge point,3.3,3.3,1
IOCL,Govt.,Gujarat,Kachchh,Kutch,Iocl Dealer Village-Netra Taluka-Nakhatrana Dist-Kutch,21.123456,71.123456,LEV AC Charge point,3.3,3.3,1
IOCL,Govt.,Gujarat,Morbi,Morbi,Iocl Dealer Village-Tankara Taluka-Tankara Dist-Morbi,22.679484,70.755821,LEV AC Charge point,3.3,3.3,1
IOCL,Govt.,Gujarat,Bhavnagar,Bhavnagar,Iocl Dealer Village-Timana Taluka-Talaja Dist-Bhavnagar,21.427765,71.995817,LEV AC Charge point,3.3,3.3,1
IOCL,Govt.,Gujarat,Surendranagar,Surendranagar,Iocl Dealer Village-Tokrala Taluka-Limbdi Dist-Surendranagar,22.574051,71.963485,LEV AC Charge point,3.3,3.3,1
IOCL,Govt.,Gujarat,Rajkot,Rajkot,Iocl Dealer Vill-Bhadla Tal-Jasdan,22.187435,71.029422,LEV AC Charge point,3.3,3.3,1
IOCL,Govt.,Gujarat,Surendranagar,Surendranagar,Iocl Dealer Vill-Chachana Tal-Chuda,22.456009,71.898325,Type-II AC,7.4,7.4,1
IOCL,Govt.,Gujarat,Surendranagar,Surendranagar,Iocl Dealer Vill-Chuda Tal-Chuda,22.482153,71.679867,LEV AC Charge point,3.3,3.3,1
IOCL,Govt.,Gujarat,Surendranagar,Surendranagar,Iocl Dealer Vill-Fulgram Tal-Wadhwan,22.542095,71.53091,LEV AC Charge point,3.3,3.3,1
IOCL,Govt.,Gujarat,Bhavnagar,Bhavnagar,Iocl Dealer Vill-Gariyadhar Tal-Gariyadhar,21.545856,71.560544,LEV AC Charge point,3.3,3.3,1
IOCL,Govt.,Gujarat,Rajkot,Rajkot,Iocl Dealer Vill-Kotdasangani Tal-Kotdasangani,22.060949,70.875659,Type-II AC,7.4,7.4,1
IOCL,Govt.,Gujarat,Surendranagar,Surendranagar,Iocl Dealer Vill-Maghrikhada Tal-Chotila,22.46192,71.259793,Type-II AC,7.4,7.4,1
IOCL,Govt.,Gujarat,Morbi,Morbi,Iocl Dealer Vill-Mitana Tal-Tankara,22.54296,70.749109,LEV AC Charge point,3.3,3.3,1
IOCL,Govt.,Gujarat,Bhavnagar,Bhavnagar,Iocl Dealer Vill-Panchtobra Tal-Gariyadhar,21.588988,71.573836,LEV AC Charge point,3.3,3.3,1
IOCL,Govt.,Gujarat,Morbi,Morbi,Iocl Dealer Vill-Pipali Tal-Morbi,22.8654,70.8684,LEV AC Charge point,3.3,3.3,1
IOCL,Govt.,Gujarat,Kachchh,Kutch,Iocl Dealer Vill-Rapar Tal-Rapar,23.577885,70.630305,Type-II AC,7.4,7.4,1
IOCL,Govt.,Gujarat,Surendranagar,Surendranagar,Iocl Dealer Vill-Shekhpar Tal-Muli,22.705158,71.575503,Type-II AC,7.4,7.4,1
IOCL,Govt.,Gujarat,Kachchh,Kutch,Iocl Dealer Vill-Shinay Tal-Gandhidham,23.020538,70.051548,Type-II AC,7.4,7.4,1
IOCL,Govt.,Gujarat,Morbi,Morbi,Iocl Dealer Vill-Tankara Tal-Tankara,22.65784,70.74568,LEV AC Charge point,3.3,3.3,1
IOCL,Govt.,Gujarat,Rajkot,Rajkot,Iocl Dealer Vill-Upleta Tal-Upleta,21.767258,70.25937,Type-II AC,7.4,7.4,1
IOCL,Govt.,Gujarat,Ahmedabad,Ahmedabad,Jay Ashvinbhai Brahmbhatt Near Anjali Cross Roads Vasna Ahmedabad,23.004956,72.552922,CCS-II,60.0,60,1
IOCL,Govt.,Gujarat,Devbhumi Dwarka,Devbhumi Dwarka,Jeet Arajanbhai Keshariya Proprieto Porbandar Road At Bhadthar Dist Devbhumi Dwarka,22.0774,69.5712,LEV AC Charge point,3.3,3.3,1
IOCL,Govt.,Gujarat,Gir Somnath,Gir Somnath,Junagadh Road Veraval Indian Oil Dealer District Junagadh,20.9217,70.3568,LEV AC Charge point,3.3,3.3,1
IOCL,Govt.,Gujarat,Gandhinagar,Gandhi Nagar,Kadjodra Village - Kadjodra Taluka -  Dehga Dist. - Gandhinagar,23.187137,72.947181,LEV AC Charge point,3.3,3.3,1
IOCL,Govt.,Gujarat,Anand,Anand,Kanwada-Dugari Road At. Khada Tal. Tarapur Dist. Anand,22.552315,72.494264,LEV AC Charge point,3.3,3.3,1
IOCL,Govt.,Gujarat,Banas Kantha,Banas Kantha,Katarva Village - Katarva  Taluka - Lakhni Dist- Banas Kantha,24.285565,71.947726,LEV AC Charge point,3.3,3.3,1
IOCL,Govt.,Gujarat,Botad,Botad,Kisan Seva Kendra At:Khopala Via Dhola Junction Taluka: Gadhada (Swami),21.9158,71.6712,LEV AC Charge point,3.3,3.3,1
IOCL,Govt.,Gujarat,Kachchh,Kutch,Kothara Village Kothara Opp.Police Station Taluka Abdasakutch 370645,23.1319,68.9407,LEV AC Charge point,3.3,3.3,1
IOCL,Govt.,Gujarat,Rajkot,Rajkot,Kotharia Opp Tb Hospital Nh8B Indian Oil Dealer District Rajkot,22.2081,70.8014,CCS-II,60.0,60,1
IOCL,Govt.,Gujarat,Banas Kantha,Banas Kantha,Kumbharia Gam At. Ambaji Tal-Danta Dist. Banaskantha Dist. Banaskantha,24.3297,72.8679,LEV AC Charge point,3.3,3.3,1
IOCL,Govt.,Gujarat,Ahmedabad,Ahmedabad,M N Desai (Adhoc) At Aslali Survey No. 600/B Nh8 Aslali Ahmedabad,22.909365,72.595671,Type-II AC,7.4,7.4,1
IOCL,Govt.,Gujarat,Banas Kantha,Banas Kantha,Malgadh Deesa Dist. Banaskhanta,24.2577,72.1257,CCS-II,30.0,30,1
IOCL,Govt.,Gujarat,Ahmedabad,Ahmedabad,Moraiya Rajkot-Ahmedabad Nh8A Moraiya District Ahmedabad,22.9039,72.4235,LEV AC Charge point,3.3,3.3,1
IOCL,Govt.,Gujarat,Ahmedabad,Ahmedabad,Naroda Naroda Ahmedabad,23.0829,72.6567,CCS-II,30.0,30,1
IOCL,Govt.,Gujarat,Sabar Kantha,Sabar Kantha,National Highway No. 8 At. Dalpur Ta Prantij Dist. Sabarkantha,23.5179,72.9349,LEV AC Charge point,3.3,3.3,1
IOCL,Govt.,Gujarat,Anand,Anand,National Highway No.8 Village Adas. Dist.Anand.,22.4836,73.0475,CCS-II,30.0,30,1
IOCL,Govt.,Gujarat,Ahmedabad,Ahmedabad,Near Bopal Junction S. P. Ring Road Ambli Ahmedabad,23.0328,72.479,LEV AC Charge point,3.3,3.3,1
IOCL,Govt.,Gujarat,Kheda,Kheda,Near Chetarsumbha Nr. Ashirwad Hot Dakor-Kapadwanj Highway Dist. Kheda,22.862562,73.138902,LEV AC Charge point,3.3,3.3,1
IOCL,Govt.,Gujarat,Banas Kantha,Banas Kantha,Near Gathaman Patiya Ahmedabad Highway Palanpur Dist. Banaskantha,24.1585,72.4116,Type-II AC,7.4,7.4,1
IOCL,Govt.,Gujarat,Morbi,Morbi,Near Parishram Hotel Halvad - Maliya Road Halvad Dist Surendranagar,23.0032,71.1728,LEV AC Charge point,3.3,3.3,1
IOCL,Govt.,Gujarat,Mahesana,Mehsana,Near Ralway Crossing Thor Road Kadi Dist.Mehsana,23.2881,72.337,LEV AC Charge point,3.3,3.3,1
IOCL,Govt.,Gujarat,Morbi,Morbi,Nh 8 A Trajpar Morbi Indian Oil Dealer District Rajkot,22.818351,70.862976,CCS-II,60.0,60,1
IOCL,Govt.,Gujarat,Surendranagar,Surendranagar,Nh 8A Limbdi-Sayla Road Village: Madhad Tal: Wadhwan District Surendranagar,22.5401,71.5389,LEV AC Charge point,3.3,3.3,1
IOCL,Govt.,Gujarat,Sabar Kantha,Sabar Kantha,Nh-08  At Majra Ta Prantij Distt. Sabarkantha. Gujarat.,23.3664,72.8002,LEV AC Charge point,3.3,3.3,1
IOCL,Govt.,Gujarat,Bhavnagar,Bhavnagar,Nr Talaja Octroi Toll Naka Indian Oil Dealer Adhewada Bhavnagar,21.742238,72.150044,LEV AC Charge point,3.3,3.3,1
IOCL,Govt.,Gujarat,Anand,Anand,Nr. Akhand Anand Society Nesraya Chokdi Borasad- Bhadran Rdborsaddist.Anand,22.4047,72.9054,LEV AC Charge point,3.3,3.3,1
IOCL,Govt.,Gujarat,Ahmedabad,Ahmedabad,Nr. Hanon System Gujarat Opp. Coper Standard Auto. Pvt. Bol Indl.Estate Gidc2 Sanand,23.00011,72.280396,LEV AC Charge point,3.3,3.3,1
IOCL,Govt.,Gujarat,Ahmedabad,Ahmedabad,Nr. Kameshwar Temple Ankur Char Rasta Ahmedabad -,23.0575,72.5563,Type-II AC,7.4,7.4,1
IOCL,Govt.,Gujarat,Gandhinagar,Gandhi Nagar,Nr. Mkt Yard Ahmedabad-Modasa Rd. Tal: Dehgam Dist: Gandhinagar,23.2545,72.9034,Type-II AC,7.4,7.4,1
IOCL,Govt.,Gujarat,Patan,Patan,Nr.Fatipal Darwajaworld Heritage R At. Samalpatital. Patan Dist. Patan,23.856,72.1136,Type-II AC,7.4,7.4,1
IOCL,Govt.,Gujarat,Ahmedabad,Ahmedabad,Off Nh -8A Village : Bavla At Bavla Sanand-Bavla Sh Dist. Ahmedabad,22.8395,72.3663,Type-II AC,7.4,7.4,1
IOCL,Govt.,Gujarat,Ahmedabad,Ahmedabad,On Dholka-Kheda State Highway Village : Dholka Tal. Dholka Dist. Ahmedabad,22.718827,72.440002,LEV AC Charge point,3.3,3.3,1
IOCL,Govt.,Gujarat,Kheda,Kheda,On Narsanda Vadtal Road Village : Narsanda Tal. Nadiad Dist. Kheda,22.58939,72.877549,Type-II AC,7.4,7.4,1
IOCL,Govt.,Gujarat,Ahmedabad,Ahmedabad,Opp. Indane Bottling Plant Sanand-Viramgam Road Vadnagar Sanand Dist. A'Bad,23.0042,72.3509,CCS-II,60.0,60,1
IOCL,Govt.,Gujarat,Banas Kantha,Banas Kantha,Palanpur Highway Danta Dist:Banaskantha,24.1844,72.7575,Type-II AC,7.4,7.4,1
IOCL,Govt.,Gujarat,Ahmedabad,Ahmedabad,Paldi Ahmedabad Dist. Ahmedabad,23.0121,72.5621,CCS-II,60.0,60,1
IOCL,Govt.,Gujarat,Sabar Kantha,Sabar Kantha,Panpur To Ilol Road Near Main Cana State Highway Tal. H'Nagar Dist. Sabarkantha,23.641,72.9199,LEV AC Charge point,3.3,3.3,1
IOCL,Govt.,Gujarat,Anand,Anand,Petlad Cambay Road Opp.Mangalam Park Petlad-388450.,22.47,72.8049,LEV AC Charge point,3.3,3.3,1
IOCL,Govt.,Gujarat,Kachchh,Kutch,Plot No. 12 Ward -1B Rampath Road Adipur - 370 205 Distt Kutch,23.07164,70.069127,Type-II AC,7.4,7.4,1
IOCL,Govt.,Gujarat,Gandhinagar,Gandhi Nagar,Plot No. 1650 Sector 6 Gandhi Ngr Gandhinagar Dist. Gandhinagar,23.2095,72.6358,CCS-II,60.0,60,1
IOCL,Govt.,Gujarat,Kachchh,Kutch,Plot No.43 Ward No.1-B Village-Adipur Taluka-Kutch,23.071529,70.071509,Type-II AC,7.4,7.4,1
IOCL,Govt.,Gujarat,Gandhinagar,Gandhi Nagar,Por Village : Por  Taluka : Gandhi Nag Dist.: Gandhi Nagar,23.163649,72.592655,LEV AC Charge point,3.3,3.3,1
IOCL,Govt.,Gujarat,Ahmedabad,Ahmedabad,Post Changodar Tal-Sanand Ahmedabad,22.927764,72.445922,LEV AC Charge point,3.3,3.3,1
IOCL,Govt.,Gujarat,Ahmedabad,Ahmedabad,R.S.No 462 Bagodra Dhaduk Fedra State Highway No.1 Dhanduka District : Ahmedabad,22.4651,72.1591,Type-II AC,7.4,7.4,1
IOCL,Govt.,Gujarat,Ahmedabad,Ahmedabad,R.S.No248/Paiki Mouje Sari Ahmedabad-Rajkot Nh8 Tal:Sanand Ahmedabad,22.869694,72.393229,LEV AC Charge point,3.3,3.3,1
IOCL,Govt.,Gujarat,Banas Kantha,Banas Kantha,Rah-Jetada Road At. Madal Tal. Lakhani Dist. Banasknatha,24.4375,71.8353,LEV AC Charge point,3.3,3.3,1
IOCL,Govt.,Gujarat,Ahmedabad,Ahmedabad,Rakhiyal Ahmedabad Ahmedabad,23.0109,72.6186,CCS-II,60.0,60,1
IOCL,Govt.,Gujarat,Mahisagar,Mahisagar,Revenue Survey/Block No.12 Vill: Lalsar Tal: Lunawada Dist: Mahisagar,23.130821,73.426755,Type-II AC,7.4,7.4,1
IOCL,Govt.,Gujarat,Vadodara,Vadodara,Revenue Survey/Block No.438 Vill: Tundav Tal: Savli Dist: Vadodara,22.490517,73.19888,Type-II AC,7.4,7.4,1
IOCL,Govt.,Gujarat,Surat,Surat City,Rs No. 672/2 686 & 687 Vill: Ichhapore Dist. Surat Heavy Ww Township Ichhapore Chory,21.1877,72.7121,CCS-II,30.0,30,1
IOCL,Govt.,Gujarat,Gandhinagar,Gandhi Nagar,Rupal - Sardhav Road Village : Rupal Tal. & Dist. Gandhinagar,23.1833,72.3521,LEV AC Charge point,3.3,3.3,1
IOCL,Govt.,Gujarat,Bharuch,Bharuch,Sahakari Bhandar Ltd. Survey No. C/5/12 Gidc Ankleshwar Dist: Bharuch,21.619586,73.002819,LEV AC Charge point,3.3,3.3,1
IOCL,Govt.,Gujarat,Ahmedabad,Ahmedabad,Satellite Road Ahmedabad Dist. Ahmedabad,23.0195,72.5298,CCS-II,60.0,60,1
IOCL,Govt.,Gujarat,Ahmedabad,Ahmedabad,Sg Highway Gota Tal-Daskori Dist:Ahmedabad,23.094982,72.53014,Type-II AC,7.4,7.4,1
IOCL,Govt.,Gujarat,Rajkot,Rajkot,Sh25 Taluka - Padadhari Indian Oil Dealer District Rajkot,22.3659,70.6992,CCS-II,60.0,60,1
IOCL,Govt.,Gujarat,Kachchh,Kutch,Sh42 Bhid Bazar M.J.Chambers Indian Oil Dealer Dist:Kutch,23.252021,69.696801,Type-II AC,7.4,7.4,1
IOCL,Govt.,Gujarat,Gir Somnath,Gir Somnath,Sonaria  Verawal Una Highway Tal. Verawal Dist Junagadh,20.8981,70.4397,Type-II AC,7.4,7.4,1
IOCL,Govt.,Gujarat,Ahmedabad,Ahmedabad,Sub Thath Dilipbhai Gafulbhai Hmedabad Rajkot Highway At. Moraiya Dist. Ahmedabad,22.91,72.4307,CCS-II,60.0,60,1
IOCL,Govt.,Gujarat,Valsad,Valsad,Survey  No.944 Km Stone 319-321 Nh-8 Village Waghadhara Taluka Valsad,20.7122,73.0049,Type-II AC,7.4,7.4,1
IOCL,Govt.,Gujarat,Devbhumi Dwarka,Devbhumi Dwarka,Survey No 1969 Vill-Lamba Tal-Kalyanpur,21.914606,69.305882,LEV AC Charge point,3.3,3.3,1
IOCL,Govt.,Gujarat,Surendranagar,Surendranagar,Survey No 874 Paiki 2 Vill-Adariyana Tal-Patdi,23.418842,71.712825,LEV AC Charge point,3.3,3.3,1
IOCL,Govt.,Gujarat,Kachchh,Kutch,Survey No 974/1 Nr. Manav Dharm Prasar Ashram Sh 51  Tal Rapar Kachchh,23.5551,70.6451,LEV AC Charge point,3.3,3.3,1
IOCL,Govt.,Gujarat,Ahmedabad,Ahmedabad,Survey No. 107 Memnagar Ahmedabad Dist. Ahmedabad,23.0461,72.5388,CCS-II,60.0,60,1
IOCL,Govt.,Gujarat,Surendranagar,Surendranagar,Survey No. 109 Vill-Zezari Tal-Dasada,22.745642,71.23564,LEV AC Charge point,3.3,3.3,1
IOCL,Govt.,Gujarat,Bhavnagar,Bhavnagar,Survey No. 109/1 P3/P1 Vill-Palitana Tal-Palitana,21.533064,71.818156,LEV AC Charge point,3.3,3.3,1
IOCL,Govt.,Gujarat,Ahmedabad,Ahmedabad,Survey No. 113/1 Jagatpur - Chenpur Road Chenpur Dist. Ahmedabad,23.104972,72.554525,CCS-II,60.0,60,1
IOCL,Govt.,Gujarat,Bharuch,Bharuch,Survey No. 136/1136/2&136/3 Plot No. 34 35 & 36 Village: Sherpura Dahej Bypas,21.711451,72.970932,LEV AC Charge point,3.3,3.3,1
IOCL,Govt.,Gujarat,Mahesana,Mehsana,Survey No. 138 & 139 Visnagar Gidc Visnagar - Kheralu Road At. Visnag Dist. Mehsana,23.707491,72.539014,Type-II AC,7.4,7.4,1
IOCL,Govt.,Gujarat,Morbi,Morbi,Survey No. 1402 Paiki Vill-Vajepar Tal-Morbi,22.8212,70.8255,LEV AC Charge point,3.3,3.3,1
IOCL,Govt.,Gujarat,Junagadh,Junagadh,Survey No. 144 Village : Dungarpur Taluka : Junagadh,21.456127,70.484283,LEV AC Charge point,3.3,3.3,1
IOCL,Govt.,Gujarat,Surendranagar,Surendranagar,Survey No. 17 Village : Babajipara Taluka : Lakhtar Sh 17,23.0138,71.9923,LEV AC Charge point,3.3,3.3,1
IOCL,Govt.,Gujarat,Kachchh,Kutch,Survey No. 187/2/Paiki 1 Vill-Paragpar Tal-Rapar,23.548521,70.731097,LEV AC Charge point,3.3,3.3,1
IOCL,Govt.,Gujarat,Banas Kantha,Banas Kantha,Survey No. 190 P-1/2 Village Rah Tal. Tharad Dist. Banaskantha,24.4821,71.8164,LEV AC Charge point,3.3,3.3,1
IOCL,Govt.,Gujarat,Ahmedabad,Ahmedabad,Survey No. 192/2 Memnagar 132 Ft.Ring Road Nr.Aec-Sola Cross Roadsahmedabad,23.0497,72.545,CCS-II,60.0,60,1
IOCL,Govt.,Gujarat,Surendranagar,Surendranagar,Survey No. 1941 & 1940 Indian Oil Dealer Surendranagar,22.7317,71.6436,LEV AC Charge point,3.3,3.3,1
IOCL,Govt.,Gujarat,Rajkot,Rajkot,Survey No. 2 Paiki 14 Vill-Anandpar Tal-Rajkot,22.4034,70.7312,LEV AC Charge point,3.3,3.3,1
IOCL,Govt.,Gujarat,Banas Kantha,Banas Kantha,Survey No. 201 Mouje Mumnuvas Tal. Vadgam Distt. Banaskantha,24.1451,72.657,LEV AC Charge point,3.3,3.3,1
IOCL,Govt.,Gujarat,Surendranagar,Surendranagar,Survey No. 2017/P2/P1 Vill-Muli Tal-Muli,22.6278,71.4598,LEV AC Charge point,3.3,3.3,1
IOCL,Govt.,Gujarat,Kheda,Kheda,Survey No. 203 National Highway No Ahmedabad- Balasinor Road At. Khad Godhra Dist. Kheda,22.9367,73.2538,LEV AC Charge point,3.3,3.3,1
IOCL,Govt.,Gujarat,Rajkot,Rajkot,Survey No. 219 Vill-Ardoi Tal-Kotdasangani,22.075,70.8286,LEV AC Charge point,3.3,3.3,1
IOCL,Govt.,Gujarat,Surendranagar,Surendranagar,Survey No. 2252  Village : Pansina Taluka: Limbi,22.5706,71.989,LEV AC Charge point,3.3,3.3,1
IOCL,Govt.,Gujarat,Bhavnagar,Bhavnagar,Survey No. 25 Paiki 3 Vill-Thadach Tal-Palitana,21.4121,71.9329,LEV AC Charge point,3.3,3.3,1
IOCL,Govt.,Gujarat,Kachchh,Kutch,Survey No. 2543 To 2551 Vill-Bhachau Tal-Bhachau,23.300038,70.343177,LEV AC Charge point,3.3,3.3,1
IOCL,Govt.,Gujarat,Mahesana,Mehsana,Survey No. 28(P) Modhera Village-Nagalpur Taluka District Mehsana,23.5943,72.3663,Type-II AC,7.4,7.4,1
IOCL,Govt.,Gujarat,Gir Somnath,Gir Somnath,Survey No. 303/1/P3/P1 Vill-Ajotha Tal-Veraval,22.44444,72.33333,LEV AC Charge point,3.3,3.3,1
IOCL,Govt.,Gujarat,Amreli,Amreli,Survey No. 350/1E/P2 Vill-Chamardi Tal-Babra,21.8396,71.22761,LEV AC Charge point,3.3,3.3,1
IOCL,Govt.,Gujarat,Kachchh,Kutch,Survey No. 370/2/Paiki 4 Vill-Mandvi Tal-Mandvi,22.834238,69.366661,LEV AC Charge point,3.3,3.3,1
IOCL,Govt.,Gujarat,Junagadh,Junagadh,Survey No. 384 (Old S.No.75/1) Vill-Jhalansar Tal-Junagadh,21.657377,70.444862,LEV AC Charge point,3.3,3.3,1
IOCL,Govt.,Gujarat,Banas Kantha,Banas Kantha,Survey No. 39 ( Paiki-1) Mouje Jasvantgadh(Behmal) Tal. Danta Dist. Banaskantha,24.1156,72.7485,LEV AC Charge point,3.3,3.3,1
IOCL,Govt.,Gujarat,Surendranagar,Surendranagar,Survey No. 392/1/Paiki 1 Vill-Thangadh Tal-Thangadh,22.5767,71.1856,LEV AC Charge point,3.3,3.3,1
IOCL,Govt.,Gujarat,Botad,Botad,Survey No. 4 Paiki 1 Vill-Tatam Tal-Gadhada,22.05387,71.622992,LEV AC Charge point,3.3,3.3,1
IOCL,Govt.,Gujarat,Junagadh,Junagadh,Survey No. 400/P1/P3  Village:Bhan Taluka : Maliya Nh 8 D,22.315467,71.325647,LEV AC Charge point,3.3,3.3,1
IOCL,Govt.,Gujarat,Surendranagar,Surendranagar,Survey No. 42/1 Village Lakhtar Taluka: Lakhtar Taluka: Lakhtar,22.862161,71.799155,Type-II AC,7.4,7.4,1
IOCL,Govt.,Gujarat,Patan,Patan,Survey No. 441 Village : Mahemadpu Patan-Chanasma Highway Tal. Patan Dist. Patan,23.778087,72.124275,LEV AC Charge point,3.3,3.3,1
IOCL,Govt.,Gujarat,Kachchh,Kutch,Survey No. 45/2 Vill-Samaghogha Tal-Mundra,22.87569,69.691701,LEV AC Charge point,3.3,3.3,1
IOCL,Govt.,Gujarat,Surendranagar,Surendranagar,Survey No. 468 Vill-Shekhpar Tal-Muli,22.694,71.557,LEV AC Charge point,3.3,3.3,1
IOCL,Govt.,Gujarat,Amreli,Amreli,Survey No. 527 & 532 Vill-Dhari Tal-Dhari,21.327432,71.025618,LEV AC Charge point,3.3,3.3,1
IOCL,Govt.,Gujarat,Kachchh,Kutch,Survey No. 576/3/Paiki 2 Vill-Ramvav Tal-Rapar,23.544938,70.45657,Type-II AC,7.4,7.4,1
IOCL,Govt.,Gujarat,Junagadh,Junagadh,Survey No. 587/Paiki 1/Paiki 1/Paik Vill-Vadal Tal-Junagadh,21.616954,70.501876,LEV AC Charge point,3.3,3.3,1
IOCL,Govt.,Gujarat,Ahmedabad,Ahmedabad,Survey No. 669 At. Bagodara Nr. Toll Tex Nh-8 Tal. Bavla Dist. Ahmedabad,22.6251,72.1706,Type-II AC,7.4,7.4,1
IOCL,Govt.,Gujarat,Ahmedabad,Ahmedabad,Survey No. 728 Nh-8 Jetalpur Tal. Daskoi Dist. Ahmedabad,22.90118,72.594275,LEV AC Charge point,3.3,3.3,1
IOCL,Govt.,Gujarat,Junagadh,Junagadh,Survey No. 75/P3/P1 Vill-Vadavi Tal-Junagadh,21.556259,70.395454,LEV AC Charge point,3.3,3.3,1
IOCL,Govt.,Gujarat,Surendranagar,Surendranagar,Survey No. 86/20/P1/P2 Vill-Magarikhada Tal-Chotila,22.465565,71.2659,LEV AC Charge point,3.3,3.3,1
IOCL,Govt.,Gujarat,Jamnagar,Jamnagar,Survey No.102 Vill-Keshiya Tal-Jodiya,22.677122,70.385857,LEV AC Charge point,3.3,3.3,1
IOCL,Govt.,Gujarat,Morbi,Morbi,Survey No.11/1 Paiki 2 Vill-Lilapar Tal-Morbi,22.770336,70.85528,LEV AC Charge point,3.3,3.3,1
IOCL,Govt.,Gujarat,Morbi,Morbi,Survey No.119 Paiki 2 Unit 1 Village-Dhuva Taluka-Wankaner,22.717,70.9372,Type-II AC,7.4,7.4,1
IOCL,Govt.,Gujarat,Surendranagar,Surendranagar,Survey No.119/Paiki 1 (New Rs No 49 Vill-Plasa Tal-Muli,22.66307,71.3374,LEV AC Charge point,3.3,3.3,1
IOCL,Govt.,Gujarat,Gir Somnath,Gir Somnath,Survey No.1258/P1 Vill-Kodinar Tal-Kodinar,20.813597,70.697495,LEV AC Charge point,3.3,3.3,1
IOCL,Govt.,Gujarat,Surendranagar,Surendranagar,Survey No.1265 Paiki 2 Village-Bavli Taluka-Dhrangadhra,22.928481,71.39039,Type-II AC,7.4,7.4,1
IOCL,Govt.,Gujarat,Amreli,Amreli,Survey No.152 Village-Amreli Taluka-Amreli,21.607319,71.226506,LEV AC Charge point,3.3,3.3,1
IOCL,Govt.,Gujarat,Surendranagar,Surendranagar,Survey No.1587/1 Village-Wadhwan Taluka-Wadhwan,22.704528,71.642361,Type-II AC,7.4,7.4,1
IOCL,Govt.,Gujarat,Ahmedabad,Ahmedabad,Survey No.159/3159/5Nr.Numi Ashra Mouje : Nidhrad Tal. Sanand Dist. Ahmedabad,23.01285,72.383391,LEV AC Charge point,3.3,3.3,1
IOCL,Govt.,Gujarat,Bhavnagar,Bhavnagar,Survey No.164 Paiki 1/ Paiki 1 Village-Devli Taluka-Talaja,21.35276,72.087744,LEV AC Charge point,3.3,3.3,1
IOCL,Govt.,Gujarat,Rajkot,Rajkot,Survey No.167 (Old S.No.36 Paiki 1) Vill-Kangashiyali Tal-Lodhika,22.210778,70.800681,LEV AC Charge point,3.3,3.3,1
IOCL,Govt.,Gujarat,Gir Somnath,Gir Somnath,Survey No.188/2/B/P2/P1 Vill-Una Tal-Una,20.843147,71.050258,LEV AC Charge point,3.3,3.3,1
IOCL,Govt.,Gujarat,Junagadh,Junagadh,Survey No.19/1 Plot No. 1001/1/A G Vill-Sabalpur Tal-Junagadh,21.56897,70.46522,LEV AC Charge point,3.3,3.3,1
IOCL,Govt.,Gujarat,Ahmedabad,Ahmedabad,Survey No.202/1&23 Party Chandkheda S H No 41 Tal Dist Gandhinagar,23.125065,72.58284,LEV AC Charge point,3.3,3.3,1
IOCL,Govt.,Gujarat,Rajkot,Rajkot,Survey No.231/Paiki 1 Vill-Moviya Tal-Paddhari,22.419305,70.617932,LEV AC Charge point,3.3,3.3,1
IOCL,Govt.,Gujarat,Rajkot,Rajkot,Survey No.239 Paiki 1 / Paiki 1 Vill-Atkot Tal-Jasdan,22.000446,71.155711,LEV AC Charge point,3.3,3.3,1
IOCL,Govt.,Gujarat,Morbi,Morbi,Survey No.26 Paiki 1/Paiki 1 Vill-Amreli Dist-Morbi,22.8482,70.8153,LEV AC Charge point,3.3,3.3,1
IOCL,Govt.,Gujarat,Anand,Anand,Survey No.2698Tarapur Dharmaj Road Tarapurdistt Anand Anand,22.485082,72.670113,Type-II AC,7.4,7.4,1
IOCL,Govt.,Gujarat,Rajkot,Rajkot,Survey No.272 Paiki 1 Vill-Shapar Tal-Kotdasangani,22.1606,70.7916,LEV AC Charge point,3.3,3.3,1
IOCL,Govt.,Gujarat,Gir Somnath,Gir Somnath,Survey No.272 Vill-Pransli Tal-Sutrapada,20.92779,70.627934,LEV AC Charge point,3.3,3.3,1
IOCL,Govt.,Gujarat,Rajkot,Rajkot,Survey No.278 Paiki 1 Vill-Pipardi Tal-Vinchhiya,22.189532,71.429949,LEV AC Charge point,3.3,3.3,1
IOCL,Govt.,Gujarat,Amreli,Amreli,Survey No.301/Paiki 1 Kariyana Tal-Babra,21.905804,71.366725,LEV AC Charge point,3.3,3.3,1
IOCL,Govt.,Gujarat,Bhavnagar,Bhavnagar,Survey No.31 Paiki 2 Vill-Devaliya Tal-Mahuva,21.056178,71.722663,Type-II AC,7.4,7.4,1
IOCL,Govt.,Gujarat,Surendranagar,Surendranagar,Survey No.321 Paiki 2 Village-Nava Taluka-Chotila,22.48475,71.21678,Type-II AC,7.4,7.4,1
IOCL,Govt.,Gujarat,Kachchh,Kutch,Survey No.368/3 Village- Chopadva Taluka- Bhachau,23.24697,70.29115,Type-II AC,7.4,7.4,1
IOCL,Govt.,Gujarat,Kachchh,Kutch,Survey No.38 Paiki Village-Anjar Taluka-Anjar,23.10228,70.02432,Type-II AC,7.4,7.4,1
IOCL,Govt.,Gujarat,Surendranagar,Surendranagar,Survey No.39 Vill-Vadod Tal-Wadhwan,22.563773,71.657587,LEV AC Charge point,3.3,3.3,1
IOCL,Govt.,Gujarat,Botad,Botad,Survey No.42 Paiki 1 (Old S.No.9/4 Vill-Kaniyad Tal-Botad,22.24363,71.628929,LEV AC Charge point,3.3,3.3,1
IOCL,Govt.,Gujarat,Surendranagar,Surendranagar,Survey No.42 Vill-Zainabad Tal-Dasada,23.282555,71.775446,LEV AC Charge point,3.3,3.3,1
IOCL,Govt.,Gujarat,Kachchh,Kutch,Survey No.431/2 Village-Adesar Taluka-Rapar,23.56307,70.983198,LEV AC Charge point,3.3,3.3,1
IOCL,Govt.,Gujarat,Surendranagar,Surendranagar,Survey No.440/P1 (New S.No:665) Vill-Rajgadh Tal-Dhrangadhra,23.01176,71.56296,LEV AC Charge point,3.3,3.3,1
IOCL,Govt.,Gujarat,Jamnagar,Jamnagar,Survey No.441 Vill-Khijadiya Tal-Jamnagar,22.496214,70.165833,Type-II AC,7.4,7.4,1
IOCL,Govt.,Gujarat,Amreli,Amreli,Survey No.464/P1 Village-Mota Zinzuda Taluka-Savarkundla,21.328626,71.381752,LEV AC Charge point,3.3,3.3,1
IOCL,Govt.,Gujarat,Junagadh,Junagadh,Survey No.476 Paiki 2 Vill-Sultanpur Tal-Mangrol,21.181492,70.151308,LEV AC Charge point,3.3,3.3,1
IOCL,Govt.,Gujarat,Porbandar,Porbander,Survey No.50 Chingariya Tal-Porbandar,21.299301,69.922966,LEV AC Charge point,3.3,3.3,1
IOCL,Govt.,Gujarat,Kachchh,Kutch,Survey No.60 Paiki Samakhiyali Tal-Bhachau,21.75642,71.54879,LEV AC Charge point,3.3,3.3,1
IOCL,Govt.,Gujarat,Bhavnagar,Bhavnagar,Survey No.62 Paiki 1 / Paiki 1 Vill-Kumbhan Tal-Palitana,21.657437,71.848096,LEV AC Charge point,3.3,3.3,1
IOCL,Govt.,Gujarat,Kachchh,Kutch,Survey No.680/Paiki 1 Village-Godhra Taluka-Mandvi,20.124567,70.65487,LEV AC Charge point,3.3,3.3,1
IOCL,Govt.,Gujarat,Devbhumi Dwarka,Devbhumi Dwarka,Survey No.708 Vill-Bajana Tal-Khambhalia,22.13874,69.756507,LEV AC Charge point,3.3,3.3,1
IOCL,Govt.,Gujarat,Kachchh,Kutch,Survey No.78 Village-Mota Layja Taluka-Mandvi,22.876271,69.248456,Type-II AC,7.4,7.4,1
IOCL,Govt.,Gujarat,Junagadh,Junagadh,Survey No.7801 Village-Mangrol Taluka-Mangrol,21.128128,70.117245,LEV AC Charge point,3.3,3.3,1
IOCL,Govt.,Gujarat,Kachchh,Kutch,Survey No.79/1 Village-Shirva Taluka-Mandvi,22.55555,70.33333,Type-II AC,7.4,7.4,1
IOCL,Govt.,Gujarat,Kachchh,Kutch,Survey No.92 Paiki Village-Babiya Taluka-Mundra,23.032293,69.616138,Type-II AC,7.4,7.4,1
IOCL,Govt.,Gujarat,Kachchh,Kutch,Survey No:100/P2Location-Village-Gu Taluka-Mundra Dist-Kutch,22.915,69.7635,CCS-II,60.0,60,1
IOCL,Govt.,Gujarat,Botad,Botad,Survey No-119P2 Village Dhasa Tal:Gadhada,21.807007,71.500427,LEV AC Charge point,3.3,3.3,1
IOCL,Govt.,Gujarat,Devbhumi Dwarka,Devbhumi Dwarka,Survey No-186 Village Hansthal Tal:Khambhaliya,22.206315,69.557109,LEV AC Charge point,3.3,3.3,1
IOCL,Govt.,Gujarat,Anand,Anand,Tarapur Crossing Bagodara-Dharmsaj Sh Tarapur Dist. Anand,22.495,72.6465,LEV AC Charge point,3.3,3.3,1
IOCL,Govt.,Gujarat,Gandhinagar,Gandhi Nagar,Valad Dist.-Gandhinagar Village: Valad Taluka : Ganadhi Na Dist.: Gandhi Nagar,23.147391,72.692471,LEV AC Charge point,3.3,3.3,1
IOCL,Govt.,Gujarat,Gandhinagar,Gandhi Nagar,Vavol-Tindoda Road Leftside At. Vavol Dist. Gandhinagar,23.2299,72.6158,LEV AC Charge point,3.3,3.3,1
IOCL,Govt.,Gujarat,Banas Kantha,Banas Kantha,Viilage - Kotarwada At& Po Kotarwada Taluka - Diodar Dist.- Banaskantha,24.231237,71.651571,LEV AC Charge point,3.3,3.3,1
IOCL,Govt.,Gujarat,Ahmedabad,Ahmedabad,Vijay Nagar Naranpura Ahmedabad City Ahmedabad,23.0577,72.5593,CCS-II,60.0,60,1
IOCL,Govt.,Gujarat,Sabar Kantha,Sabar Kantha,Vijaynagar-Idar Highway At Po Tal Vijaynagar Dist.Sabarkantha. Gujrat,24.0082,73.3407,LEV AC Charge point,3.3,3.3,1
IOCL,Govt.,Gujarat,Sabar Kantha,Sabar Kantha,Vill. Parbada Himmatnagar Byepass Himmatnagar,23.5977,72.9448,LEV AC Charge point,3.3,3.3,1
IOCL,Govt.,Gujarat,Gir Somnath,Gir Somnath,Vill.: Chhatroda Nh 8Etal.Verawal Indian Oil Dealer Dist Junagadh,20.95462,70.337804,Type-II AC,7.4,7.4,1
IOCL,Govt.,Gujarat,Kachchh,Kutch,Vill: Dhaneti Tal: Bhuj Sh 42,23.26393,69.929342,Type-II AC,7.4,7.4,1
IOCL,Govt.,Gujarat,Vadodara,Vadodara,Village − Manjusar Taluka − Savli Shreeji Pesticides Manjusar,22.460867,73.192857,LEV AC Charge point,3.3,3.3,1
IOCL,Govt.,Gujarat,Mahesana,Mehsana,Village : Ambasan Tal. Mehsana Dist. Mehsana,23.48338,72.351727,LEV AC Charge point,3.3,3.3,1
IOCL,Govt.,Gujarat,Anand,Anand,Village : Ambav Tal. Anklav. Dist. Anand,22.418472,72.972056,Type-II AC,7.4,7.4,1
IOCL,Govt.,Gujarat,Banas Kantha,Banas Kantha,Village : Ashodar Tal. Tharad. Dist. Banaskantha,24.424272,71.82225,LEV AC Charge point,3.3,3.3,1
IOCL,Govt.,Gujarat,Banas Kantha,Banas Kantha,Village : Badarpura (Khodla) Nh27 Tal. Palanpur Dist. Banaskantha,24.208643,72.338209,LEV AC Charge point,3.3,3.3,1
IOCL,Govt.,Gujarat,Banas Kantha,Banas Kantha,Village : Bhabhar Vav Tal. Bhabhar Dist. Banaskantha,24.07379,71.603519,LEV AC Charge point,3.3,3.3,1
IOCL,Govt.,Gujarat,Ahmedabad,Ahmedabad,Village : Bhadaj Tal. Ghatlodia Ahmedabad,23.087914,72.487298,CCS-II,60.0,60,1
IOCL,Govt.,Gujarat,Gandhinagar,Gandhi Nagar,Village : Bhat Tal. Gandhinagar Dist. Gandhinagar,23.1024,72.6305,CCS-II,60.0,60,1
IOCL,Govt.,Gujarat,Arvalli,Aravalli,Village : Bolundra Tal. Modasa Dist. Aravalli,23.57209,73.28633,LEV AC Charge point,3.3,3.3,1
IOCL,Govt.,Gujarat,Mahesana,Mehsana,Village : Brahmanwada Tal. Unjha Dist. Mehsana,23.858908,72.366196,LEV AC Charge point,3.3,3.3,1
IOCL,Govt.,Gujarat,Banas Kantha,Banas Kantha,Village : Chadotar Tal.Panapur Dist. Banaskantha,24.187159,72.388801,LEV AC Charge point,3.3,3.3,1
IOCL,Govt.,Gujarat,Ahmedabad,Ahmedabad,Village : Chaloda Tal. Dholka Dist. Ahmedabad,22.808772,72.450122,Type-II AC,7.4,7.4,1
IOCL,Govt.,Gujarat,Anand,Anand,Village : Changa Tal. Petlad Dist. Anand,22.599171,72.825035,LEV AC Charge point,3.3,3.3,1
IOCL,Govt.,Gujarat,Ahmedabad,Ahmedabad,Village : Charodi Tal. Sanand Dist. Ahmedabad,23.04182,72.266083,LEV AC Charge point,3.3,3.3,1
IOCL,Govt.,Gujarat,Gandhinagar,Gandhi Nagar,Village : Chhatral Tal. Kalol Dist. Gandhinagar,23.277864,72.439344,LEV AC Charge point,3.3,3.3,1
IOCL,Govt.,Gujarat,Mahesana,Mehsana,Village : Dabhala Tal. Vijapur Dist. Mehsana,23.553059,72.557324,LEV AC Charge point,3.3,3.3,1
IOCL,Govt.,Gujarat,Mahesana,Mehsana,Village : Dasaj Tal. Unjha Dist. Mehsana,23.836448,72.446921,LEV AC Charge point,3.3,3.3,1
IOCL,Govt.,Gujarat,Mahesana,Mehsana,Village : Dela Tal. Mehsana Dist. Mehsana,23.622836,72.42697,LEV AC Charge point,3.3,3.3,1
IOCL,Govt.,Gujarat,Banas Kantha,Banas Kantha,Village : Dharnodhar Tal. Dhanera Dist. Banaskantha,24.640137,72.029509,Bharat AC-001,9.9,3.3,1
IOCL,Govt.,Gujarat,Ahmedabad,Ahmedabad,Village : Dholka Tal. Dholka Dist. Ahmedabad,22.7179,72.425487,LEV AC Charge point,3.3,3.3,1
IOCL,Govt.,Gujarat,Ahmedabad,Ahmedabad,Village : Endala Tal. Mandal Dist. Ahmedabad,23.28878,72.0522,LEV AC Charge point,3.3,3.3,1
IOCL,Govt.,Gujarat,Anand,Anand,Village : Fangani Tal. Petlad Dist. Anand,22.49815,72.832443,Type-II AC,7.4,7.4,1
IOCL,Govt.,Gujarat,Mahesana,Mehsana,Village : Gunjala Tal. Visnagar Dist. Mehsana,23.564927,72.467149,LEV AC Charge point,3.3,3.3,1
IOCL,Govt.,Gujarat,Banas Kantha,Banas Kantha,Village : Hebatpur On National Highway No. 130 Tal.Palanpur Dist.Banaskantha,24.25245,72.469779,LEV AC Charge point,3.3,3.3,1
IOCL,Govt.,Gujarat,Mahesana,Mehsana,Village : Indrap Tal. Becharaji Dist. Mehsana,23.511485,72.146773,LEV AC Charge point,3.3,3.3,1
IOCL,Govt.,Gujarat,Mahesana,Mehsana,Village : Indrap Tal. Bechraji Dist. Mehsana,23.513051,72.152715,LEV AC Charge point,3.3,3.3,1
IOCL,Govt.,Gujarat,Ahmedabad,Ahmedabad,Village : Iyava Sanand-Viramgam State Highway Tal. Sanand Dist. Ahmedabad,23.021843,72.324783,CCS-II,30.0,30,1
IOCL,Govt.,Gujarat,Anand,Anand,Village : Jitodia Tal. Anand Dist. Anand,22.523361,72.955658,LEV AC Charge point,3.3,3.3,1
IOCL,Govt.,Gujarat,Mahesana,Mehsana,Village : Kada Tal. Visnagar Dist. Mehsana,23.621046,72.561918,Type-II AC,7.4,7.4,1
IOCL,Govt.,Gujarat,Anand,Anand,Village : Kanakpura Tal. Borsad Dist. Anand,22.274639,72.812222,Type-II AC,7.4,7.4,1
IOCL,Govt.,Gujarat,Banas Kantha,Banas Kantha,Village : Kansari Tal. Deesa Dist. Banaskantha,24.324503,72.140761,LEV AC Charge point,3.3,3.3,1
IOCL,Govt.,Gujarat,Banas Kantha,Banas Kantha,Village : Khardosan Tal. Deesa Dist. Banaskantha,24.176627,72.17336,LEV AC Charge point,3.3,3.3,1
IOCL,Govt.,Gujarat,Sabar Kantha,Sabar Kantha,Village : Kundla Tal. Vijaynagar Dist. Sabarkantha,23.974,73.1973,LEV AC Charge point,3.3,3.3,1
IOCL,Govt.,Gujarat,Arvalli,Aravalli,Village : Kunol Tal. Aravalli Dist. Aravalli,23.5942,73.4799,LEV AC Charge point,3.3,3.3,1
IOCL,Govt.,Gujarat,Kheda,Kheda,Village : Lasundra Tal. Kathlal Dist. Kheda,22.914039,73.162797,LEV AC Charge point,3.3,3.3,1
IOCL,Govt.,Gujarat,Ahmedabad,Ahmedabad,Village : Mankol Tal. Sanand Dist. Ahmedabad,22.91253,72.258817,CCS-II,30.0,30,1
IOCL,Govt.,Gujarat,Gandhinagar,Gandhi Nagar,Village : Mansa City Tal. Mansa Dist. Gandhinagar,23.441912,72.65539,Type-II AC,7.4,7.4,1
IOCL,Govt.,Gujarat,Mahesana,Mehsana,Village : Modhera Tal. Bechraji Dist. Mehsana,23.593987,72.140483,LEV AC Charge point,3.3,3.3,1
IOCL,Govt.,Gujarat,Devbhumi Dwarka,Devbhumi Dwarka,Village : Movan Taluka : Khambaliya Khambaliya,22.124404,69.507711,LEV AC Charge point,3.3,3.3,1
IOCL,Govt.,Gujarat,Mahesana,Mehsana,Village : Nandasan Tal. Kadi Dist. Mehsana,23.397062,72.399478,LEV AC Charge point,3.3,3.3,1
IOCL,Govt.,Gujarat,Anand,Anand,Village : Nar Tal. Petlad Dist. Anand,22.464889,72.696889,LEV AC Charge point,3.3,3.3,1
IOCL,Govt.,Gujarat,Banas Kantha,Banas Kantha,Village : Nenava On Nh-168A Tal. Dhanera Dist. Banaskantha,24.641709,71.892517,LEV AC Charge point,3.3,3.3,1
IOCL,Govt.,Gujarat,Banas Kantha,Banas Kantha,Village : Palanpur Tal. Palanpur Dist. Banaskantha,24.187152,72.422507,LEV AC Charge point,3.3,3.3,1
IOCL,Govt.,Gujarat,Arvalli,Aravalli,Village : Palla Tal. Bhiloda Dist. Aravalli,23.76404,73.25338,Type-II AC,7.4,7.4,1
IOCL,Govt.,Gujarat,Gandhinagar,Gandhi Nagar,Village : Palsana Tal. Kalol Dist. Gandhinagar,23.18866,72.50621,LEV AC Charge point,3.3,3.3,1
IOCL,Govt.,Gujarat,Banas Kantha,Banas Kantha,Village : Panthawada Tal. Dantiwada Dist. Banaskantha,24.496837,72.311877,CCS-II,30.0,30,1
IOCL,Govt.,Gujarat,Gandhinagar,Gandhi Nagar,Village : Pimplaj Tal. Dehgam Dist. Gandhinagar,23.221206,72.960858,Type-II AC,7.4,7.4,1
IOCL,Govt.,Gujarat,Ahmedabad,Ahmedabad,Village : Pirana Pirana - Aslali Bypass Road Dist. Ahmedabad,22.9595,72.5543,CCS-II,30.0,30,1
IOCL,Govt.,Gujarat,Gandhinagar,Gandhi Nagar,Village : Por Kudasan Tal. Gandhinagar Dist. Gandhinagar,22.69144,71.59791,Type-II AC,7.4,7.4,1
IOCL,Govt.,Gujarat,Banas Kantha,Banas Kantha,Village : Ranakpur Tal. Kankrej Dist. Banaskantha,23.942106,71.799678,CCS-II,30.0,30,1
IOCL,Govt.,Gujarat,Banas Kantha,Banas Kantha,Village : Ranpur Tal. Deesa Dist. Banaskantha,24.288906,72.21591,LEV AC Charge point,3.3,3.3,1
IOCL,Govt.,Gujarat,Banas Kantha,Banas Kantha,Village : Rasana Mota Tal. Deesa Dist. Banaskantha,24.233135,72.256567,LEV AC Charge point,3.3,3.3,1
IOCL,Govt.,Gujarat,Kheda,Kheda,Village : Relia Tal. Kapadwanj Dist. Kheda,23.075,73.1913,LEV AC Charge point,3.3,3.3,1
IOCL,Govt.,Gujarat,Sabar Kantha,Sabar Kantha,Village : Salal Tal. Prantij Dist. Sabarkantha,23.48761,72.900228,LEV AC Charge point,3.3,3.3,1
IOCL,Govt.,Gujarat,Banas Kantha,Banas Kantha,Village : Samau Motavas Tal. Deesa Dist. Banaskantha,24.092233,72.104489,LEV AC Charge point,3.3,3.3,1
IOCL,Govt.,Gujarat,Anand,Anand,Village : Sarsa Tal. Anand Dist. Anand,22.535435,73.059547,Type-II AC,7.4,7.4,1
IOCL,Govt.,Gujarat,Kheda,Kheda,Village : Savali Tal. Kapadwanj Dist. Kheda,22.94119,73.12732,LEV AC Charge point,3.3,3.3,1
IOCL,Govt.,Gujarat,Ahmedabad,Ahmedabad,Village : Sitapur Tal. Mandal Bechraji-Viramgam Sh No.7 Dist. Ahmedabad,23.4485,71.9949,LEV AC Charge point,3.3,3.3,1
IOCL,Govt.,Gujarat,Banas Kantha,Banas Kantha,Village : Thavar Tal. Dhanera Dist. Banaskantha,24.531816,72.009785,LEV AC Charge point,3.3,3.3,1
IOCL,Govt.,Gujarat,Ahmedabad,Ahmedabad,Village : Ukhlod Tal. Viramgam Dist. Ahmedabad,23.210786,72.040859,LEV AC Charge point,3.3,3.3,1
IOCL,Govt.,Gujarat,Mahesana,Mehsana,Village : Vadnagar Tal. Mehsana Dist. Mehsana,23.78118,72.64134,LEV AC Charge point,3.3,3.3,1
IOCL,Govt.,Gujarat,Gandhinagar,Gandhi Nagar,Village : Vasan Tal. Gandhinagar Dist. Gandhinagar,23.317737,72.639902,Type-II AC,7.4,7.4,1
IOCL,Govt.,Gujarat,Kheda,Kheda,Village Angadi Dakore- Sevalia Road Taluka Thasra Distt  Kheda.,22.8086,73.293,LEV AC Charge point,3.3,3.3,1
IOCL,Govt.,Gujarat,Gandhinagar,Gandhi Nagar,Village Rakanpur Char Rasta P.O. Santej Ta - Kalol District Gandhinagar,23.1004,72.4823,CCS-II,60.0,60,1
IOCL,Govt.,Gujarat,Bharuch,Bharuch,Yash Corporation (Adhoc) Rs No. 64 Paiki Nandelav Taluka Bharuch Dist: Bharuch,21.72317,72.99062,CCS-II,30.0,30,1
KAZAM,Private,Gujarat,Ahmedabad,Ahmedabad,"Ahmedabad,Lambha,Gujarat,382405",22.93438,72.55903,Bharat AC-001,3.3,3.3,1
KAZAM,Private,Gujarat,Ahmedabad,Ahmedabad,"Bhairavnath Road,Maninagar,Ahmedabad,Gujarat,380008",22.995649,72.607032,Bharat AC-001,3.3,3.3,1
KAZAM,Private,Gujarat,Ahmedabad,Ahmedabad,"Gidc Estate, Vatva,Ahmedabad,Gujarat,382445",22.978254,72.633003,Bharat AC-001,3.3,3.3,1
KAZAM,Private,Gujarat,Mahesana,Saratanpur,"Gujarat State Highway 56,Saratanpur,Gujarat,384330",24.005248,72.777042,Bharat AC-001,3.3,3.3,1
KAZAM,Private,Gujarat,Ahmedabad,Ahmedabad,"Lambha,Ahmedabad,Gujarat,382405",22.931975,72.560257,Bharat AC-001,3.3,3.3,1
KAZAM,Private,Gujarat,Ahmedabad,Ahmedabad,"Nava Naroda,Ahmedabad,Gujarat,382330",23.071955,72.666853,Bharat AC-001,3.3,3.3,1
KAZAM,Private,Gujarat,Ahmedabad,Ahmedabad,"Nava Naroda,Ahmedabad,Gujarat,382330",23.072297,72.673971,Bharat AC-001,3.3,3.3,1
KAZAM,Private,Gujarat,Ahmedabad,Ahmedabad,"Netaji Road,Ellisbridge,Ahmedabad,Gujarat,380009",23.030565,72.563662,Bharat AC-001,3.3,3.3,1
KAZAM,Private,Gujarat,Surat,Vyara,"Vyara,Gujarat,394650",21.107026,73.393127,Bharat AC-001,3.3,3.3,1
NTPC,Govt.,Gujarat,Surat,Surat City,City Light Surat City,21.169099,72.794946,Bharat AC-001,3.3,3.3,1
NTPC,Govt.,Gujarat,Vadodara,Baroda City,"Coco Karelibagh Karelibagh, Baroda City",22.320647,73.203964,Bharat AC-001,3.3,3.3,1
NTPC,Govt.,Gujarat,Ahmedabad,Chandkheda,"Comco- Chandkheda Near Ongc Colony,Chandkheda",23.10402,72.575977,Bharat AC-001,3.3,3.3,1
NTPC,Govt.,Gujarat,Ahmedabad,Ahmedabad,"Comco- Grand Millenium, Satellite Satellite, Ahmedabad",23.017795,72.518756,Bharat AC-001,3.3,3.3,1
NTPC,Govt.,Gujarat,Ahmedabad,Ahmedabad,"Comco- Nikol Plot.No.85/1,F.P.No.85,T.P.S No.111,Nikol,Ahmedabad",23.035319,72.6761,Bharat AC-001,3.3,3.3,1
NTPC,Govt.,Gujarat,Vadodara,Baroda City,"Hp Coco Nizampura Nizampura, Baroda City",22.340763,73.177996,Bharat AC-001,3.3,3.3,1
NTPC,Govt.,Gujarat,Vadodara,Surat City,"Hpcl Coco Rander Rander, Surat City",21.22095,72.79044,Bharat AC-001,3.3,3.3,1
OLA,Private,Gujarat,Anand,Karamsad,"Anand-Karamsad Road,Near Medical Collage,Anand",22.54273,72.90459,LEV DC Charge Point (IS-17017-2-6),7.0,7,1
OLA,Private,Gujarat,Surat,Surat City,"Fp No.154, Adajan, New Randher Rdnr. Megabyte Restaurant,Surat, Gujarat",21.2043,72.78897,LEV DC Charge Point (IS-17017-2-6),7.0,7,1
OLA,Private,Gujarat,Ahmedabad,Ahmedabad,"Opp Ongc Gate,Sabarmati,Ahmedabad",23.08934,72.59051,LEV DC Charge Point (IS-17017-2-6),7.0,7,1
OLA,Private,Gujarat,Surat,Surat City,Opp. Prannath Hospitalnr. Nani Bahucharaji Mandirsurat Gujarat,21.21592,72.82247,LEV DC Charge Point (IS-17017-2-6),7.0,7,1
OLA,Private,Gujarat,Ahmedabad,Ahmedabad,"Opposite Manav Mandir,Opposite Manav Mandir,Ahmedabad, Gujarat",23.04551,72.53954,LEV DC Charge Point (IS-17017-2-6),7.0,7,1
OLA,Private,Gujarat,Vadodara,Vadodara,"Plot No. 4/A,Mujmahuda, Akota,Vadodara",22.28609,73.16964,LEV DC Charge Point (IS-17017-2-6),7.0,7,1
OLA,Private,Gujarat,Kachchh,Shinai,"R.S. No. 299/8,Shinai,Kutch",23.03381,70.06355,LEV DC Charge Point (IS-17017-2-6),7.0,7,1
OLA,Private,Gujarat,Rajkot,Rajkot,"Sr No 440P/56 And 57,Amin Marg,Rajkot",22.28453,70.77699,LEV DC Charge Point (IS-17017-2-6),7.0,7,1
OLA,Private,Gujarat,Jamnagar,Jamnagar,"Teen Batti,Opp. Old Railway Station,Jamnagar",22.47303,70.07022,LEV DC Charge Point (IS-17017-2-6),7.0,7,1
PGCIL,Govt.,Gujarat,Surat,Surat City,"Iocl, Beside Tata Motors Showroom, Nr. Kamrej Toll Plaza N. H. No. 48, Amboli Tal. Kamrej, Dist, Surat, Gujarat 394150",21.300435,72.954018,Bharat DC-001,15.0,15,1
REIL,Govt.,Gujarat,Ahmedabad,Ahmedabad,Shree Siddhivinayak Petroleum,23.041186,72.518711,Bharat DC-001,15.0,15,1
Reliance BP,Private,Gujarat,Ahmedabad,Ahmedabad,"100 Feet Rd, Near Shell Petrol Pump  Prahlad Nagar Ahmedabad, Gujarat 380054",23.01178,72.51164,CCS-II,60.0,60,1
Reliance BP,Private,Gujarat,Ahmedabad,Ahmedabad,"100 Feet Rd, Near Shell Petrol Pump  Prahlad Nagar Ahmedabad, Gujarat 380054",23.01178,72.51164,Type-II AC,7.4,7.4,1
Reliance BP,Private,Gujarat,Ahmedabad,Ahmedabad,"Advance Mills Compound, Opp. Swaminarayan Temple, Shahibaug Main Road,",23.043956,72.588732,CCS-II,60.0,60,1
Reliance BP,Private,Gujarat,Ahmedabad,Ahmedabad,"Advance Mills Compound, Opp. Swaminarayan Temple, Shahibaug Main Road,",23.043956,72.588732,Bharat DC-001,30.0,15,1
Reliance BP,Private,Gujarat,Narmada,Narmada,"Garudeshwar, Gujarat 393151",21.895168,73.672594,CCS-II,60.0,60,1
Reliance BP,Private,Gujarat,Panch Mahals,Godhra,"Hotel Orchid Garden & Banquet, Survey No 55, Kankuthambhala Ta-Godra, Pnachmahal, 389120",22.812028,73.644125,CCS-II,60.0,60,1
Reliance BP,Private,Gujarat,Banas Kantha,Banas Kantha,"Hotel& Guest House At Survey No-40/2,232 State Highway.Dharevada, Banaskatha, Gujarat,385210",23.97828,72.372896,CCS-II,60.0,60,1
Reliance BP,Private,Gujarat,Ahmedabad,Ahmedabad,"Jio-Bp Mobility Station, Aslali Kanera Road, Mouje Bidajtal, Distt. Kheda,",22.835281,72.605217,CCS-II,60.0,60,1
Reliance BP,Private,Gujarat,Valsad,Vapi,"Jio-Bp Mobility Station, Besides Jain Mandir, Nh 8, Lhs Towards Vapi, Nandigam, Tal Umargam, Dist. Valsad,",20.2328,72.8824,CCS-II,60.0,60,1
Reliance BP,Private,Gujarat,Valsad,Vapi,"Jio-Bp Mobility Station, Besides Maharani Farm, Nh 8, Nandigam, Tal Umargam, Dist. Valsad,",20.2309,72.8842,CCS-II,60.0,60,1
Reliance BP,Private,Gujarat,Kheda,Nadiad,"Jio-Bp Mobility Station, Nh:8 , Near Pij Cross Road",22.6864,72.8384,CCS-II,60.0,60,1
Reliance BP,Private,Gujarat,Kachchh,Sabarkantha,"Jio-Bp Mobility Station, Nh-8, Nava Venpur, Shamlaji, Taluka: Bhiloda , Distt. Sabarkantha -383455",23.727937,73.403354,CCS-II,60.0,60,1
Reliance BP,Private,Gujarat,Surat,Surat City,"Jio-Bp Mobility Station, Nh-8, Palod Taluka Mangrol",21.3976,72.9615,CCS-II,60.0,60,1
Reliance BP,Private,Gujarat,Vadodara,Ankleshwar,"Jio-Bp Mobility Station, Opp. Panoli Industrial Area, Village Kapodara ,",21.5866,72.9968,CCS-II,60.0,60,1
Reliance BP,Private,Gujarat,Ahmedabad,Ahmedabad,"Nexus Ahmedabad One, Near Vastrapur Lake",23.039882,72.53112,CCS-II,60.0,60,1
Reliance BP,Private,Gujarat,Ahmedabad,Ahmedabad,"Nexus Ahmedabad One, Near Vastrapur Lake",23.039882,72.53112,Type-II AC,7.4,7.4,1
Reliance BP,Private,Gujarat,Gandhinagar,Gandhinagar,"Nh8, Survey No. 270 /P, Opp Adharshila School, Village Valad, Near Milestone 506, Dist. Gandhinagar − 382355",23.139125,72.687283,CCS-II,60.0,60,1
Reliance BP,Private,Gujarat,Rajkot,Rajkot,"Plot No 6. Revenue Survey No 390 Paiki, City Survey No: 5928, Beside Bmw Showroom, Gondal Road, Rajkot, Gujarat, India 360004 , Rajkot - 360004",22.255249,70.800031,CCS-II,60.0,60,1
Reliance BP,Private,Gujarat,Surat,Surat City,Raj Hotel  Navi Pardi Nh-48  Taluka - Kamrej Dist - Surat,21.330069,72.962016,CCS-II,60.0,60,1
Reliance BP,Private,Gujarat,Ahmedabad,Ahmedabad,Rajyash City Bhopal Ghuman Road Ahmedabad - Gujarat 380058,23.030631,72.47123,CCS-II,60.0,60,1
Reliance BP,Private,Gujarat,Ahmedabad,Ahmedabad,Rajyash City Bhopal Ghuman Road Ahmedabad - Gujarat 380058,23.030631,72.47123,LEV AC Charge point,3.3,3.3,1
Reliance BP,Private,Gujarat,Surat,Surat City,"Reliance Mall Adajan, Adajan,",21.207213,72.793919,CCS-II,60.0,60,1
Reliance BP,Private,Gujarat,Surat,Surat City,"Reliance Mall Adajan, Adajan,",21.207213,72.793919,Type-II AC,7.4,7.4,1
Reliance BP,Private,Gujarat,Surat,Surat City,"Reliance Mall, Opp. Rajkumar Cinema, Udhana Darwaza, Udhana Surat, Gujarat-395002",21.18207,72.831223,CCS-II,60.0,60,1
Reliance BP,Private,Gujarat,Surat,Surat City,"Reliance Mall, Opp. Rajkumar Cinema, Udhana Darwaza, Udhana Surat, Gujarat-395002",21.18207,72.831223,Type-II AC,7.4,7.4,1
Reliance BP,Private,Gujarat,Vadodara,Vadodara,"Reliance Mall, Opp. Srering Health Mall, Near Pitamber Society, Akshar Chowk, Op Road,",22.285209,73.163704,CCS-II,60.0,60,1
Reliance BP,Private,Gujarat,Vadodara,Vadodara,"Reliance Mall, Opp. Srering Health Mall, Near Pitamber Society, Akshar Chowk, Op Road,",22.285209,73.163704,Type-II AC,7.5,7.5,1
Reliance BP,Private,Gujarat,Surat,Surat City,"Reliance Mall, Rm Jhasv School Vesu Surat, Jh Ambani Saraswati Vidya
Mandir School, Vesu Char Rasta, Udhana Magdalla Road, Vesu Â€“ 395007,Surat (Guj)",21.149324,72.773134,CCS-II,60.0,60,1
Reliance BP,Private,Gujarat,Surat,Surat City,"Reliance Mall, Rm Jhasv School Vesu Surat, Jh Ambani Saraswati Vidya
Mandir School, Vesu Char Rasta, Udhana Magdalla Road, Vesu Â€“ 395007,Surat (Guj)",21.149324,72.773134,Type-II AC,7.4,7.4,1
Reliance BP,Private,Gujarat,Jamnagar,Jamnagar,"Sh 6, Reliance Greens Motikhavdi, Gujarat 361142 Gujarat 361142",22.3904,69.865183,CCS-II,60.0,60,1
Reliance BP,Private,Gujarat,Jamnagar,Jamnagar,"Sh 6, Reliance Greens Motikhavdi, Gujarat 361142 Gujarat 361142",22.3904,69.865183,Type-II AC,7.5,7.5,1
Reliance BP,Private,Gujarat,Gandhinagar,Gandhinagar,"Sy No 159/1,And New Survey No 273 Nh - 48, Dhanap, Gandhinagar, Gujarat,382355",23.28382,72.761544,CCS-II,60.0,60,1
Reliance BP,Private,Gujarat,Ahmedabad,Ahmedabad,"The Agora Mall, Sp Ring Road At Â€“ Sugad, Ta Â€“ Gandhinagar,",23.118029,72.624511,CCS-II,60.0,60,1
Reliance BP,Private,Gujarat,Sabar Kantha,Himmatnagar,"The Goodway Hotel, Nh 48, Karanpur, Himatnagar, Gujarat, 383030",23.598574,73.073081,CCS-II,60.0,60,1
Reliance BP,Private,Gujarat,Vadodara,Vadodara,"The Hotel Navijivan, At − Vadava Nh−48 Ta − Karjan Dist − Vadodara − Gujarat 391244",22.008802,73.113217,CCS-II,60.0,60,1
Reliance BP,Private,Gujarat,Ahmedabad,Ahmedabad,"Ved Arcade Mall, Opposite Vastral Lake 200 Ft, Sadar Patel Ring Road, Vastral,",23.000559,72.665816,CCS-II,60.0,60,1
Reliance BP,Private,Gujarat,Ahmedabad,Ahmedabad,"Ved Arcade Mall, Opposite Vastral Lake 200 Ft, Sadar Patel Ring Road, Vastral,",23.000559,72.665816,Type-II AC,7.5,7.5,1
Reliance BP,Private,Gujarat,Ahmedabad,Ahmedabad,"Venus Amadeus  Jodhpur Cross Road,Ahmedabad Ahmedabad - 380015",23.02496,72.52712,CCS-II,60.0,60,1
Reliance BP,Private,Gujarat,Ahmedabad,Ahmedabad,"Venus Amadeus  Jodhpur Cross Road,Ahmedabad Ahmedabad - 380015",23.02496,72.52712,Type-II AC,7.4,7.4,1
Reliance BP,Private,Gujarat,Ahmedabad,Ahmedabad,"Venus Stratum, Jhansi Ki Rani, Surendra Mangaldas Road, Satellite Rd, Nehru Nagar, Ahmedabad, Gujarat - 380015",23.021854,72.537925,CCS-II,60.0,60,1
Reliance BP,Private,Gujarat,Ahmedabad,Ahmedabad,"Venus Stratum, Jhansi Ki Rani, Surendra Mangaldas Road, Satellite Rd, Nehru Nagar, Ahmedabad, Gujarat - 380015",23.021854,72.537925,Type-II AC,7.4,7.4,1
Reliance BP,Private,Gujarat,Ahmedabad,Ahmedabad,"Venus Stratum, Jhansi Ki Rani, Surendra Mangaldas Road, Satellite Rd, Nehru Nagar, Ahmedabad, Gujarat - 380015",23.021854,72.537925,LEV AC Charge point,3.3,3.3,1
Sharify,Private,Gujarat,Ahmedabad,Ahmedabad,1/2 Swiss Plaza Ambawadi Ahmedabad Gujarat  380006,23.01145,72.523888,Type-II AC,7.4,7.4,1
Sharify,Private,Gujarat,Ahmedabad,Ahmedabad,1/2 Swiss Plaza Ambawadi Ahmedabad Gujarat  380006,23.01145,72.523888,LEV AC Charge point,3.3,3.3,1
Sharify,Private,Gujarat,Ahmedabad,Ahmedabad,"4,Vraj Vihar -6 B/H, Prernatirth Derasar Rd Rahul Tower Ahmedabad Gujarat 380015",23.0158,72.517799,Type-II AC,7.4,7.4,1
Sharify,Private,Gujarat,Kachchh,Mundra,Adani House Adani Mundra Port Mundra Gujarat  370421,22.774733,69.683014,Type-II AC,7.4,7.4,1
Sharify,Private,Gujarat,Surat,Surat City,"Ckpcet, Near Malvan Mandir Via Magdalla Port Dumas Rd Surat Gujarat 395007",21.132,72.718102,Type-II AC,7.4,7.4,1
Sharify,Private,Gujarat,Surat,Surat City,"Ckpcet, Near Malvan Mandir Via Magdalla Port Dumas Rd Surat Gujarat 395007",21.132,72.718102,LEV AC Charge point,3.3,3.3,1
Sharify,Private,Gujarat,Junagadh,Malia,"Halvad Highway, Near Petrol Pump Malia Malia Gujarat  363670",23.0753,70.801903,CCS-II,30.0,30,1
Sharify,Private,Gujarat,Ahmedabad,Ahmedabad,Narayan Nagar Society Narayan Nagar Ahmedabad Gujarat  380007,22.998899,72.559402,Type-II AC,7.4,7.4,1
Sharify,Private,Gujarat,Rajkot,Rajkot,"National Highway 27 (8B), Opp. 80 Ft. Road End, Opp. K.S. Diesels, Rajkot-360 003 Nh27 Rajkot Gujarat  363621",22.473,70.894997,Type-II AC,7.4,7.4,1
Sharify,Private,Gujarat,Anand,Anand,"National Highway 48 Gallops Food Chikhodra, Crossing, Rajodpura Anand Gujarat  388320",22.559,72.985497,CCS-II,30.0,30,1
Sharify,Private,Gujarat,Anand,Anand,"National Highway 48 Gallops Food Chikhodra, Crossing, Rajodpura Anand Gujarat  388320",22.559,72.985497,Type-II AC,7.4,7.4,1
Sharify,Private,Gujarat,Anand,Anand,"National Highway 48 Gallops Food Chikhodra, Crossing, Rajodpura Anand Gujarat  388320",22.559,72.985497,LEV AC Charge point,3.3,3.3,1
Sharify,Private,Gujarat,Ahmedabad,Ahmedabad,"Near Panchvati Cross Road, Off C.G Road  Ambawadi Ahmedabad Gujarat 380056",23.0242,72.556999,Type-II AC,22.0,22,1
Sharify,Private,Gujarat,Surat,Kosamba,"Nh8, Mahuvej Road Kosamba Kosamba Gujarat  394405",21.46681,72.996643,CCS-II,30.0,30,1
Sharify,Private,Gujarat,Vadodara,Dabhoi,Opposite Essar Petrol Pump Limpura Dabhoi Tilkwada Road Dabhoi Gujarat 391120,22.031601,73.503601,CCS-II,60.0,60,1
Sharify,Private,Gujarat,Vadodara,Vadodara,Sai Vihar Abbas Tyabji Road Vadodara Gujarat  390008,22.321301,73.188103,LEV AC Charge point,3.3,3.3,1
Sharify,Private,Gujarat,Kachchh,Mundra,Samudra Adani Mundra Port Mundra Gujarat  370421,22.798443,69.710136,Type-II AC,7.4,7.4,1
Sharify,Private,Gujarat,Kachchh,Mundra,Shantivan Colony Adani Mundra Port Mundra Gujarat  370421,22.852297,69.687119,Type-II AC,7.4,7.4,1
Sharify,Private,Gujarat,Ahmedabad,Ahmedabad,"Shott, Sindhu Bhavan Marg, Opposite Saket-3 Next To Sankalp Square, Prl Colony Thaltej Ahmedabad Gujarat  380058",23.0436,72.482498,CCS-II,60.0,60,1
Sharify,Private,Gujarat,Surendranagar,Dhrangadhra,Sir Jadeja Fmf Kutch Highway Dhrangadhra Gujarat  363310,23.000528,71.415489,CCS-II,30.0,30,1
Sharify,Private,Gujarat,Vadodara,Karjan,"Sr Charging Stations Pvt. Ltd C/O Hotel Le Nandini Village Bharthana Bharuch No 8  National Highway, Karjan Karjan Gujarat  391240",22.02454,73.117668,CCS-II,30.0,30,1
Sharify,Private,Gujarat,Kachchh,Gandhidham,"Survey No. 68, 1, Airport Rd Galpadar Gandhidham Gujarat  370201",23.0863,70.106201,Type-II AC,22.0,22,1
Sharify,Private,Gujarat,Surendranagar,Limbdi,"Vastadi, Sayla Limbdi Highway, National Highway 8A Navi Morwad Limbdi Gujarat  363435",22.548679,71.588737,CCS-II,30.0,30,1
Surat Municipal Corporatio n,Govt.,Gujarat,Surat,Surat City,"Adajan Sports Complex, Opp. Atman Park, Near L.P. Savani Road, Adajan",21.195998,72.787808,Combo (CCS-II + CHAdeMo + Type II),122.0,50+50+22,3
Surat Municipal Corporatio n,Govt.,Gujarat,Surat,Surat City,"Althan BRTS Bus Depo,Althan",21.148937,72.808707,Combo (CCS-II + CHAdeMo + Type II),122.0,50+50+22,3
Surat Municipal Corporatio n,Govt.,Gujarat,Surat,Surat City,"Below Anu-Vrat Dwar Fly-Over Bridge, Udhana Magdalla Road",21.159934,72.796685,Combo (CCS-II + CHAdeMo + Type II),122.0,50+50+22,3
Surat Municipal Corporatio n,Govt.,Gujarat,Surat,Surat City,"Below Fly Over Bridge,Opp. Nana Varachha Health Center, Nana Varachha",21.226234,72.889654,Combo (CCS-II + CHAdeMo + Type II),122.0,50+50+22,3
Surat Municipal Corporatio n,Govt.,Gujarat,Surat,Surat City,"Below Parley Point Bridge, Surat Dumas Road",21.174802,72.794563,Combo (CCS-II + CHAdeMo + Type II),122.0,50+50+22,3
Surat Municipal Corporatio n,Govt.,Gujarat,Surat,Surat City,"Below Star Bazar Bridge, Surat Hazira Road, Adajan",21.18641,72.793724,Combo (CCS-II + CHAdeMo + Type II),122.0,50+50+22,3
Surat Municipal Corporatio n,Govt.,Gujarat,Surat,Surat City,"Central Zone Fly-Over Bridge,Millennium Market Pay & Use Toilet , Pillar No. 35, Ring Road",21.188767,72.840551,Combo (CCS-II + CHAdeMo + Type II),122.0,50+50+22,3
Surat Municipal Corporatio n,Govt.,Gujarat,Surat,Surat City,"Dream City Parking Area, Diamond Bourse, Khajod",21.110307,72.797131,Combo (CCS-II + CHAdeMo + Type II),122.0,50+50+22,3
Surat Municipal Corporatio n,Govt.,Gujarat,Surat,Surat City,Jahangirpura Community Hall Parking Area,21.229537,72.790013,Combo (CCS-II + CHAdeMo + Type II),122.0,50+50+22,3
Surat Municipal Corporatio n,Govt.,Gujarat,Surat,Surat City,"Jyotindra Dave Udhyan,Opp. Jogani Nagar, Honey Park Road,Adajan",21.202926,72.791407,Combo (CCS-II + CHAdeMo + Type II),122.0,50+50+22,3
Surat Municipal Corporatio n,Govt.,Gujarat,Surat,Surat City,"Kansanagar Sports Ground, Near Katargam Lake Garden,Katargam",21.227545,72.837285,Combo (CCS-II + CHAdeMo + Type II),122.0,50+50+22,3
Surat Municipal Corporatio n,Govt.,Gujarat,Surat,Surat City,"Katargam Community Hall, Vastadevi Road, Katargam",21.21715,72.834451,Combo (CCS-II + CHAdeMo + Type II),122.0,50+50+22,3
Surat Municipal Corporatio n,Govt.,Gujarat,Surat,Surat City,"Muli-Level Parking, Behind Millenium Textile Market, Umarwada",21.188157,72.843975,Combo (CCS-II + CHAdeMo + Type II),122.0,50+50+22,3
Surat Municipal Corporatio n,Govt.,Gujarat,Surat,Surat City,"Multilevel Parking Beside Sardar Smruti Bhavan, Varachha",21.213454,72.850707,Combo (CCS-II + CHAdeMo + Type II),122.0,50+50+22,3
Surat Municipal Corporatio n,Govt.,Gujarat,Surat,Surat City,"Open Plot At  T.P. 3, F.P. 76, Near Valentine Theatre, Near Sai Mandir, Opp. Central Mall, Dumas Road",21.154171,72.763613,Combo (CCS-II + CHAdeMo + Type II),122.0,50+50+22,3
Surat Municipal Corporatio n,Govt.,Gujarat,Surat,Surat City,"Open Plot at TP 28, R-14, Near Lalbhai Contractor Stadium",21.153539,72.769029,Combo (CCS-II + CHAdeMo + Type II),122.0,50+50+22,3
Surat Municipal Corporatio n,Govt.,Gujarat,Surat,Surat City,"Open Plot At Tp- 58, Fp -201 Near D -Mart, Pandesara",21.148862,72.816132,Combo (CCS-II + CHAdeMo + Type II),122.0,50+50+22,3
Surat Municipal Corporatio n,Govt.,Gujarat,Surat,Surat City,"Open Plot Beside Gopi-Talav Multi Level Parking, Navsari Bazar",21.190002,72.827912,Combo (CCS-II + CHAdeMo + Type II),122.0,50+50+22,3
Surat Municipal Corporatio n,Govt.,Gujarat,Surat,Surat City,"Open Plot Beside Palanpore Brts Bus Depot, Palanpore",21.206089,72.773898,Combo (CCS-II + CHAdeMo + Type II),122.0,50+50+22,3
Surat Municipal Corporatio n,Govt.,Gujarat,Surat,Surat City,"Open plot beside Rajhans Montessa,dumas road",21.135383,72.749996,Combo (CCS-II + CHAdeMo + Type II),122.0,50+50+22,3
Surat Municipal Corporatio n,Govt.,Gujarat,Surat,Surat City,"Open Plot Near Causeway, Katargam",21.220258,72.807234,Combo (CCS-II + CHAdeMo + Type II),122.0,50+50+22,3
Surat Municipal Corporatio n,Govt.,Gujarat,Surat,Surat City,"Open Plot Near School No. 81, Una Pani Road, Lal Darwaja",21.205683,72.835822,Combo (CCS-II + CHAdeMo + Type II),122.0,50+50+22,3
Surat Municipal Corporatio n,Govt.,Gujarat,Surat,Surat City,"Parking Area Of Night Food Plaza,Behind Lake View Garden,Piplod",21.163531,72.781095,Combo (CCS-II + CHAdeMo + Type II),122.0,50+50+22,3
Surat Municipal Corporatio n,Govt.,Gujarat,Surat,Surat City,"Sanjeevkumar Auditorium,Behind Rajhans Cinema ,Pal",21.18581,72.784725,Combo (CCS-II + CHAdeMo + Type II),122.0,50+50+22,3
Surat Municipal Corporatio n,Govt.,Gujarat,Surat,Surat City,"Sarthana Nature Park,Nr-Sarthana Jakat Naka, Surat Kamrej Road",21.230115,72.898626,Combo (CCS-II + CHAdeMo + Type II),122.0,50+50+22,3
Surat Municipal Corporatio n,Govt.,Gujarat,Surat,Surat City,"Shayama Prasad Mukhrji Community Hall, Parvat Patiya",21.196169,72.860704,Combo (CCS-II + CHAdeMo + Type II),122.0,50+50+22,3
Surat Municipal Corporatio n,Govt.,Gujarat,Surat,Surat City,"Smc Health Club,Ved Road",21.2211,72.822063,Combo (CCS-II + CHAdeMo + Type II),122.0,50+50+22,3
Surat Municipal Corporatio n,Govt.,Gujarat,Surat,Surat City,"South East Zone Office, Smc, Model Town Road, Dumbhal",21.183735,72.86,Combo (CCS-II + CHAdeMo + Type II),122.0,50+50+22,3
Surat Municipal Corporatio n,Govt.,Gujarat,Surat,Surat City,"Vesu Fire Station, Vip Road, Vesu",21.141956,72.781617,Combo (CCS-II + CHAdeMo + Type II),122.0,50+50+22,3
